-- phpMyAdmin SQL Dump
-- version 5.2.1
-- https://www.phpmyadmin.net/
--
-- Хост: 127.0.0.1
-- Время создания: Май 06 2026 г., 22:25
-- Версия сервера: 10.4.32-MariaDB
-- Версия PHP: 8.2.12

SET SQL_MODE = "NO_AUTO_VALUE_ON_ZERO";
START TRANSACTION;
SET time_zone = "+00:00";


/*!40101 SET @OLD_CHARACTER_SET_CLIENT=@@CHARACTER_SET_CLIENT */;
/*!40101 SET @OLD_CHARACTER_SET_RESULTS=@@CHARACTER_SET_RESULTS */;
/*!40101 SET @OLD_COLLATION_CONNECTION=@@COLLATION_CONNECTION */;
/*!40101 SET NAMES utf8mb4 */;

--
-- База данных: `diplom_foodhub`
--

-- --------------------------------------------------------

--
-- Структура таблицы `admin_logs`
--

CREATE TABLE `admin_logs` (
  `id` bigint(20) UNSIGNED NOT NULL,
  `admin_id` bigint(20) UNSIGNED NOT NULL,
  `action` varchar(180) NOT NULL,
  `entity_type` varchar(80) NOT NULL,
  `entity_id` bigint(20) DEFAULT NULL,
  `created_at` datetime NOT NULL
) ENGINE=InnoDB DEFAULT CHARSET=utf8mb4 COLLATE=utf8mb4_unicode_ci;

--
-- Дамп данных таблицы `admin_logs`
--

INSERT INTO `admin_logs` (`id`, `admin_id`, `action`, `entity_type`, `entity_id`, `created_at`) VALUES
(3, 1, 'create', 'restaurant', 19, '2026-04-28 08:32:55'),
(4, 1, 'toggle_active', 'restaurant', 19, '2026-04-28 08:33:15'),
(5, 1, 'update', 'restaurant', 19, '2026-04-28 08:33:23'),
(6, 1, 'create', 'restaurant_category', 7, '2026-04-28 08:35:45'),
(7, 1, 'update', 'restaurant_category', 7, '2026-04-28 08:36:23'),
(8, 1, 'create', 'menu_item', 1423, '2026-04-28 08:38:47'),
(9, 1, 'update', 'menu_item', 1423, '2026-04-28 08:39:24'),
(10, 1, 'update', 'menu_item', 1423, '2026-04-28 08:39:39'),
(11, 1, 'update', 'user', 4, '2026-04-28 08:40:05'),
(12, 1, 'update', 'user', 3, '2026-04-28 08:42:10'),
(13, 1, 'update', 'user', 4, '2026-04-28 08:42:13'),
(14, 1, 'update', 'user', 1, '2026-04-28 08:42:45'),
(15, 1, 'update', 'user', 3, '2026-04-28 08:43:38'),
(16, 1, 'update', 'menu_item', 857, '2026-05-01 09:19:11'),
(17, 1, 'update', 'menu_item', 855, '2026-05-01 10:15:09'),
(18, 1, 'update', 'menu_item', 853, '2026-05-01 10:16:50'),
(19, 1, 'update', 'menu_item', 858, '2026-05-01 11:55:24'),
(20, 1, 'update', 'menu_item', 858, '2026-05-01 11:57:31'),
(21, 1, 'update', 'menu_item', 856, '2026-05-01 11:58:31'),
(22, 1, 'update', 'menu_item', 854, '2026-05-01 11:58:48'),
(23, 1, 'update', 'menu_item', 854, '2026-05-01 11:59:38'),
(24, 1, 'update', 'menu_item', 864, '2026-05-01 12:00:09'),
(25, 1, 'update', 'menu_item', 864, '2026-05-01 12:01:58'),
(26, 1, 'update', 'menu_item', 860, '2026-05-01 12:04:50'),
(27, 1, 'update', 'menu_item', 859, '2026-05-01 14:44:54'),
(28, 1, 'update', 'menu_item', 861, '2026-05-01 14:46:34'),
(29, 1, 'update', 'menu_item', 863, '2026-05-01 14:51:20'),
(30, 1, 'update', 'menu_item', 863, '2026-05-01 14:52:05'),
(31, 1, 'update', 'menu_item', 862, '2026-05-01 14:54:13'),
(32, 1, 'update', 'menu_item', 865, '2026-05-01 14:55:46'),
(33, 1, 'update', 'menu_item', 870, '2026-05-01 14:57:11'),
(34, 1, 'update', 'menu_item', 869, '2026-05-01 14:59:46'),
(35, 1, 'update', 'menu_item', 870, '2026-05-01 15:00:35'),
(36, 1, 'update', 'menu_item', 865, '2026-05-01 15:01:27'),
(37, 1, 'update', 'menu_item', 864, '2026-05-01 15:04:11'),
(38, 1, 'update', 'menu_item', 864, '2026-05-01 15:04:54'),
(39, 1, 'update', 'menu_item', 855, '2026-05-01 15:16:44'),
(40, 1, 'update', 'menu_item', 853, '2026-05-01 15:17:20'),
(41, 1, 'update', 'menu_item', 858, '2026-05-01 15:21:35'),
(42, 1, 'update', 'menu_item', 855, '2026-05-01 15:22:40'),
(43, 1, 'update', 'menu_item', 860, '2026-05-02 09:30:36'),
(44, 1, 'update', 'menu_item', 855, '2026-05-02 09:30:56'),
(45, 1, 'update', 'menu_item', 875, '2026-05-02 09:43:00'),
(46, 1, 'update', 'menu_item', 878, '2026-05-02 09:47:59'),
(47, 1, 'update', 'menu_item', 881, '2026-05-02 09:50:50'),
(48, 1, 'update', 'menu_item', 880, '2026-05-02 09:51:23'),
(49, 1, 'update', 'menu_item', 877, '2026-05-02 09:53:28'),
(50, 1, 'update', 'menu_item', 887, '2026-05-02 10:03:31'),
(51, 1, 'update', 'menu_item', 888, '2026-05-02 10:05:27'),
(52, 1, 'update', 'menu_item', 884, '2026-05-02 10:06:15'),
(53, 1, 'update', 'menu_item', 886, '2026-05-02 10:07:01'),
(54, 1, 'update', 'menu_item', 886, '2026-05-02 10:08:17'),
(55, 1, 'update', 'menu_item', 885, '2026-05-02 10:08:31'),
(56, 1, 'update', 'menu_item', 884, '2026-05-02 10:08:47'),
(57, 1, 'update', 'menu_item', 883, '2026-05-02 10:08:54'),
(58, 1, 'update', 'menu_item', 883, '2026-05-02 10:09:13'),
(59, 1, 'auto_attach_images', 'menu_item', NULL, '2026-05-02 10:09:49'),
(60, 1, 'update', 'menu_item', 879, '2026-05-02 10:12:28'),
(61, 1, 'update', 'menu_item', 876, '2026-05-02 10:12:48'),
(62, 1, 'auto_attach_images', 'menu_item', NULL, '2026-05-02 10:14:02'),
(63, 1, 'update', 'menu_item', 885, '2026-05-02 10:14:21'),
(64, 1, 'auto_attach_images', 'menu_item', NULL, '2026-05-02 11:04:19'),
(65, 1, 'update', 'menu_item', 822, '2026-05-02 11:06:58'),
(66, 1, 'update', 'menu_item', 828, '2026-05-02 11:12:24'),
(67, 1, 'update', 'menu_item', 827, '2026-05-02 11:12:56'),
(68, 1, 'update', 'menu_item', 821, '2026-05-02 11:16:12'),
(69, 1, 'update', 'menu_item', 837, '2026-05-02 11:20:07'),
(70, 1, 'update', 'menu_item', 836, '2026-05-02 11:20:53'),
(71, 1, 'update', 'menu_item', 840, '2026-05-02 11:22:17'),
(72, 1, 'update', 'menu_item', 837, '2026-05-02 11:22:33'),
(73, 1, 'update', 'menu_item', 836, '2026-05-02 11:22:43'),
(74, 1, 'update', 'menu_item', 846, '2026-05-02 11:26:07'),
(75, 1, 'update', 'menu_item', 845, '2026-05-02 11:27:24'),
(76, 1, 'update', 'menu_item', 843, '2026-05-02 11:28:20'),
(77, 1, 'update', 'menu_item', 844, '2026-05-02 11:29:15'),
(78, 1, 'update', 'menu_item', 842, '2026-05-02 11:30:27'),
(79, 1, 'update', 'menu_item', 841, '2026-05-02 11:31:48'),
(80, 1, 'update', 'menu_item', 852, '2026-05-02 11:34:12'),
(81, 1, 'update', 'menu_item', 851, '2026-05-02 11:36:11'),
(82, 1, 'update', 'menu_item', 850, '2026-05-02 11:36:27'),
(83, 1, 'update', 'menu_item', 849, '2026-05-02 11:37:11'),
(84, 1, 'update', 'menu_item', 848, '2026-05-02 11:37:45'),
(85, 1, 'auto_attach_images', 'menu_item', NULL, '2026-05-02 11:37:56'),
(86, 1, 'update', 'menu_item', 908, '2026-05-02 13:22:09'),
(87, 1, 'update', 'menu_item', 909, '2026-05-02 13:23:26'),
(88, 1, 'update', 'menu_item', 911, '2026-05-02 13:25:46'),
(89, 1, 'update', 'menu_item', 908, '2026-05-02 13:27:27'),
(90, 1, 'auto_attach_images', 'menu_item', NULL, '2026-05-02 13:31:04'),
(91, 1, 'update', 'menu_item', 898, '2026-05-02 13:32:48'),
(92, 1, 'update', 'menu_item', 895, '2026-05-02 13:33:03'),
(93, 1, 'update', 'menu_item', 899, '2026-05-02 13:33:23'),
(94, 1, 'update', 'menu_item', 897, '2026-05-02 13:33:34'),
(95, 1, 'update', 'menu_item', 910, '2026-05-02 13:34:14'),
(96, 1, 'update', 'menu_item', 907, '2026-05-02 13:34:28'),
(97, 1, 'update', 'menu_item', 916, '2026-05-02 13:35:07'),
(98, 1, 'auto_attach_images', 'menu_item', NULL, '2026-05-02 14:54:26'),
(99, 1, 'update', 'menu_item', 1034, '2026-05-02 16:11:03'),
(100, 1, 'update', 'menu_item', 1044, '2026-05-02 16:11:18'),
(101, 1, 'update', 'menu_item', 1050, '2026-05-02 16:11:42'),
(102, 1, 'update', 'menu_item', 1047, '2026-05-02 16:11:53'),
(103, 1, 'update', 'menu_item', 1049, '2026-05-02 16:12:04'),
(104, 1, 'update', 'menu_item', 1048, '2026-05-02 16:12:15'),
(105, 1, 'update', 'menu_item', 1049, '2026-05-02 16:12:32'),
(106, 1, 'update', 'menu_item', 1045, '2026-05-02 16:12:48'),
(107, 1, 'auto_attach_images', 'menu_item', NULL, '2026-05-02 16:45:22'),
(108, 1, 'auto_attach_images', 'menu_item', NULL, '2026-05-02 17:06:22'),
(109, 1, 'update', 'menu_item', 1071, '2026-05-02 17:07:00'),
(110, 1, 'auto_attach_images', 'menu_item', NULL, '2026-05-02 17:53:25'),
(111, 1, 'auto_attach_images', 'menu_item', NULL, '2026-05-02 17:56:39'),
(112, 1, 'auto_attach_images', 'menu_item', NULL, '2026-05-02 17:57:01'),
(113, 1, 'auto_attach_images', 'menu_item', NULL, '2026-05-02 20:48:48'),
(114, 1, 'auto_attach_images', 'menu_item', NULL, '2026-05-02 20:51:27'),
(115, 1, 'auto_attach_images', 'menu_item', NULL, '2026-05-02 23:08:36'),
(116, 1, 'auto_attach_images', 'menu_item', NULL, '2026-05-03 09:14:05'),
(117, 1, 'auto_attach_images', 'menu_item', NULL, '2026-05-03 09:14:44'),
(118, 1, 'auto_attach_images', 'menu_item', NULL, '2026-05-03 09:15:06'),
(119, 1, 'auto_attach_images', 'menu_item', NULL, '2026-05-03 09:39:22'),
(120, 1, 'auto_attach_images', 'menu_item', NULL, '2026-05-03 10:03:54'),
(121, 1, 'auto_attach_images', 'menu_item', NULL, '2026-05-03 10:59:51'),
(122, 1, 'auto_attach_images', 'menu_item', NULL, '2026-05-03 11:34:42'),
(123, 1, 'auto_attach_images', 'menu_item', NULL, '2026-05-03 12:13:15'),
(124, 1, 'auto_attach_images', 'menu_item', NULL, '2026-05-03 12:49:19'),
(125, 1, 'update', 'menu_item', 1290, '2026-05-03 13:05:44'),
(126, 1, 'auto_attach_images', 'menu_item', NULL, '2026-05-03 13:09:17'),
(127, 1, 'auto_attach_images', 'menu_item', NULL, '2026-05-03 13:10:25'),
(128, 1, 'auto_attach_images', 'menu_item', NULL, '2026-05-03 13:10:50'),
(129, 1, 'update', 'menu_item', 1274, '2026-05-03 13:11:15'),
(130, 1, 'update', 'menu_item', 1273, '2026-05-03 13:11:27'),
(131, 1, 'update', 'menu_item', 1282, '2026-05-03 13:11:48'),
(132, 1, 'update', 'menu_item', 1279, '2026-05-03 13:12:12'),
(133, 1, 'auto_attach_images', 'menu_item', NULL, '2026-05-03 13:14:41'),
(134, 1, 'auto_attach_images', 'menu_item', NULL, '2026-05-03 13:15:03'),
(135, 1, 'auto_attach_images', 'menu_item', NULL, '2026-05-03 14:46:01'),
(136, 1, 'update', 'menu_item', 1212, '2026-05-03 14:46:17'),
(137, 1, 'update', 'menu_item', 1210, '2026-05-03 14:46:38'),
(138, 1, 'update', 'menu_item', 1207, '2026-05-03 14:46:55'),
(139, 1, 'update', 'menu_item', 1223, '2026-05-03 14:47:31'),
(140, 1, 'update', 'menu_item', 1221, '2026-05-03 14:47:42');

-- --------------------------------------------------------

--
-- Структура таблицы `carts`
--

CREATE TABLE `carts` (
  `id` bigint(20) UNSIGNED NOT NULL,
  `user_id` bigint(20) UNSIGNED NOT NULL,
  `restaurant_id` bigint(20) UNSIGNED NOT NULL,
  `status` enum('active','converted','abandoned') NOT NULL DEFAULT 'active',
  `active_marker` tinyint(4) GENERATED ALWAYS AS (case when `status` = 'active' then 1 else NULL end) STORED,
  `created_at` datetime NOT NULL,
  `updated_at` datetime NOT NULL
) ENGINE=InnoDB DEFAULT CHARSET=utf8mb4 COLLATE=utf8mb4_unicode_ci;

--
-- Дамп данных таблицы `carts`
--

INSERT INTO `carts` (`id`, `user_id`, `restaurant_id`, `status`, `created_at`, `updated_at`) VALUES
(4, 1, 17, 'abandoned', '2026-04-22 14:32:54', '2026-04-29 21:39:38'),
(5, 3, 17, 'abandoned', '2026-04-23 09:23:59', '2026-04-23 09:24:20'),
(6, 3, 17, 'abandoned', '2026-04-23 11:19:11', '2026-04-23 11:19:21'),
(7, 3, 17, 'abandoned', '2026-04-23 11:50:54', '2026-04-23 12:05:36'),
(8, 3, 2, 'abandoned', '2026-04-23 12:02:25', '2026-04-23 12:05:36'),
(9, 3, 12, 'abandoned', '2026-04-23 12:02:30', '2026-04-23 12:05:36'),
(10, 3, 3, 'abandoned', '2026-04-23 12:02:36', '2026-04-23 12:05:35'),
(11, 3, 16, 'abandoned', '2026-04-23 12:02:46', '2026-04-23 12:05:35'),
(12, 3, 4, 'abandoned', '2026-04-23 12:03:37', '2026-04-23 12:05:35'),
(13, 3, 1, 'abandoned', '2026-04-23 12:03:52', '2026-04-23 12:05:35'),
(14, 3, 13, 'abandoned', '2026-04-23 12:04:07', '2026-04-23 12:05:34'),
(15, 3, 4, 'abandoned', '2026-04-23 12:05:42', '2026-04-23 12:20:25'),
(16, 3, 17, 'abandoned', '2026-04-23 12:06:06', '2026-04-23 12:08:49'),
(17, 3, 8, 'abandoned', '2026-04-23 12:20:22', '2026-04-23 12:20:24'),
(18, 3, 8, 'abandoned', '2026-04-23 12:20:26', '2026-04-24 08:29:03'),
(19, 3, 4, 'abandoned', '2026-04-23 12:44:23', '2026-04-23 12:44:25'),
(20, 3, 17, 'abandoned', '2026-04-23 12:46:09', '2026-04-23 12:58:01'),
(21, 3, 4, 'abandoned', '2026-04-23 13:08:42', '2026-04-23 16:05:45'),
(22, 3, 17, 'converted', '2026-04-24 08:28:38', '2026-04-24 08:29:22'),
(23, 3, 11, 'converted', '2026-04-24 08:52:43', '2026-04-24 08:52:51'),
(24, 3, 1, 'converted', '2026-04-24 08:59:00', '2026-04-24 08:59:04'),
(25, 3, 16, 'converted', '2026-04-24 09:13:56', '2026-04-24 09:14:21'),
(26, 3, 11, 'converted', '2026-04-24 10:07:58', '2026-04-24 10:08:01'),
(27, 3, 11, 'converted', '2026-04-24 11:23:58', '2026-04-24 11:24:07'),
(28, 3, 17, 'abandoned', '2026-04-25 13:08:46', '2026-04-25 13:08:49'),
(29, 4, 17, 'abandoned', '2026-04-25 14:37:36', '2026-04-26 08:38:11'),
(30, 4, 13, 'abandoned', '2026-04-26 08:38:07', '2026-05-06 21:48:30'),
(31, 3, 17, 'abandoned', '2026-04-28 08:41:39', '2026-04-28 08:41:45'),
(32, 1, 1, 'abandoned', '2026-04-29 21:39:36', '2026-05-02 10:14:34'),
(33, 1, 2, 'abandoned', '2026-05-02 10:14:31', '2026-05-03 11:35:00'),
(34, 1, 7, 'abandoned', '2026-05-02 15:37:20', '2026-05-03 11:34:58'),
(35, 1, 15, 'abandoned', '2026-05-03 11:34:54', '2026-05-03 11:34:57'),
(36, 1, 5, 'active', '2026-05-06 14:44:03', '2026-05-06 14:45:03'),
(37, 1, 10, 'active', '2026-05-06 14:45:48', '2026-05-06 14:46:09'),
(38, 4, 10, 'abandoned', '2026-05-06 21:10:57', '2026-05-06 21:48:29');

-- --------------------------------------------------------

--
-- Структура таблицы `cart_items`
--

CREATE TABLE `cart_items` (
  `id` bigint(20) UNSIGNED NOT NULL,
  `cart_id` bigint(20) UNSIGNED NOT NULL,
  `menu_item_id` bigint(20) UNSIGNED NOT NULL,
  `quantity` int(10) UNSIGNED NOT NULL,
  `price` decimal(10,2) NOT NULL
) ENGINE=InnoDB DEFAULT CHARSET=utf8mb4 COLLATE=utf8mb4_unicode_ci;

--
-- Дамп данных таблицы `cart_items`
--

INSERT INTO `cart_items` (`id`, `cart_id`, `menu_item_id`, `quantity`, `price`) VALUES
(7, 4, 1236, 4, 660.00),
(8, 4, 1238, 1, 520.00),
(10, 6, 1233, 1, 330.00),
(11, 6, 1234, 1, 350.00),
(12, 7, 1231, 2, 300.00),
(13, 7, 1235, 1, 390.00),
(14, 8, 856, 1, 290.00),
(15, 8, 854, 1, 370.00),
(16, 9, 1187, 1, 370.00),
(17, 9, 1188, 1, 750.00),
(18, 10, 894, 1, 460.00),
(19, 10, 892, 1, 610.00),
(20, 11, 1207, 1, 310.00),
(21, 11, 1212, 1, 380.00),
(22, 11, 1209, 2, 240.00),
(23, 12, 929, 1, 960.00),
(24, 13, 821, 1, 510.00),
(25, 13, 822, 1, 330.00),
(26, 14, 1301, 1, 290.00),
(27, 15, 929, 1, 960.00),
(30, 17, 1066, 1, 910.00),
(31, 18, 1067, 1, 1090.00),
(32, 18, 1064, 1, 590.00),
(33, 19, 929, 1, 960.00),
(34, 20, 1231, 2, 300.00),
(35, 20, 1235, 1, 390.00),
(39, 21, 925, 27, 810.00),
(40, 21, 940, 1, 2200.00),
(42, 21, 942, 1, 2540.00),
(43, 21, 935, 1, 880.00),
(44, 22, 1231, 1, 300.00),
(45, 22, 1234, 1, 350.00),
(46, 22, 1264, 1, 230.00),
(47, 23, 1163, 1, 540.00),
(48, 23, 1164, 1, 480.00),
(49, 23, 1162, 1, 210.00),
(50, 24, 817, 1, 340.00),
(51, 25, 1210, 1, 320.00),
(52, 25, 1207, 1, 310.00),
(53, 25, 1212, 1, 380.00),
(54, 25, 1208, 1, 240.00),
(55, 25, 1209, 1, 240.00),
(56, 25, 1211, 1, 450.00),
(57, 25, 1218, 1, 440.00),
(58, 25, 1217, 1, 260.00),
(59, 25, 1216, 1, 450.00),
(60, 25, 1214, 1, 480.00),
(61, 26, 1164, 1, 480.00),
(62, 27, 1179, 1, 710.00),
(63, 28, 1231, 1, 300.00),
(64, 28, 1235, 1, 390.00),
(66, 29, 1238, 1, 520.00),
(67, 29, 1242, 1, 210.00),
(68, 30, 1302, 2, 450.00),
(69, 31, 1231, 1, 300.00),
(70, 32, 817, 7, 340.00),
(71, 32, 822, 1, 330.00),
(72, 32, 821, 14, 510.00),
(73, 32, 819, 3, 590.00),
(77, 34, 1038, 1, 890.00),
(78, 35, 1390, 1, 410.00),
(79, 36, 965, 1, 740.00),
(80, 36, 966, 1, 290.00),
(81, 36, 964, 1, 250.00),
(82, 36, 975, 1, 260.00),
(83, 37, 1140, 1, 630.00),
(84, 37, 1136, 1, 370.00),
(85, 37, 1137, 1, 580.00),
(86, 38, 1140, 4, 630.00),
(87, 38, 1139, 1, 280.00),
(88, 38, 1137, 1, 580.00),
(89, 38, 1138, 1, 230.00);

-- --------------------------------------------------------

--
-- Структура таблицы `email_verification_codes`
--

CREATE TABLE `email_verification_codes` (
  `id` bigint(20) UNSIGNED NOT NULL,
  `user_id` bigint(20) UNSIGNED NOT NULL,
  `email` varchar(190) NOT NULL,
  `code` varchar(12) NOT NULL,
  `expires_at` datetime NOT NULL,
  `verified_at` datetime DEFAULT NULL,
  `created_at` datetime NOT NULL
) ENGINE=InnoDB DEFAULT CHARSET=utf8mb4 COLLATE=utf8mb4_unicode_ci;

--
-- Дамп данных таблицы `email_verification_codes`
--

INSERT INTO `email_verification_codes` (`id`, `user_id`, `email`, `code`, `expires_at`, `verified_at`, `created_at`) VALUES
(1, 4, 'it@gmail.com', '616109', '2026-04-25 13:38:01', NULL, '2026-04-25 13:23:01'),
(2, 4, 'it@gmail.com', '613132', '2026-04-25 13:38:17', '2026-04-25 13:23:29', '2026-04-25 13:23:17'),
(3, 5, 'gay@gmail.com', '394865', '2026-05-06 16:35:05', NULL, '2026-05-06 16:20:05'),
(4, 5, 'gay@gmail.com', '389582', '2026-05-06 16:39:56', NULL, '2026-05-06 16:24:56'),
(5, 5, 'gay@gmail.com', '696404', '2026-05-06 16:44:56', NULL, '2026-05-06 16:29:56'),
(6, 5, 'gay@gmail.com', '590234', '2026-05-06 17:00:56', '2026-05-06 16:48:58', '2026-05-06 16:45:56');

-- --------------------------------------------------------

--
-- Структура таблицы `favorites`
--

CREATE TABLE `favorites` (
  `id` bigint(20) UNSIGNED NOT NULL,
  `user_id` bigint(20) UNSIGNED NOT NULL,
  `restaurant_id` bigint(20) UNSIGNED NOT NULL,
  `created_at` datetime NOT NULL
) ENGINE=InnoDB DEFAULT CHARSET=utf8mb4 COLLATE=utf8mb4_unicode_ci;

--
-- Дамп данных таблицы `favorites`
--

INSERT INTO `favorites` (`id`, `user_id`, `restaurant_id`, `created_at`) VALUES
(5, 4, 17, '2026-04-25 14:37:35'),
(14, 3, 4, '2026-05-06 16:05:16');

-- --------------------------------------------------------

--
-- Структура таблицы `menu_categories`
--

CREATE TABLE `menu_categories` (
  `id` bigint(20) UNSIGNED NOT NULL,
  `restaurant_id` bigint(20) UNSIGNED NOT NULL,
  `name` varchar(120) NOT NULL,
  `sort_order` int(11) NOT NULL DEFAULT 0,
  `is_active` tinyint(1) NOT NULL DEFAULT 1,
  `created_at` datetime NOT NULL,
  `updated_at` datetime NOT NULL
) ENGINE=InnoDB DEFAULT CHARSET=utf8mb4 COLLATE=utf8mb4_unicode_ci;

--
-- Дамп данных таблицы `menu_categories`
--

INSERT INTO `menu_categories` (`id`, `restaurant_id`, `name`, `sort_order`, `is_active`, `created_at`, `updated_at`) VALUES
(120, 1, 'Бургеры', 10, 1, '2026-04-22 14:25:45', '2026-04-22 14:25:45'),
(121, 1, 'Комбо', 20, 1, '2026-04-22 14:25:45', '2026-04-22 14:25:45'),
(122, 1, 'Снеки', 30, 1, '2026-04-22 14:25:45', '2026-04-22 14:25:45'),
(123, 1, 'Напитки', 40, 1, '2026-04-22 14:25:45', '2026-04-22 14:25:45'),
(124, 1, 'Десерты', 50, 1, '2026-04-22 14:25:45', '2026-04-22 14:25:45'),
(125, 1, 'Соусы', 60, 1, '2026-04-22 14:25:45', '2026-04-22 14:25:45'),
(126, 2, 'Бургеры', 10, 1, '2026-04-22 14:25:45', '2026-04-22 14:25:45'),
(127, 2, 'Комбо', 20, 1, '2026-04-22 14:25:45', '2026-04-22 14:25:45'),
(128, 2, 'Снеки', 30, 1, '2026-04-22 14:25:45', '2026-04-22 14:25:45'),
(129, 2, 'Роллы', 40, 1, '2026-04-22 14:25:45', '2026-04-22 14:25:45'),
(130, 2, 'Напитки', 50, 1, '2026-04-22 14:25:45', '2026-04-22 14:25:45'),
(131, 2, 'Соусы', 60, 1, '2026-04-22 14:25:45', '2026-04-22 14:25:45'),
(132, 3, 'Бургеры', 10, 1, '2026-04-22 14:25:45', '2026-04-22 14:25:45'),
(133, 3, 'Роллы', 20, 1, '2026-04-22 14:25:45', '2026-04-22 14:25:45'),
(134, 3, 'Баскеты', 30, 1, '2026-04-22 14:25:45', '2026-04-22 14:25:45'),
(135, 3, 'Снэки', 40, 1, '2026-04-22 14:25:45', '2026-04-22 14:25:45'),
(136, 3, 'Напитки', 50, 1, '2026-04-22 14:25:45', '2026-04-22 14:25:45'),
(137, 3, 'Соусы', 60, 1, '2026-04-22 14:25:45', '2026-04-22 14:25:45'),
(138, 4, 'Роллы', 10, 1, '2026-04-22 14:25:45', '2026-04-22 14:25:45'),
(139, 4, 'Суши', 20, 1, '2026-04-22 14:25:45', '2026-04-22 14:25:45'),
(140, 4, 'Сеты', 30, 1, '2026-04-22 14:25:45', '2026-04-22 14:25:45'),
(141, 4, 'Супы', 40, 1, '2026-04-22 14:25:45', '2026-04-22 14:25:45'),
(142, 4, 'Закуски', 50, 1, '2026-04-22 14:25:45', '2026-04-22 14:25:45'),
(143, 4, 'Напитки', 60, 1, '2026-04-22 14:25:45', '2026-04-22 14:25:45'),
(144, 5, 'Роллы', 10, 1, '2026-04-22 14:25:45', '2026-04-22 14:25:45'),
(145, 5, 'Запеченные роллы', 20, 1, '2026-04-22 14:25:45', '2026-04-22 14:25:45'),
(146, 5, 'Сеты', 30, 1, '2026-04-22 14:25:45', '2026-04-22 14:25:45'),
(147, 5, 'Онигири', 40, 1, '2026-04-22 14:25:45', '2026-04-22 14:25:45'),
(148, 5, 'Суши', 50, 1, '2026-04-22 14:25:45', '2026-04-22 14:25:45'),
(149, 5, 'Напитки', 60, 1, '2026-04-22 14:25:45', '2026-04-22 14:25:45'),
(150, 6, 'Роллы', 10, 1, '2026-04-22 14:25:45', '2026-04-22 14:25:45'),
(151, 6, 'Суши', 20, 1, '2026-04-22 14:25:45', '2026-04-22 14:25:45'),
(152, 6, 'Сеты', 30, 1, '2026-04-22 14:25:45', '2026-04-22 14:25:45'),
(153, 6, 'Супы', 40, 1, '2026-04-22 14:25:45', '2026-04-22 14:25:45'),
(154, 6, 'Горячее', 50, 1, '2026-04-22 14:25:45', '2026-04-22 14:25:45'),
(155, 6, 'Соусы', 60, 1, '2026-04-22 14:25:45', '2026-04-22 14:25:45'),
(156, 7, 'Пицца', 10, 1, '2026-04-22 14:25:45', '2026-04-22 14:25:45'),
(157, 7, 'Закуски', 20, 1, '2026-04-22 14:25:45', '2026-04-22 14:25:45'),
(158, 7, 'Додстеры', 30, 1, '2026-04-22 14:25:45', '2026-04-22 14:25:45'),
(159, 7, 'Десерты', 40, 1, '2026-04-22 14:25:45', '2026-04-22 14:25:45'),
(160, 7, 'Напитки', 50, 1, '2026-04-22 14:25:45', '2026-04-22 14:25:45'),
(161, 8, 'Пицца', 10, 1, '2026-04-22 14:25:45', '2026-04-22 14:25:45'),
(162, 8, 'Закуски', 20, 1, '2026-04-22 14:25:45', '2026-04-22 14:25:45'),
(163, 8, 'Сэндвичи', 30, 1, '2026-04-22 14:25:45', '2026-04-22 14:25:45'),
(164, 8, 'Напитки', 40, 1, '2026-04-22 14:25:45', '2026-04-22 14:25:45'),
(165, 8, 'Соусы', 50, 1, '2026-04-22 14:25:45', '2026-04-22 14:25:45'),
(166, 8, 'Скрытая категория', 60, 0, '2026-04-22 14:25:45', '2026-04-22 14:25:45'),
(167, 9, 'Пицца', 10, 1, '2026-04-22 14:25:45', '2026-04-22 14:25:45'),
(168, 9, 'Закуски', 30, 1, '2026-04-22 14:25:45', '2026-04-22 14:25:45'),
(169, 9, 'Римская пицца', 20, 1, '2026-04-22 14:25:45', '2026-04-22 14:25:45'),
(170, 9, 'Десерты', 40, 1, '2026-04-22 14:25:45', '2026-04-22 14:25:45'),
(171, 9, 'Напитки', 50, 1, '2026-04-22 14:25:45', '2026-04-22 14:25:45'),
(172, 9, 'Соусы', 60, 1, '2026-04-22 14:25:45', '2026-04-22 14:25:45'),
(173, 10, 'Трайфлы', 10, 1, '2026-04-22 14:25:45', '2026-04-22 14:25:45'),
(174, 10, 'Десерты в шоколаде', 20, 1, '2026-04-22 14:25:45', '2026-04-22 14:25:45'),
(175, 10, 'Эклеры', 30, 1, '2026-04-22 14:25:45', '2026-04-22 14:25:45'),
(176, 10, 'Торты', 40, 1, '2026-04-22 14:25:45', '2026-04-22 14:25:45'),
(177, 11, 'Десерты', 10, 1, '2026-04-22 14:25:45', '2026-04-22 14:25:45'),
(178, 11, 'Круассаны', 20, 1, '2026-04-22 14:25:45', '2026-04-22 14:25:45'),
(179, 11, 'Завтраки', 30, 1, '2026-04-22 14:25:45', '2026-04-22 14:25:45'),
(180, 11, 'Сэндвичи', 40, 1, '2026-04-22 14:25:45', '2026-04-22 14:25:45'),
(181, 12, 'Торты', 10, 1, '2026-04-22 14:25:45', '2026-04-22 14:25:45'),
(182, 12, 'Эклеры', 20, 1, '2026-04-22 14:25:45', '2026-04-22 14:25:45'),
(183, 12, 'Десерты', 30, 1, '2026-04-22 14:25:45', '2026-04-22 14:25:45'),
(184, 12, 'Десерты', 40, 0, '2026-04-22 14:25:45', '2026-04-22 14:25:45'),
(185, 16, 'Закуски', 10, 1, '2026-04-22 14:25:45', '2026-04-22 14:25:45'),
(186, 16, 'Супы', 20, 1, '2026-04-22 14:25:45', '2026-04-22 14:25:45'),
(187, 16, 'Горячее', 30, 1, '2026-04-22 14:25:45', '2026-04-22 14:25:45'),
(188, 16, 'Десерты', 40, 1, '2026-04-22 14:25:45', '2026-04-22 14:25:45'),
(189, 17, 'Завтраки', 10, 1, '2026-04-22 14:25:45', '2026-04-22 14:25:45'),
(190, 17, 'Салаты', 20, 1, '2026-04-22 14:25:45', '2026-04-22 14:25:45'),
(191, 17, 'Супы', 30, 1, '2026-04-22 14:25:45', '2026-04-22 14:25:45'),
(192, 17, 'Горячее', 40, 1, '2026-04-22 14:25:45', '2026-04-22 14:25:45'),
(193, 17, 'Десерты', 50, 1, '2026-04-22 14:25:45', '2026-04-22 14:25:45'),
(194, 17, 'Напитки', 60, 1, '2026-04-22 14:25:45', '2026-04-22 14:25:45'),
(195, 18, 'Блины сытные', 10, 1, '2026-04-22 14:25:45', '2026-04-22 14:25:45'),
(196, 18, 'Блины сладкие', 40, 1, '2026-04-22 14:25:45', '2026-04-22 14:25:45'),
(197, 18, 'Супы', 30, 1, '2026-04-22 14:25:45', '2026-04-22 14:25:45'),
(198, 18, 'Вторые блюда', 20, 1, '2026-04-22 14:25:45', '2026-04-22 14:25:45'),
(199, 18, 'Напитки', 50, 1, '2026-04-22 14:25:45', '2026-04-22 14:25:45'),
(200, 13, 'Закуски', 10, 1, '2026-04-22 14:25:45', '2026-04-22 14:25:45'),
(201, 13, 'Салаты', 20, 1, '2026-04-22 14:25:45', '2026-04-22 14:25:45'),
(202, 13, 'Напитки', 70, 1, '2026-04-22 14:25:45', '2026-04-22 14:25:45'),
(203, 13, 'Паста', 30, 1, '2026-04-22 14:25:45', '2026-04-22 14:25:45'),
(204, 13, 'Пицца', 40, 1, '2026-04-22 14:25:45', '2026-04-22 14:25:45'),
(205, 13, 'Горячее', 50, 1, '2026-04-22 14:25:45', '2026-04-22 14:25:45'),
(206, 13, 'Десерты', 60, 1, '2026-04-22 14:25:45', '2026-04-22 14:25:45'),
(207, 14, 'Пиццетта', 10, 1, '2026-04-22 14:25:45', '2026-04-22 14:25:45'),
(208, 14, 'Салаты', 20, 0, '2026-04-22 14:25:45', '2026-04-22 14:25:45'),
(209, 14, 'Супы', 40, 1, '2026-04-22 14:25:45', '2026-04-22 14:25:45'),
(210, 14, 'Паста', 30, 1, '2026-04-22 14:25:45', '2026-04-22 14:25:45'),
(211, 14, 'Пицца', 20, 1, '2026-04-22 14:25:45', '2026-04-22 14:25:45'),
(212, 14, 'Горячее', 60, 0, '2026-04-22 14:25:45', '2026-04-22 14:25:45'),
(213, 14, 'Десерты', 50, 1, '2026-04-22 14:25:45', '2026-04-22 14:25:45'),
(214, 15, 'Закуски', 20, 1, '2026-04-22 14:25:45', '2026-04-22 14:25:45'),
(215, 15, 'Салаты', 40, 1, '2026-04-22 14:25:45', '2026-04-22 14:25:45'),
(216, 15, 'Супы', 30, 0, '2026-04-22 14:25:45', '2026-04-22 14:25:45'),
(217, 15, 'Паста и ризотто', 30, 1, '2026-04-22 14:25:45', '2026-04-22 14:25:45'),
(218, 15, 'Неаполитана', 10, 1, '2026-04-22 14:25:45', '2026-04-22 14:25:45'),
(219, 15, 'Горячее', 60, 0, '2026-04-22 14:25:45', '2026-04-22 14:25:45'),
(220, 15, 'Десерты', 70, 0, '2026-04-22 14:25:45', '2026-04-22 14:25:45'),
(221, 16, 'Напитки', 50, 1, '0000-00-00 00:00:00', '0000-00-00 00:00:00');

-- --------------------------------------------------------

--
-- Структура таблицы `menu_items`
--

CREATE TABLE `menu_items` (
  `id` bigint(20) UNSIGNED NOT NULL,
  `restaurant_id` bigint(20) UNSIGNED NOT NULL,
  `category_id` bigint(20) UNSIGNED NOT NULL,
  `name` varchar(170) NOT NULL,
  `description` text DEFAULT NULL,
  `price` decimal(10,2) NOT NULL,
  `weight` varchar(60) DEFAULT NULL,
  `image` varchar(255) DEFAULT NULL,
  `is_available` tinyint(1) NOT NULL DEFAULT 1,
  `is_popular` tinyint(1) NOT NULL DEFAULT 0,
  `is_new` tinyint(1) NOT NULL DEFAULT 0,
  `created_at` datetime NOT NULL,
  `updated_at` datetime NOT NULL
) ENGINE=InnoDB DEFAULT CHARSET=utf8mb4 COLLATE=utf8mb4_unicode_ci;

--
-- Дамп данных таблицы `menu_items`
--

INSERT INTO `menu_items` (`id`, `restaurant_id`, `category_id`, `name`, `description`, `price`, `weight`, `image`, `is_available`, `is_popular`, `is_new`, `created_at`, `updated_at`) VALUES
(817, 1, 120, 'Биг Спешиал', 'Сочный бургер с говяжьей котлетой, овощами и фирменным соусом', 340.00, '253 г', '/uploads/menu/vkusno-i-tochka/dish-817.png', 1, 1, 0, '2026-04-22 14:25:45', '2026-05-02 13:59:24'),
(818, 1, 120, 'Биг Хит', 'Бургер с двумя котлетами, сыром и насыщенным мясным вкусом', 580.00, '251 г', '/uploads/menu/vkusno-i-tochka/dish-818.png', 1, 0, 0, '2026-04-22 14:25:45', '2026-05-02 13:59:24'),
(819, 1, 120, 'Гранд', 'Большой бургер с котлетой, сыром и свежими овощами', 590.00, '346 г', '/uploads/menu/vkusno-i-tochka/dish-819.jpeg', 1, 0, 0, '2026-04-22 14:25:45', '2026-05-02 13:59:24'),
(820, 1, 120, 'Фиш Бургер', 'Бургер с нежной рыбной котлетой и соусом', 540.00, '254 г', '/uploads/menu/vkusno-i-tochka/dish-820.jpeg', 1, 0, 0, '2026-04-22 14:25:45', '2026-05-02 13:59:24'),
(821, 1, 120, 'Атлантик Бургер', 'Бургер с рыбой и сливочным соусом', 510.00, '262 г', '/uploads/menu/vkusno-i-tochka/dish-821.jpeg', 1, 0, 1, '2026-04-22 14:25:45', '2026-05-02 13:59:24'),
(822, 1, 120, 'Чизбургер', 'Классический бургер с говядиной и сыром', 121.00, '117 г', '/uploads/menu/vkusno-i-tochka/dish-822.jpeg', 1, 0, 0, '2026-04-22 14:25:45', '2026-05-02 13:59:24'),
(823, 1, 121, 'Биг Спешиал Комбо', 'Бургер с картофелем фри и напитком', 940.00, '896 г', '/uploads/menu/vkusno-i-tochka/dish-823.jpeg', 1, 0, 0, '2026-04-22 14:25:45', '2026-05-02 13:59:24'),
(824, 1, 121, 'Биг Хит Комбо', 'Бургер с двумя котлетами, картофель и напиток', 520.00, '692 г', '/uploads/menu/vkusno-i-tochka/dish-824.jpeg', 1, 0, 0, '2026-04-22 14:25:45', '2026-05-02 13:59:24'),
(825, 1, 121, 'Гранд Комбо', 'Большой бургер с гарниром и напитком', 840.00, '641 г', '/uploads/menu/vkusno-i-tochka/dish-825.jpeg', 1, 0, 0, '2026-04-22 14:25:45', '2026-05-02 13:59:24'),
(826, 1, 121, 'Двойной Биг Хит Комбо', 'Увеличенный бургер с двойным мясом, картофель и напиток', 630.00, '764 г', '/uploads/menu/vkusno-i-tochka/dish-826.jpeg', 1, 0, 0, '2026-04-22 14:25:45', '2026-05-02 13:59:24'),
(827, 1, 121, 'Комбо Юрия Стоянова', 'Фирменный набор с бургером, картофелем и напитком', 539.00, '370 г', '/uploads/menu/vkusno-i-tochka/dish-827.jpeg', 1, 0, 1, '2026-04-22 14:25:45', '2026-05-02 13:59:24'),
(828, 1, 121, 'Комбо Олеси Иванченко', 'Специальный набор с бургером, гарниром и напитком', 539.00, '370 г', '/uploads/menu/vkusno-i-tochka/dish-828.jpeg', 1, 0, 1, '2026-04-22 14:25:45', '2026-05-02 13:59:24'),
(829, 1, 122, 'Картофель фри', 'Хрустящий картофель с золотистой корочкой', 150.00, '343 г', '/uploads/menu/vkusno-i-tochka/dish-829.jpeg', 1, 0, 0, '2026-04-22 14:25:45', '2026-05-02 13:59:24'),
(830, 1, 122, 'Картофель по-деревенски', 'Картофельные дольки со специями', 310.00, '288 г', '/uploads/menu/vkusno-i-tochka/dish-830.jpeg', 1, 0, 0, '2026-04-22 14:25:45', '2026-05-02 13:59:24'),
(831, 1, 122, 'Наггетсы', 'Кусочки куриного филе в панировке', 410.00, '140 г', '/uploads/menu/vkusno-i-tochka/dish-831.jpeg', 1, 0, 0, '2026-04-22 14:25:45', '2026-05-02 13:59:24'),
(832, 1, 122, 'Стрипсы', 'Сочное куриное филе в хрустящей панировке', 480.00, '159 г', '/uploads/menu/vkusno-i-tochka/dish-832.jpeg', 1, 1, 0, '2026-04-22 14:25:45', '2026-05-02 13:59:24'),
(833, 1, 122, 'Рыбные палочки', 'Нежная рыба в хрустящей оболочке', 370.00, '350 г', '/uploads/menu/vkusno-i-tochka/dish-833.jpeg', 1, 0, 0, '2026-04-22 14:25:45', '2026-05-02 13:59:24'),
(834, 1, 122, 'Салат Цезарь', 'Салат с курицей, сыром и соусом Цезарь', 240.00, '178 г', '/uploads/menu/vkusno-i-tochka/dish-834.jpeg', 1, 1, 1, '2026-04-22 14:25:45', '2026-05-02 13:59:24'),
(835, 1, 123, 'Кола', 'Газированный напиток с классическим вкусом', 290.00, '338 мл', '/uploads/menu/vkusno-i-tochka/dish-835.jpeg', 1, 0, 0, '2026-04-22 14:25:45', '2026-05-02 13:59:24'),
(836, 1, 123, 'Добрый Апельсин', 'Сладкий напиток с апельсиновым вкусом', 189.00, '500 мл', '/uploads/menu/vkusno-i-tochka/dish-836.jpeg', 1, 0, 0, '2026-04-22 14:25:45', '2026-05-02 13:59:24'),
(837, 1, 123, 'Добрый Лимон-Лайм', 'Освежающий цитрусовый напиток', 189.00, '500 мл', '/uploads/menu/vkusno-i-tochka/dish-837.jpeg', 1, 0, 0, '2026-04-22 14:25:45', '2026-05-02 13:59:24'),
(838, 1, 123, 'Капучино', 'Кофе с молочной пеной', 180.00, '295 мл', '/uploads/menu/vkusno-i-tochka/dish-838.png', 1, 0, 0, '2026-04-22 14:25:45', '2026-05-02 13:59:24'),
(839, 1, 123, 'Латте', 'Мягкий кофе с молоком', 290.00, '359 мл', '/uploads/menu/vkusno-i-tochka/dish-839.png', 1, 0, 0, '2026-04-22 14:25:45', '2026-05-02 13:59:24'),
(840, 1, 123, 'Чай Липтон Лимонный', 'Холодный чай с лимоном', 189.00, '500 мл', '/uploads/menu/vkusno-i-tochka/dish-840.jpeg', 1, 0, 0, '2026-04-22 14:25:45', '2026-05-02 13:59:24'),
(841, 1, 124, 'Айс Де Люкс Клубника', 'Мороженое с клубничным сиропом', 177.00, '203 г', '/uploads/menu/vkusno-i-tochka/dish-841.png', 1, 0, 0, '2026-04-22 14:25:45', '2026-05-02 13:59:24'),
(842, 1, 124, 'Айс Де Люкс Карамель', 'Мороженое с карамельным соусом', 177.00, '203 г', '/uploads/menu/vkusno-i-tochka/dish-842.png', 1, 0, 0, '2026-04-22 14:25:45', '2026-05-02 13:59:24'),
(843, 1, 124, 'Пирожок Вишневый', 'Хрустящий пирожок с вишневой начинкой', 101.00, '80 г', '/uploads/menu/vkusno-i-tochka/dish-843.jpeg', 1, 1, 0, '2026-04-22 14:25:45', '2026-05-02 13:59:24'),
(844, 1, 124, 'Айс Де Люкс Шоколад', 'Мороженое с шоколадным топпингом', 177.00, '201 г', '/uploads/menu/vkusno-i-tochka/dish-844.png', 1, 0, 0, '2026-04-22 14:25:45', '2026-05-02 13:59:24'),
(845, 1, 124, 'Пирожок Клубника со сливками', 'Десерт с ягодной начинкой и кремом', 111.00, '80 г', '/uploads/menu/vkusno-i-tochka/dish-845.jpeg', 1, 0, 1, '2026-04-22 14:25:45', '2026-05-02 13:59:24'),
(846, 1, 124, 'Малиновый мусс', 'Воздушный десерт с малиновым вкусом', 220.00, '100 г', '/uploads/menu/vkusno-i-tochka/dish-846.png', 1, 0, 0, '2026-04-22 14:25:45', '2026-05-02 13:59:24'),
(847, 1, 125, 'Кетчуп', 'Классический томатный соус', 70.00, '34 г', '/uploads/menu/vkusno-i-tochka/dish-847.jpeg', 1, 1, 0, '2026-04-22 14:25:45', '2026-05-02 13:59:24'),
(848, 1, 125, 'Сырный', 'Нежный соус с сырным вкусом', 69.00, '25 г', '/uploads/menu/vkusno-i-tochka/dish-848.jpeg', 1, 0, 0, '2026-04-22 14:25:45', '2026-05-02 13:59:24'),
(849, 1, 125, 'Барбекю', 'Густой соус с дымным сладким вкусом', 69.00, '25 г', '/uploads/menu/vkusno-i-tochka/dish-849.jpeg', 1, 0, 0, '2026-04-22 14:25:45', '2026-05-02 13:59:24'),
(850, 1, 125, 'Горчичный', 'Острый соус с горчичной ноткой', 69.00, '25 г', '/uploads/menu/vkusno-i-tochka/dish-850.jpeg', 1, 0, 0, '2026-04-22 14:25:45', '2026-05-02 13:59:24'),
(851, 1, 125, 'Соус Кисло-сладкий', 'Сочетание сладости и легкой кислинки', 69.00, '25 г', '/uploads/menu/vkusno-i-tochka/dish-851.png', 1, 0, 0, '2026-04-22 14:25:45', '2026-05-02 13:59:24'),
(852, 1, 125, 'Соус 1000 островов', 'Сливочный соус с овощными нотками', 69.00, '25 г', '/uploads/menu/vkusno-i-tochka/dish-852.jpeg', 1, 0, 0, '2026-04-22 14:25:45', '2026-05-02 13:59:24'),
(853, 2, 126, 'Воппер', 'Классический бургер с говяжьей котлетой на гриле, овощами и фирменным соусом.', 350.00, '342 г', '/uploads/menu/burger-king/dish-853.png', 1, 1, 0, '2026-04-22 14:25:45', '2026-05-02 13:59:24'),
(854, 2, 126, 'Двойной Воппер', 'Увеличенная версия Воппера с двумя котлетами и насыщенным вкусом.', 370.00, '396 г', '/uploads/menu/burger-king/dish-854.jpg', 1, 0, 0, '2026-04-22 14:25:46', '2026-05-02 13:59:24'),
(855, 2, 126, 'Биг Кинг Новый', 'Бургер с двумя котлетами, сыром, соусом и мягкой булочкой.', 259.00, '201 г', '/uploads/menu/burger-king/dish-855.png', 1, 0, 1, '2026-04-22 14:25:46', '2026-05-02 13:59:24'),
(856, 2, 126, 'Беконайзер', 'Бургер с говядиной, беконом, сыром и соусом барбекю.', 290.00, '249 г', '/uploads/menu/burger-king/dish-856.png', 1, 0, 0, '2026-04-22 14:25:46', '2026-05-02 13:59:24'),
(857, 2, 126, 'Чеддер Кинг', 'Сочная котлета с расплавленным сыром чеддер и фирменным соусом.', 530.00, '198 г', '/uploads/menu/burger-king/dish-857.jpg', 1, 0, 1, '2026-04-22 14:25:46', '2026-05-02 13:59:24'),
(858, 2, 126, 'Ангус бургер', 'Премиальный бургер с говядиной ангус и насыщенным вкусом мяса.', 420.00, '420 г', '/uploads/menu/burger-king/dish-858.jpg', 1, 0, 0, '2026-04-22 14:25:46', '2026-05-02 13:59:24'),
(859, 2, 127, 'Воппер Комбо', 'Бургер Воппер с картофелем фри и напитком.', 640.00, '570 г', '/uploads/menu/burger-king/dish-859.png', 1, 0, 0, '2026-04-22 14:25:46', '2026-05-02 13:59:24'),
(860, 2, 127, 'Биг Кинг Комбо', 'Бургер Биг Кинг, картофель и напиток.', 770.00, '539 г', '/uploads/menu/burger-king/dish-860.png', 1, 1, 0, '2026-04-22 14:25:46', '2026-05-02 13:59:24'),
(861, 2, 127, 'Чикен Комбо', 'Куриный бургер с гарниром и напитком.', 930.00, '817 г', '/uploads/menu/burger-king/dish-861.png', 1, 0, 0, '2026-04-22 14:25:46', '2026-05-02 13:59:24'),
(862, 2, 127, 'Фиш Бургер Комбо', 'Рыбный бургер с картофелем и напитком.', 534.00, '292 г', '/uploads/menu/burger-king/dish-862.png', 1, 0, 0, '2026-04-22 14:25:46', '2026-05-02 13:59:24'),
(863, 2, 127, 'Воппер Ролл Комбо', 'Ролл с говядиной, картофель и напиток.', 589.00, '318 г', '/uploads/menu/burger-king/dish-863.png', 1, 0, 0, '2026-04-22 14:25:46', '2026-05-02 13:59:24'),
(864, 2, 127, 'Джуниор Комбо', 'Компактный набор с бургером, картофелем и напитком.', 510.00, '551 г', '/uploads/menu/burger-king/dish-864.jpg', 1, 1, 0, '2026-04-22 14:25:46', '2026-05-02 13:59:24'),
(865, 2, 128, 'Картофель фри', 'Хрустящие картофельные палочки с золотистой корочкой.', 179.00, '100 г', '/uploads/menu/burger-king/dish-865.png', 1, 1, 0, '2026-04-22 14:25:46', '2026-05-02 13:59:24'),
(866, 2, 128, 'Наггетсы', 'Кусочки куриного филе в панировке.', 510.00, '279 г', '/uploads/menu/burger-king/dish-866.jpeg', 1, 0, 0, '2026-04-22 14:25:46', '2026-05-02 13:59:24'),
(867, 2, 128, 'Крылышки', 'Острые куриные крылья с хрустящей корочкой.', 260.00, '255 г', '/uploads/menu/burger-king/dish-867.jpeg', 1, 0, 0, '2026-04-22 14:25:46', '2026-05-02 13:59:24'),
(868, 2, 128, 'Луковые кольца', 'Жареные кольца лука в кляре.', 420.00, '309 г', '/uploads/menu/burger-king/dish-868.jpeg', 1, 0, 0, '2026-04-22 14:25:46', '2026-05-02 13:59:24'),
(869, 2, 128, 'Креветки', 'Обжаренные креветки в панировке.', 719.00, '96 г', '/uploads/menu/burger-king/dish-869.jpg', 1, 0, 0, '2026-04-22 14:25:46', '2026-05-02 13:59:24'),
(870, 2, 128, 'Сырные Медальоны', 'Расплавленный сыр в хрустящей оболочке.', 254.00, '72 г', '/uploads/menu/burger-king/dish-870.jpg', 1, 0, 0, '2026-04-22 14:25:46', '2026-05-02 13:59:24'),
(871, 2, 129, 'Цезарь ролл', 'Ролл с курицей, салатом и соусом Цезарь.', 900.00, '241 г', '/uploads/menu/burger-king/dish-871.png', 1, 0, 0, '2026-04-22 14:25:46', '2026-05-02 13:59:24'),
(872, 2, 129, 'Воппер ролл', 'Ролл с говядиной, овощами и фирменным соусом.', 520.00, '339 г', '/uploads/menu/burger-king/dish-872.png', 1, 0, 0, '2026-04-22 14:25:46', '2026-05-02 13:59:24'),
(873, 2, 129, 'Шримп ролл', 'Ролл с креветками и нежным соусом.', 770.00, '224 г', '/uploads/menu/burger-king/dish-873.png', 1, 0, 0, '2026-04-22 14:25:46', '2026-05-02 13:59:24'),
(874, 2, 129, 'Чикен ролл', 'Ролл с курицей и овощами.', 360.00, '354 г', '/uploads/menu/burger-king/dish-874.jpeg', 1, 0, 0, '2026-04-22 14:25:46', '2026-05-02 13:59:24'),
(875, 2, 129, 'Фиш Ролл', 'Ролл с рыбой и соусом тартар.', 410.00, '161 г', '/uploads/menu/burger-king/dish-875.png', 1, 0, 0, '2026-04-22 14:25:46', '2026-05-02 13:59:24'),
(876, 2, 129, 'Моцарелла ролл', 'Ролл с сыром моцарелла и соусом.', 390.00, '331 г', '/uploads/menu/burger-king/dish-876.jpg', 1, 0, 1, '2026-04-22 14:25:46', '2026-05-02 13:59:24'),
(877, 2, 130, 'Эвервесс Кола в бутылке', 'Газированный напиток с классическим вкусом колы.', 209.00, '500 мл', '/uploads/menu/burger-king/dish-877.jpeg', 1, 0, 0, '2026-04-22 14:25:46', '2026-05-02 13:59:24'),
(878, 2, 130, 'Липтон Лимон в бутылке', 'Холодный чай с освежающим лимонным вкусом.', 209.00, '500 мл', '/uploads/menu/burger-king/dish-878.jpeg', 1, 1, 0, '2026-04-22 14:25:46', '2026-05-02 13:59:24'),
(879, 2, 130, 'Фрустайл Апельсин в бутылке', 'Газированный напиток с апельсиновым вкусом.', 240.00, '500 мл', '/uploads/menu/burger-king/dish-879.jpeg', 1, 0, 0, '2026-04-22 14:25:46', '2026-05-02 13:59:24'),
(880, 2, 130, 'Сок J7 Яблочный', 'Натуральный яблочный сок с мягким вкусом.', 109.00, '200 мл', '/uploads/menu/burger-king/dish-880.jpeg', 1, 0, 0, '2026-04-22 14:25:46', '2026-05-02 13:59:24'),
(881, 2, 130, 'Сок J7 Апельсин-Мандарин', 'Цитрусовый сок с яркой кисло-сладкой ноткой.', 109.00, '200 мл', '/uploads/menu/burger-king/dish-881.png', 1, 0, 0, '2026-04-22 14:25:46', '2026-05-02 13:59:24'),
(882, 2, 130, 'Вода', 'Чистая питьевая вода без газа или с газом.', 310.00, '495 мл', '/uploads/menu/burger-king/dish-882.jpeg', 1, 0, 0, '2026-04-22 14:25:46', '2026-05-02 13:59:24'),
(883, 2, 131, 'Соус Сырный', 'Нежный сливочный соус с вкусом сыра.', 100.00, '35 г', '/uploads/menu/burger-king/dish-883.jpeg', 1, 1, 0, '2026-04-22 14:25:46', '2026-05-02 13:59:24'),
(884, 2, 131, 'Соус Барбекю', 'Густой соус с дымным сладко-пряным вкусом.', 100.00, '35 г', '/uploads/menu/burger-king/dish-884.jpeg', 1, 0, 0, '2026-04-22 14:25:46', '2026-05-02 13:59:24'),
(885, 2, 131, 'Соус Чесночный', 'Ароматный соус с ярким чесночным вкусом.', 100.00, '35 г', '/uploads/menu/burger-king/dish-885.jpeg', 1, 0, 0, '2026-04-22 14:25:46', '2026-05-02 13:59:24'),
(886, 2, 131, 'Соус Карри', 'Пряный соус с восточными специями.', 100.00, '35 г', '/uploads/menu/burger-king/dish-886.jpeg', 1, 0, 1, '2026-04-22 14:25:46', '2026-05-02 13:59:24'),
(887, 2, 131, 'Кетчуп', 'Классический томатный соус.', 100.00, '35 г', '/uploads/menu/burger-king/dish-887.jpeg', 1, 0, 0, '2026-04-22 14:25:46', '2026-05-02 13:59:24'),
(888, 2, 131, 'Соус Цезарь', 'Сливочный соус с сыром и чесноком.', 100.00, '35 г', '/uploads/menu/burger-king/dish-888.jpeg', 1, 0, 0, '2026-04-22 14:25:46', '2026-05-02 13:59:24'),
(889, 3, 132, 'Чизбургер де люкс', 'Бургер с куриным филе, сыром чеддер, свежими овощами и соусом', 380.00, '314 г', '/uploads/menu/rostics/dish-889.png', 1, 0, 0, '2026-04-22 14:25:46', '2026-05-02 13:59:24'),
(890, 3, 132, 'Маэстро Чиз Бургер классический', 'Большой бургер с курицей, сыром и фирменным соусом', 350.00, '379 г', '/uploads/menu/rostics/dish-890.png', 1, 0, 0, '2026-04-22 14:25:46', '2026-05-02 13:59:24'),
(891, 3, 132, 'Маэстро Веджи Чиз Бургер', 'Бургер с сырной котлетой, овощами и сливочным соусом', 540.00, '244 г', '/uploads/menu/rostics/dish-891.png', 1, 0, 0, '2026-04-22 14:25:46', '2026-05-02 13:59:24'),
(892, 3, 132, 'Дабл чикен оригинальный', 'Двойной бургер с куриным филе и соусом', 610.00, '196 г', '/uploads/menu/rostics/dish-892.png', 1, 0, 0, '2026-04-22 14:25:46', '2026-05-02 13:59:24'),
(893, 3, 132, 'Шефбургер де люкс оригинальный', 'Бургер с курицей, беконом, сыром и соусом Цезарь', 480.00, '251 г', '/uploads/menu/rostics/dish-893.png', 1, 1, 1, '2026-04-22 14:25:46', '2026-05-02 13:59:24'),
(894, 3, 132, 'Маэстро Бургер оригинальный', 'Бургер с куриным филе, сыром и классическим соусом', 460.00, '397 г', '/uploads/menu/rostics/dish-894.png', 1, 0, 0, '2026-04-22 14:25:46', '2026-05-02 13:59:24'),
(895, 3, 133, 'Терияки ролл с креветками', 'Ролл с креветками, овощами и соусом терияки', 390.00, '245 г', '/uploads/menu/rostics/dish-895.png', 1, 0, 0, '2026-04-22 14:25:46', '2026-05-02 13:59:24'),
(896, 3, 133, 'Ростмастер Чиз классический', 'Ролл с курицей, сыром и соусом в лепешке', 880.00, '414 г', '/uploads/menu/rostics/dish-896.png', 1, 0, 0, '2026-04-22 14:25:46', '2026-05-02 13:59:24'),
(897, 3, 133, 'Веджи Чиз ролл', 'Ролл с овощами и сырной начинкой', 930.00, '189 г', '/uploads/menu/rostics/dish-897.png', 1, 0, 0, '2026-04-22 14:25:46', '2026-05-02 13:59:24'),
(898, 3, 133, 'Азия ролл с курицей', 'Ролл с курицей и азиатским соусом', 480.00, '289 г', '/uploads/menu/rostics/dish-898.png', 1, 0, 1, '2026-04-22 14:25:46', '2026-05-02 13:59:24'),
(899, 3, 133, 'Азия ролл с креветками', 'Ролл с креветками и овощами в азиатском стиле', 820.00, '227 г', '/uploads/menu/rostics/dish-899.png', 1, 0, 1, '2026-04-22 14:25:46', '2026-05-02 13:59:24'),
(900, 3, 133, 'Мега ролл оригинальный', 'Большой ролл с курицей, овощами и соусом', 990.00, '417 г', '/uploads/menu/rostics/dish-900.png', 1, 0, 0, '2026-04-22 14:25:46', '2026-05-02 13:59:24'),
(901, 3, 134, 'Шеф баскет с наггетсами', 'Набор куриных наггетсов в панировке', 390.00, '377 г', '/uploads/menu/rostics/dish-901.png', 1, 0, 0, '2026-04-22 14:25:46', '2026-05-02 13:59:24'),
(902, 3, 134, 'Домашний баскет', 'Большой набор курицы для компании', 590.00, '307 г', '/uploads/menu/rostics/dish-902.png', 1, 0, 0, '2026-04-22 14:25:46', '2026-05-02 13:59:24'),
(903, 3, 134, 'Баскет 11 крыльев и наггетсов', 'Крылышки и наггетсы в одном наборе', 390.00, '374 г', '/uploads/menu/rostics/dish-903.png', 1, 0, 0, '2026-04-22 14:25:46', '2026-05-02 13:59:24'),
(904, 3, 134, 'Баскет L 24 крылышка', 'Большая порция острых куриных крыльев', 600.00, '155 г', '/uploads/menu/rostics/dish-904.png', 1, 0, 0, '2026-04-22 14:25:46', '2026-05-02 13:59:24'),
(905, 3, 134, 'Баскет S 12 крылышек', 'Средняя порция куриных крыльев', 220.00, '199 г', '/uploads/menu/rostics/dish-905.png', 1, 0, 0, '2026-04-22 14:25:46', '2026-05-02 13:59:24'),
(906, 3, 134, 'Баскет дуэт оригинальный', 'Набор из курицы и картофеля', 430.00, '347 г', '/uploads/menu/rostics/dish-906.png', 1, 0, 0, '2026-04-22 14:25:46', '2026-05-02 13:59:24'),
(907, 3, 135, 'Креветки', 'Обжаренные креветки в хрустящей панировке', 200.00, '238 г', '/uploads/menu/rostics/dish-907.png', 1, 0, 0, '2026-04-22 14:25:46', '2026-05-02 13:59:24'),
(908, 3, 135, 'Картофельные дольки Чиз Пармезан', 'Сочные ломтики картофеля, покрытые нежным соусом со вкусом сыра пармезан и ароматом жареного лука.', 257.00, '134 г', '/uploads/menu/rostics/dish-908.png', 1, 0, 1, '2026-04-22 14:25:46', '2026-05-02 13:59:24'),
(909, 3, 135, 'Картофель фри', 'Мягкий, рассыпчатый внутри и аппетитно хрустящий снаружи', 118.00, '100 г', '/uploads/menu/rostics/dish-909.png', 1, 1, 0, '2026-04-22 14:25:46', '2026-05-02 13:59:24'),
(910, 3, 135, 'Баскет картофель фри дуэт', 'Двойная порция картофеля', 440.00, '220 г', '/uploads/menu/rostics/dish-910.png', 1, 0, 0, '2026-04-22 14:25:46', '2026-05-02 13:59:24'),
(911, 3, 135, 'Сырные палочки', 'Расплавленный сыр в хрустящей панировке', 360.00, '169 г', '/uploads/menu/rostics/dish-911.png', 1, 0, 1, '2026-04-22 14:25:46', '2026-05-02 13:59:24'),
(912, 3, 135, 'Картофель по-деревенски', 'Картофельные дольки со специями', 500.00, '150 г', '/uploads/menu/rostics/dish-912.png', 1, 0, 0, '2026-04-22 14:25:46', '2026-05-02 13:59:24'),
(913, 3, 136, 'Аква Минерале без газа', 'Негазированная питьевая вода', 240.00, '487 мл', '/uploads/menu/rostics/dish-913.png', 1, 0, 0, '2026-04-22 14:25:46', '2026-05-02 13:59:24'),
(914, 3, 136, 'Аква Минерале с газом', 'Газированная вода', 150.00, '351 мл', '/uploads/menu/rostics/dish-914.png', 1, 0, 0, '2026-04-22 14:25:46', '2026-05-02 13:59:24'),
(915, 3, 136, 'Эвервесс Кола', 'Классический газированный напиток', 290.00, '492 мл', '/uploads/menu/rostics/dish-915.png', 1, 0, 0, '2026-04-22 14:25:46', '2026-05-02 13:59:24'),
(916, 3, 136, 'Чай Липтон зеленый', 'Холодный чай с освежающим вкусом', 210.00, '347 мл', '/uploads/menu/rostics/dish-916.png', 1, 0, 0, '2026-04-22 14:25:46', '2026-05-02 13:59:24'),
(917, 3, 136, 'Сок J7 яблочный', 'Натуральный фруктовый сок', 230.00, '383 мл', '/uploads/menu/rostics/dish-917.png', 1, 0, 0, '2026-04-22 14:25:46', '2026-05-02 13:59:24'),
(918, 3, 136, 'Фрустайл лимон-лайм', 'Газированный напиток с цитрусовым вкусом', 230.00, '472 мл', '/uploads/menu/rostics/dish-918.png', 1, 1, 0, '2026-04-22 14:25:46', '2026-05-02 13:59:24'),
(919, 3, 137, 'Соус сырный', 'Нежный сливочный соус с сырным вкусом', 110.00, '46 г', '/uploads/menu/rostics/dish-919.png', 1, 0, 0, '2026-04-22 14:25:46', '2026-05-02 13:59:24'),
(920, 3, 137, 'Соус чесночный', 'Ароматный соус с чесночной ноткой', 140.00, '40 г', '/uploads/menu/rostics/dish-920.png', 1, 0, 0, '2026-04-22 14:25:46', '2026-05-02 13:59:24'),
(921, 3, 137, 'Кетчуп томатный', 'Классический томатный соус', 60.00, '30 г', '/uploads/menu/rostics/dish-921.png', 1, 0, 0, '2026-04-22 14:25:46', '2026-05-02 13:59:24'),
(922, 3, 137, 'Соус кисло-сладкий чили', 'Соус с балансом сладости и остроты', 130.00, '39 г', '/uploads/menu/rostics/dish-922.png', 1, 0, 0, '2026-04-22 14:25:46', '2026-05-02 13:59:24'),
(923, 3, 137, 'Соус барбекю', 'Густой соус с дымным вкусом', 90.00, '31 г', '/uploads/menu/rostics/dish-923.png', 1, 0, 0, '2026-04-22 14:25:46', '2026-05-02 13:59:24'),
(924, 3, 137, 'Соус терияки', 'Сладко-соленый соус в азиатском стиле', 120.00, '57 г', '/uploads/menu/rostics/dish-924.png', 1, 0, 0, '2026-04-22 14:25:46', '2026-05-02 13:59:24'),
(925, 4, 138, 'Мега-ролл с лососем', 'Большой ролл с лососем, рисом и нори', 810.00, '396 г', '/uploads/menu/tanuki/dish-925.jpeg', 1, 0, 1, '2026-04-22 14:25:46', '2026-05-02 17:57:00'),
(926, 4, 138, 'Мега-ролл с креветками', 'Ролл с тигровыми креветками и сливочным сыром', 940.00, '225 г', '/uploads/menu/tanuki/dish-926.jpeg', 1, 0, 0, '2026-04-22 14:25:46', '2026-05-02 17:57:00'),
(927, 4, 138, 'Мега-ролл с индейкой', 'Ролл с мясом индейки, овощами и соусом', 630.00, '229 г', '/uploads/menu/tanuki/dish-927.jpeg', 1, 0, 0, '2026-04-22 14:25:46', '2026-05-02 17:57:00'),
(928, 4, 138, 'Ролл Филадельфия', 'Классический ролл с лососем и сливочным сыром', 760.00, '216 г', '/uploads/menu/tanuki/dish-928.jpeg', 1, 0, 0, '2026-04-22 14:25:46', '2026-05-02 17:57:00'),
(929, 4, 138, 'Ролл Калифорния', 'Ролл с крабом, огурцом и икрой тобико', 960.00, '322 г', '/uploads/menu/tanuki/dish-929.jpeg', 1, 0, 0, '2026-04-22 14:25:46', '2026-05-02 17:57:00'),
(930, 4, 138, 'Ролл Дракон', 'Ролл с угрем, авокадо и соусом унаги', 940.00, '349 г', '/uploads/menu/tanuki/dish-930.jpeg', 1, 0, 0, '2026-04-22 14:25:46', '2026-05-02 17:57:00'),
(931, 4, 139, 'Суши с лососем', 'Рис с ломтиком свежего лосося', 560.00, '363 г', '/uploads/menu/tanuki/dish-931.jpeg', 1, 0, 1, '2026-04-22 14:25:46', '2026-05-02 17:57:00'),
(932, 4, 139, 'Суши с тунцом', 'Классические суши с тунцом', 900.00, '219 г', '/uploads/menu/tanuki/dish-932.jpeg', 1, 0, 0, '2026-04-22 14:25:46', '2026-05-02 17:57:00'),
(933, 4, 139, 'Суши с угрем', 'Суши с копченым угрем и соусом', 600.00, '309 г', '/uploads/menu/tanuki/dish-933.jpeg', 1, 0, 0, '2026-04-22 14:25:46', '2026-05-02 17:57:00'),
(934, 4, 139, 'Суши с креветкой', 'Рис с вареной креветкой', 620.00, '205 г', '/uploads/menu/tanuki/dish-934.jpeg', 1, 0, 0, '2026-04-22 14:25:46', '2026-05-02 17:57:00'),
(935, 4, 139, 'Гункан тобико', 'Рис с икрой тобико в нори', 880.00, '181 г', '/uploads/menu/tanuki/dish-935.jpeg', 1, 0, 0, '2026-04-22 14:25:46', '2026-05-02 17:57:00'),
(936, 4, 139, 'Гункан краб спайси', 'Острый крабовый гункан', 870.00, '353 г', '/uploads/menu/tanuki/dish-936.jpeg', 1, 0, 0, '2026-04-22 14:25:46', '2026-05-02 17:57:00'),
(937, 4, 140, 'Хит сет', 'Набор популярных роллов с разными начинками', 1750.00, '1389 г', '/uploads/menu/tanuki/dish-937.jpeg', 1, 1, 1, '2026-04-22 14:25:46', '2026-05-02 17:57:00'),
(938, 4, 140, 'Кавай сет', 'Ассорти роллов с морепродуктами и овощами', 1560.00, '1032 г', '/uploads/menu/tanuki/dish-938.jpeg', 1, 0, 0, '2026-04-22 14:25:46', '2026-05-02 17:57:00'),
(939, 4, 140, 'Мураками сет', 'Сет с классическими и запеченными роллами', 1110.00, '653 г', '/uploads/menu/tanuki/dish-939.jpeg', 1, 0, 0, '2026-04-22 14:25:46', '2026-05-02 17:57:00'),
(940, 4, 140, 'Фудзи сет', 'Разнообразие роллов с рыбой и соусами', 2200.00, '918 г', '/uploads/menu/tanuki/dish-940.jpeg', 1, 1, 0, '2026-04-22 14:25:46', '2026-05-02 17:57:00'),
(941, 4, 140, 'Сумико сет', 'Большой набор роллов для компании', 1740.00, '1087 г', '/uploads/menu/tanuki/dish-941.jpeg', 1, 0, 0, '2026-04-22 14:25:46', '2026-05-02 17:57:00'),
(942, 4, 140, 'Тануки сет', 'Фирменный сет с различными видами роллов', 2540.00, '753 г', '/uploads/menu/tanuki/dish-942.jpeg', 1, 0, 0, '2026-04-22 14:25:46', '2026-05-02 17:57:00'),
(943, 4, 141, 'Кукси с говядиной', 'Холодный суп с лапшой и говядиной', 330.00, '394 г', '/uploads/menu/tanuki/dish-943.jpeg', 1, 0, 0, '2026-04-22 14:25:46', '2026-05-02 17:57:00'),
(944, 4, 141, 'Крем-суп из шпината с креветками', 'Нежный суп с морепродуктами', 510.00, '454 г', '/uploads/menu/tanuki/dish-944.jpeg', 1, 1, 0, '2026-04-22 14:25:46', '2026-05-02 17:57:00'),
(945, 4, 141, 'Пряный суп с вонтонами', 'Бульон с пельменями и специями', 380.00, '396 г', '/uploads/menu/tanuki/dish-945.jpeg', 1, 1, 0, '2026-04-22 14:25:46', '2026-05-02 17:57:01'),
(946, 4, 141, 'Тануки ям', 'Острый суп с морепродуктами и кокосом', 430.00, '333 г', '/uploads/menu/tanuki/dish-946.jpeg', 1, 0, 0, '2026-04-22 14:25:46', '2026-05-02 17:57:01'),
(947, 4, 141, 'Рамен с креветками', 'Японский суп с лапшой и креветками', 340.00, '308 г', '/uploads/menu/tanuki/dish-947.jpeg', 1, 0, 0, '2026-04-22 14:25:46', '2026-05-02 17:57:01'),
(948, 4, 141, 'Мисо суп', 'Традиционный японский суп с мисо пастой', 270.00, '341 г', '/uploads/menu/tanuki/dish-948.jpeg', 1, 0, 0, '2026-04-22 14:25:46', '2026-05-02 17:57:01'),
(949, 4, 142, 'Хрустящий кальмар', 'Жареный кальмар с хрустящей корочкой', 170.00, '236 г', '/uploads/menu/tanuki/dish-949.jpeg', 1, 1, 0, '2026-04-22 14:25:46', '2026-05-02 17:57:01'),
(950, 4, 142, 'Креветки васаби', 'Креветки с острым соусом васаби', 170.00, '329 г', '/uploads/menu/tanuki/dish-950.jpeg', 1, 0, 0, '2026-04-22 14:25:46', '2026-05-02 17:57:01'),
(951, 4, 142, 'Поке с лососем', 'Боул с рисом, лососем и овощами', 250.00, '293 г', '/uploads/menu/tanuki/dish-951.jpeg', 1, 0, 1, '2026-04-22 14:25:46', '2026-05-02 17:57:01'),
(952, 4, 142, 'Поке с креветками', 'Рис с креветками и свежими овощами', 300.00, '240 г', '/uploads/menu/tanuki/dish-952.jpeg', 1, 0, 0, '2026-04-22 14:25:46', '2026-05-02 17:57:01'),
(953, 4, 142, 'Гёдза с курицей', 'Жареные японские пельмени', 260.00, '259 г', '/uploads/menu/tanuki/dish-953.jpeg', 1, 1, 1, '2026-04-22 14:25:46', '2026-05-02 17:57:01'),
(954, 4, 142, 'Куриные крылышки', 'Обжаренные крылья с соусом', 380.00, '329 г', '/uploads/menu/tanuki/dish-954.jpeg', 1, 0, 0, '2026-04-22 14:25:46', '2026-05-02 17:57:01'),
(955, 4, 143, 'Лимонад Тануки булл', 'Освежающий цитрусовый лимонад', 380.00, '182 г', '/uploads/menu/tanuki/dish-955.jpeg', 1, 0, 0, '2026-04-22 14:25:46', '2026-05-02 17:57:01'),
(956, 4, 143, 'Лимонад ананас-эвкалипт', 'Напиток с тропическим вкусом', 400.00, '219 г', '/uploads/menu/tanuki/dish-956.jpeg', 1, 0, 0, '2026-04-22 14:25:46', '2026-05-02 17:57:01'),
(957, 4, 143, 'Лимонад грейпфрут', 'Цитрусовый напиток с кислинкой', 380.00, '160 г', '/uploads/menu/tanuki/dish-957.jpeg', 1, 0, 0, '2026-04-22 14:25:46', '2026-05-02 17:57:01'),
(958, 4, 143, 'Бабл-ти малина-персик', 'Сладкий чай с шариками тапиоки', 290.00, '125 г', '/uploads/menu/tanuki/dish-958.jpeg', 1, 1, 1, '2026-04-22 14:25:46', '2026-05-02 17:57:01'),
(959, 4, 143, 'Бабл-ти тайский кокос', 'Напиток на основе кокоса и молока', 510.00, '160 г', '/uploads/menu/tanuki/dish-959.jpeg', 1, 0, 0, '2026-04-22 14:25:46', '2026-05-02 17:57:01'),
(960, 4, 143, 'Яблочный фреш', 'Свежевыжатый яблочный сок', 350.00, '159 г', '/uploads/menu/tanuki/dish-960.jpeg', 1, 0, 0, '2026-04-22 14:25:46', '2026-05-02 17:57:01'),
(961, 5, 144, 'Филадельфия', 'Рис, лосось, сливочный сыр, авокадо, огурец, нори', 500.00, '284 г', '/uploads/menu/why-not-sushi/dish-961.jpeg', 1, 0, 0, '2026-04-22 14:25:46', '2026-05-02 20:51:27'),
(962, 5, 144, 'Канада', 'Угорь, лосось, сливочный сыр, огурец, соус унаги, кунжут', 290.00, '269 г', '/uploads/menu/why-not-sushi/dish-962.jpeg', 1, 1, 0, '2026-04-22 14:25:46', '2026-05-02 20:51:27'),
(963, 5, 144, 'Калифорния', 'Снежный краб, авокадо, огурец, тобико, японский майонез', 320.00, '301 г', '/uploads/menu/why-not-sushi/dish-963.jpeg', 1, 0, 0, '2026-04-22 14:25:46', '2026-05-02 20:51:27'),
(964, 5, 144, 'Калифорния с лососем', 'Вариант с добавлением лосося и икры', 250.00, '369 г', '/uploads/menu/why-not-sushi/dish-964.jpeg', 1, 0, 0, '2026-04-22 14:25:46', '2026-05-02 20:51:27'),
(965, 5, 144, 'Спайси лосось с авокадо', 'Лосось, авокадо, огурец, сливочный сыр, спайси соус', 740.00, '363 г', '/uploads/menu/why-not-sushi/dish-965.jpeg', 1, 0, 0, '2026-04-22 14:25:46', '2026-05-02 20:51:27'),
(966, 5, 144, 'Креветка темпура с лососем', 'Креветка темпура, лосось, сливочный сыр, соус унаги', 290.00, '270 г', '/uploads/menu/why-not-sushi/dish-966.jpeg', 1, 0, 0, '2026-04-22 14:25:46', '2026-05-02 20:51:27'),
(967, 5, 145, 'Креветка', 'Запеченный ролл с креветкой и сырной шапкой', 270.00, '319 г', '/uploads/menu/why-not-sushi/dish-967.jpeg', 1, 0, 0, '2026-04-22 14:25:46', '2026-05-02 20:51:27'),
(968, 5, 145, 'Лосось-креветка', 'Запеченный ролл с лососем и креветкой под сыром', 630.00, '185 г', '/uploads/menu/why-not-sushi/dish-968.jpeg', 1, 0, 0, '2026-04-22 14:25:46', '2026-05-02 20:51:27'),
(969, 5, 145, 'Угорь-снежный краб', 'Ролл с угрем и крабом, запеченный с соусом', 360.00, '379 г', '/uploads/menu/why-not-sushi/dish-969.jpeg', 1, 0, 0, '2026-04-22 14:25:46', '2026-05-02 20:51:27'),
(970, 5, 145, 'Лосось в нори', 'Ролл с лососем в нори с горячей сырной шапкой', 430.00, '179 г', '/uploads/menu/why-not-sushi/dish-970.jpeg', 1, 0, 0, '2026-04-22 14:25:46', '2026-05-02 20:51:27'),
(971, 5, 145, 'Креветка в нори', 'Запеченный ролл с креветкой', 620.00, '276 г', '/uploads/menu/why-not-sushi/dish-971.jpeg', 1, 0, 0, '2026-04-22 14:25:46', '2026-05-02 20:51:27'),
(972, 5, 145, 'Классический запеченный ролл', 'Ролл с сыром и морепродуктами под соусом', 240.00, '323 г', '/uploads/menu/salmon-bowl.svg', 0, 0, 0, '2026-04-22 14:25:46', '2026-05-02 20:14:18'),
(973, 5, 146, 'Set 1', 'Ассорти роллов: классические и запеченные', 350.00, '444 г', '/uploads/menu/why-not-sushi/dish-973.jpeg', 1, 0, 0, '2026-04-22 14:25:46', '2026-05-02 20:51:27'),
(974, 5, 146, 'Set 2', 'Калифорния, Филадельфия, роллы с угрем и запеченная креветка', 410.00, '380 г', '/uploads/menu/why-not-sushi/dish-974.jpeg', 1, 0, 0, '2026-04-22 14:25:46', '2026-05-02 20:51:27'),
(975, 5, 146, 'Set hot', 'Набор запеченных и горячих роллов', 260.00, '417 г', '/uploads/menu/why-not-sushi/dish-975.jpeg', 1, 0, 0, '2026-04-22 14:25:46', '2026-05-02 20:51:27'),
(976, 5, 146, 'Set 4', 'Разнообразный сет с роллами и соусами', 350.00, '437 г', '/uploads/menu/why-not-sushi/dish-976.jpeg', 1, 0, 0, '2026-04-22 14:25:46', '2026-05-02 20:51:27'),
(977, 5, 146, 'Set 5', 'Большой набор роллов для компании', 280.00, '336 г', '/uploads/menu/why-not-sushi/dish-977.jpeg', 1, 0, 0, '2026-04-22 14:25:46', '2026-05-02 20:51:27'),
(978, 5, 146, 'Set Special', 'Максимальный сет с разными видами роллов', 360.00, '340 г', '/uploads/menu/why-not-sushi/dish-978.jpeg', 1, 0, 0, '2026-04-22 14:25:46', '2026-05-02 20:51:27'),
(979, 5, 147, 'Филадельфия', 'Рисовый сэндвич с лососем и сливочным сыром', 980.00, '401 г', '/uploads/menu/why-not-sushi/dish-979.jpeg', 1, 0, 0, '2026-04-22 14:25:46', '2026-05-02 20:51:27'),
(980, 5, 147, 'Лосось', 'Онигири с начинкой из лосося', 360.00, '288 г', '/uploads/menu/why-not-sushi/dish-980.jpeg', 1, 0, 0, '2026-04-22 14:25:46', '2026-05-02 20:51:27'),
(981, 5, 147, 'Гребешок', 'Рис с морским гребешком и соусом', 790.00, '289 г', '/uploads/menu/why-not-sushi/dish-981.jpeg', 1, 0, 0, '2026-04-22 14:25:46', '2026-05-02 20:51:27'),
(982, 5, 147, 'Креветка', 'Онигири с креветкой и сливочным соусом', 990.00, '318 г', '/uploads/menu/why-not-sushi/dish-982.jpeg', 1, 0, 0, '2026-04-22 14:25:46', '2026-05-02 20:51:27'),
(983, 5, 147, 'Угорь', 'Рис с угрем и соусом унаги', 560.00, '330 г', '/uploads/menu/why-not-sushi/dish-983.jpeg', 1, 1, 0, '2026-04-22 14:25:46', '2026-05-02 20:51:27'),
(984, 5, 147, 'Масляная рыба с трюфелем', 'Нежная рыба с трюфельным ароматом', 670.00, '517 г', '/uploads/menu/why-not-sushi/dish-984.jpeg', 1, 0, 0, '2026-04-22 14:25:46', '2026-05-02 20:51:27'),
(985, 5, 148, 'Суши с лососем', 'Рис с ломтиком свежего лосося', 340.00, '275 г', '/uploads/menu/why-not-sushi/dish-985.jpeg', 1, 1, 0, '2026-04-22 14:25:46', '2026-05-02 20:51:27'),
(986, 5, 148, 'Суши с креветкой', 'Классические суши с креветкой', 460.00, '236 г', '/uploads/menu/why-not-sushi/dish-986.jpeg', 1, 0, 0, '2026-04-22 14:25:46', '2026-05-02 20:51:27'),
(987, 5, 148, 'Суши с угрем', 'Угорь с соусом унаги', 490.00, '105 г', '/uploads/menu/why-not-sushi/dish-987.jpeg', 1, 0, 0, '2026-04-22 14:25:46', '2026-05-02 20:51:27'),
(988, 5, 148, 'Суши с тунцом', 'Суши с тунцом', 380.00, '201 г', '/uploads/menu/why-not-sushi/dish-988.jpeg', 1, 0, 0, '2026-04-22 14:25:46', '2026-05-02 20:51:27'),
(989, 5, 148, 'Суши с масляной рыбой', 'Нежная белая рыба', 420.00, '213 г', '/uploads/menu/why-not-sushi/dish-989.jpeg', 1, 0, 0, '2026-04-22 14:25:46', '2026-05-02 20:51:27'),
(990, 5, 148, 'Опаленный лосось', 'Слегка обожженный лосось с соусом', 270.00, '358 мл', '/uploads/menu/why-not-sushi/dish-990.jpeg', 1, 0, 0, '2026-04-22 14:25:46', '2026-05-02 20:51:27'),
(991, 5, 149, 'Fanta', 'Газированный напиток', 460.00, '179 г', '/uploads/menu/why-not-sushi/dish-991.webp', 1, 1, 0, '2026-04-22 14:25:46', '2026-05-02 20:51:27'),
(992, 5, 149, 'Coca-Cola', 'Классическая кола', 230.00, '186 г', '/uploads/menu/why-not-sushi/dish-992.webp', 1, 0, 0, '2026-04-22 14:25:46', '2026-05-02 20:51:27'),
(993, 5, 149, 'Lapochka Ананас-личи', 'Фруктовый газированный напиток', 240.00, '211 г', '/uploads/menu/why-not-sushi/dish-993.webp', 1, 1, 0, '2026-04-22 14:25:46', '2026-05-02 20:51:27'),
(994, 5, 149, 'Lapochka Арбуз-мелисса', 'Освежающий напиток с травяными нотами', 230.00, '220 г', '/uploads/menu/why-not-sushi/dish-994.webp', 1, 0, 1, '2026-04-22 14:25:46', '2026-05-02 20:51:27'),
(995, 5, 149, 'Lapochka Грейпфрут-лимон', 'Цитрусовый напиток', 400.00, '159 г', '/uploads/menu/why-not-sushi/dish-995.webp', 1, 0, 0, '2026-04-22 14:25:46', '2026-05-02 20:51:27'),
(996, 5, 149, 'Lapochka Манго-чили', 'Сладко-острый фруктовый напиток', 440.00, '220 г', '/uploads/menu/why-not-sushi/dish-996.webp', 1, 0, 0, '2026-04-22 14:25:46', '2026-05-02 20:51:27'),
(997, 6, 150, 'Филадельфия', 'Классический ролл с лососем, сливочным сыром, огурцом и икрой тобико', 940.00, '395 г', '/uploads/menu/yakitoriya/dish-997.jpeg', 1, 0, 0, '2026-04-22 14:25:46', '2026-05-02 23:08:35'),
(998, 6, 150, 'Калифорния', 'Крабовый микс, авокадо, огурец, тобико и японский майонез', 430.00, '341 г', '/uploads/menu/yakitoriya/dish-998.jpeg', 1, 0, 0, '2026-04-22 14:25:46', '2026-05-02 23:08:35'),
(999, 6, 150, 'Дракон', 'Угорь, авокадо, сливочный сыр, рис, соус унаги', 620.00, '230 г', '/uploads/menu/yakitoriya/dish-999.jpeg', 1, 0, 0, '2026-04-22 14:25:46', '2026-05-02 23:08:35'),
(1000, 6, 150, 'Бали', 'Ролл с морепродуктами, сливочным сыром и соусом', 640.00, '279 г', '/uploads/menu/yakitoriya/dish-1000.jpeg', 1, 0, 0, '2026-04-22 14:25:46', '2026-05-02 23:08:35'),
(1001, 6, 150, 'Айдахо', 'Ролл с крабом, сыром и овощами в икре', 570.00, '364 г', '/uploads/menu/yakitoriya/dish-1001.jpeg', 1, 0, 0, '2026-04-22 14:25:46', '2026-05-02 23:08:35'),
(1002, 6, 150, 'Калифорния с лососем', 'Вариация классической Калифорнии с добавлением лосося', 350.00, '234 г', '/uploads/menu/yakitoriya/dish-1002.jpeg', 1, 0, 0, '2026-04-22 14:25:46', '2026-05-02 23:08:35'),
(1003, 6, 151, 'Сякэ суши', 'Рис с ломтиком свежего лосося', 830.00, '211 г', '/uploads/menu/yakitoriya/dish-1003.jpeg', 1, 0, 0, '2026-04-22 14:25:46', '2026-05-02 23:08:35'),
(1004, 6, 151, 'Унаги суши', 'Угорь с соусом унаги', 710.00, '328 г', '/uploads/menu/yakitoriya/dish-1004.jpeg', 1, 1, 0, '2026-04-22 14:25:46', '2026-05-02 23:08:35'),
(1005, 6, 151, 'Эби суши', 'Креветка на рисе', 450.00, '176 г', '/uploads/menu/yakitoriya/dish-1005.jpeg', 1, 1, 1, '2026-04-22 14:25:46', '2026-05-02 23:08:35'),
(1006, 6, 151, 'Магуро суши', 'Тунец и рис', 860.00, '261 г', '/uploads/menu/yakitoriya/dish-1006.jpeg', 1, 1, 0, '2026-04-22 14:25:46', '2026-05-02 23:08:35'),
(1007, 6, 151, 'Тамаго суши', 'Японский омлет с рисом', 580.00, '317 г', '/uploads/menu/yakitoriya/dish-1007.jpeg', 1, 0, 0, '2026-04-22 14:25:46', '2026-05-02 23:08:35'),
(1008, 6, 151, 'Филадельфия суши', 'Лосось и сливочный крем', 660.00, '298 г', '/uploads/menu/yakitoriya/dish-1008.jpeg', 1, 0, 0, '2026-04-22 14:25:46', '2026-05-02 23:08:35'),
(1009, 6, 152, 'Сет Ронин', 'Ассорти роллов с лососем, Филадельфией и популярными позициями', 1560.00, '1030 г', '/uploads/menu/yakitoriya/dish-1009.jpeg', 1, 0, 0, '2026-04-22 14:25:46', '2026-05-02 23:08:35'),
(1010, 6, 152, 'Сет Делюкс', 'Большой набор роллов с разными начинками', 2400.00, '1114 г', '/uploads/menu/yakitoriya/dish-1010.jpeg', 1, 1, 0, '2026-04-22 14:25:46', '2026-05-02 23:08:35'),
(1011, 6, 152, 'Сет Бенефит', 'Разнообразные роллы: Калифорния, Филадельфия и другие позиции', 2250.00, '1356 г', '/uploads/menu/yakitoriya/dish-1011.jpeg', 1, 0, 1, '2026-04-22 14:25:46', '2026-05-02 23:08:35'),
(1012, 6, 152, 'Сакура сет', 'Калифорния, Айдахо, Бали, Филадельфия и другие роллы', 2190.00, '952 г', '/uploads/menu/yakitoriya/dish-1012.jpeg', 1, 0, 0, '2026-04-22 14:25:46', '2026-05-02 23:08:35'),
(1013, 6, 152, 'Сет с лососем', 'Роллы с лососем разных видов', 1450.00, '979 г', '/uploads/menu/yakitoriya/dish-1013.jpeg', 1, 0, 0, '2026-04-22 14:25:46', '2026-05-02 23:08:35'),
(1014, 6, 152, 'Гриль сет', 'Набор роллов с запеченными и горячими позициями', 2050.00, '841 г', '/uploads/menu/yakitoriya/dish-1014.jpeg', 1, 0, 0, '2026-04-22 14:25:46', '2026-05-02 23:08:35'),
(1015, 6, 153, 'Чиз рамен', 'Лапша рамен в сливочном бульоне с сыром', 250.00, '355 г', '/uploads/menu/yakitoriya/dish-1015.jpeg', 1, 0, 0, '2026-04-22 14:25:46', '2026-05-02 23:08:35'),
(1016, 6, 153, 'Рамен с говядиной', 'Лапша с говядиной, грибами и овощами', 360.00, '449 г', '/uploads/menu/yakitoriya/dish-1016.jpeg', 1, 0, 0, '2026-04-22 14:25:46', '2026-05-02 23:08:35'),
(1017, 6, 153, 'Дзосуй', 'Японский суп с рисом и морепродуктами', 370.00, '388 г', '/uploads/menu/yakitoriya/dish-1017.jpeg', 1, 0, 0, '2026-04-22 14:25:46', '2026-05-02 23:08:35'),
(1018, 6, 153, 'Том Ям', 'Острый суп с креветками и кокосовым молоком', 250.00, '302 г', '/uploads/menu/yakitoriya/dish-1018.jpeg', 1, 1, 0, '2026-04-22 14:25:46', '2026-05-02 23:08:35'),
(1019, 6, 153, 'Мисо суп', 'Традиционный японский суп с пастой мисо', 280.00, '389 г', '/uploads/menu/yakitoriya/dish-1019.jpeg', 1, 0, 0, '2026-04-22 14:25:46', '2026-05-02 23:08:35'),
(1020, 6, 153, 'Грибной суп', 'Крем-суп из грибов со сливками и трюфельным маслом', 390.00, '400 г', '/uploads/menu/yakitoriya/dish-1020.jpeg', 1, 0, 1, '2026-04-22 14:25:46', '2026-05-02 23:08:35'),
(1021, 6, 154, 'Кальмар гриль', 'Обжаренный кальмар с гарниром', 530.00, '337 г', '/uploads/menu/yakitoriya/dish-1021.jpeg', 1, 0, 1, '2026-04-22 14:25:46', '2026-05-02 23:08:35'),
(1022, 6, 154, 'Свиные ребрышки', 'Сочные ребра с соусом', 620.00, '517 г', '/uploads/menu/yakitoriya/dish-1022.jpeg', 1, 0, 0, '2026-04-22 14:25:46', '2026-05-02 23:08:35'),
(1023, 6, 154, 'Филе говядины с картофелем фри', 'Жареная говядина с гарниром', 470.00, '409 г', '/uploads/menu/yakitoriya/dish-1023.jpeg', 1, 0, 0, '2026-04-22 14:25:46', '2026-05-02 23:08:35'),
(1024, 6, 154, 'Шницель', 'Куриное филе в панировке', 590.00, '381 г', '/uploads/menu/yakitoriya/dish-1024.jpeg', 1, 0, 0, '2026-04-22 14:25:46', '2026-05-02 23:08:35'),
(1025, 6, 154, 'Креветки темпура', 'Креветки в хрустящем кляре', 760.00, '351 г', '/uploads/menu/yakitoriya/dish-1025.jpeg', 1, 1, 0, '2026-04-22 14:25:46', '2026-05-02 23:08:35'),
(1026, 6, 154, 'Стейк из лосося', 'Жареный лосось с гарниром', 880.00, '427 г', '/uploads/menu/yakitoriya/dish-1026.jpeg', 1, 0, 0, '2026-04-22 14:25:46', '2026-05-02 23:08:35'),
(1027, 6, 155, 'Соевый соус', 'Классический соус для суши', 90.00, '65 г', '/uploads/menu/yakitoriya/dish-1027.jpeg', 1, 0, 0, '2026-04-22 14:25:46', '2026-05-02 23:08:35'),
(1028, 6, 155, 'Васаби', 'Острый японский хрен', 100.00, '40 г', '/uploads/menu/yakitoriya/dish-1028.jpeg', 1, 0, 0, '2026-04-22 14:25:46', '2026-05-02 23:08:35'),
(1029, 6, 155, 'Имбирь маринованный', 'Для очищения вкуса', 130.00, '61 г', '/uploads/menu/yakitoriya/dish-1029.jpeg', 1, 0, 0, '2026-04-22 14:25:46', '2026-05-02 23:08:35'),
(1030, 6, 155, 'Спайси соус', 'Острый майонезный соус', 80.00, '37 г', '/uploads/menu/yakitoriya/dish-1030.jpeg', 1, 0, 0, '2026-04-22 14:25:46', '2026-05-02 23:08:35'),
(1031, 6, 155, 'Терияки', 'Сладко-соленый соус для рыбы и мяса', 70.00, '57 г', '/uploads/menu/yakitoriya/dish-1031.jpeg', 1, 0, 0, '2026-04-22 14:25:46', '2026-05-02 23:08:35'),
(1032, 6, 155, 'Понзу', 'Цитрусовый соевый соус', 90.00, '52 г', '/uploads/menu/yakitoriya/dish-1032.jpeg', 1, 0, 0, '2026-04-22 14:25:46', '2026-05-02 23:08:35'),
(1033, 7, 156, 'Пепперони', 'Пицца с пикантной колбасой пепперони, моцареллой и фирменным томатным соусом', 940.00, '658 г', '/uploads/menu/dodo-pizza/dish-1033.jpg', 1, 0, 0, '2026-04-22 14:25:46', '2026-05-02 14:54:26'),
(1034, 7, 156, 'Четыре сыра', 'Пицца с моцареллой, чеддером, пармезаном и сливочным соусом', 930.00, '528 г', '/uploads/menu/dodo-pizza/dish-1034.jpg', 1, 0, 0, '2026-04-22 14:25:46', '2026-05-02 16:11:03'),
(1035, 7, 156, 'Ветчина и грибы', 'Пицца с ветчиной, шампиньонами и моцареллой', 800.00, '568 г', '/uploads/menu/dodo-pizza/dish-1035.jpg', 1, 0, 0, '2026-04-22 14:25:46', '2026-05-02 14:54:26'),
(1036, 7, 156, 'Карбонара', 'Пицца с беконом, сыром, луком и сливочным соусом альфредо', 830.00, '676 г', '/uploads/menu/dodo-pizza/dish-1036.jpg', 1, 0, 0, '2026-04-22 14:25:46', '2026-05-02 14:54:26'),
(1037, 7, 156, 'Аррива', 'Острая пицца с курицей, чоризо, овощами и соусом ранч', 1050.00, '513 г', '/uploads/menu/dodo-pizza/dish-1037.jpg', 1, 1, 0, '2026-04-22 14:25:46', '2026-05-02 14:54:26'),
(1038, 7, 156, 'Креветки и песто', 'Пицца с креветками, томатами и соусом песто', 890.00, '574 г', '/uploads/menu/dodo-pizza/dish-1038.jpg', 1, 0, 0, '2026-04-22 14:25:46', '2026-05-02 14:54:26'),
(1039, 7, 157, 'Картофель из печи', 'Запеченный картофель с хрустящей корочкой', 490.00, '316 г', '/uploads/menu/dodo-pizza/dish-1039.jpg', 1, 0, 1, '2026-04-22 14:25:46', '2026-05-02 14:54:26'),
(1040, 7, 157, 'Куриные кусочки', 'Кусочки курицы в панировке', 170.00, '146 г', '/uploads/menu/dodo-pizza/dish-1040.jpg', 1, 0, 0, '2026-04-22 14:25:46', '2026-05-02 14:54:26'),
(1041, 7, 157, 'Наггетсы', 'Куриное филе в хрустящей оболочке', 220.00, '134 г', '/uploads/menu/dodo-pizza/dish-1041.jpg', 1, 0, 0, '2026-04-22 14:25:46', '2026-05-02 14:54:26'),
(1042, 7, 157, 'Сырный стартер', 'Сырные палочки с расплавленным сыром', 340.00, '278 г', '/uploads/menu/dodo-pizza/dish-1042.jpg', 1, 0, 0, '2026-04-22 14:25:46', '2026-05-02 14:54:26'),
(1043, 7, 157, 'Грибной стартер', 'Закуска с грибами и сыром', 490.00, '344 г', '/uploads/menu/dodo-pizza/dish-1043.jpg', 1, 0, 0, '2026-04-22 14:25:46', '2026-05-02 14:54:26'),
(1044, 7, 157, 'Салат Цезарь', 'Салат с курицей, сыром и соусом Цезарь', 520.00, '231 г', '/uploads/menu/dodo-pizza/dish-1044.jpg', 1, 0, 0, '2026-04-22 14:25:46', '2026-05-02 16:11:18'),
(1045, 7, 158, 'Додстер', 'Легендарная горячая закуска с цыпленком, томатами, моцареллой и соусом ранч в тонкой пшеничной лепешке', 420.00, '198 г', '/uploads/menu/dodo-pizza/dish-1045.jpg', 1, 1, 0, '2026-04-22 14:25:46', '2026-05-02 16:12:48'),
(1046, 7, 158, 'Додстер Масала', 'Горячая закуска с цыпленком, соусом масала, томатами и моцареллой', 300.00, '119 г', '/uploads/menu/dodo-pizza/dish-1046.jpg', 1, 0, 0, '2026-04-22 14:25:46', '2026-05-02 14:54:26'),
(1047, 7, 158, 'Додстер с ветчиной', 'Горячий завтрак с ветчиной, томатами, моцареллой и соусом ранч в тонкой пшеничной лепешке', 170.00, '249 г', '/uploads/menu/dodo-pizza/dish-1047.jpg', 1, 0, 0, '2026-04-22 14:25:46', '2026-05-02 16:11:53'),
(1048, 7, 158, 'Додстер Чилл Грилл', 'Горячая закуска с цыпленком и соусом гриль с луком, маринованными огурчиками и моцареллой', 380.00, '226 г', '/uploads/menu/dodo-pizza/dish-1048.jpg', 1, 0, 1, '2026-04-22 14:25:46', '2026-05-02 16:12:15'),
(1049, 7, 158, 'Супермясной Додстер', 'Горячая закуска, в которой много мяса: цыпленок, чоризо и пряная говядина с моцареллой и соусом бургер', 420.00, '306 г', '/uploads/menu/dodo-pizza/dish-1049.jpg', 1, 0, 0, '2026-04-22 14:25:46', '2026-05-02 16:12:32'),
(1050, 7, 158, 'Холодный чикен ролл', 'Холодная закуска для легкого перекуса: ролл с цыпленком, свежим салатом, томатами, чеддером и пармезаном с соусом ранч', 390.00, '323 г', '/uploads/menu/dodo-pizza/dish-1050.jpg', 1, 0, 1, '2026-04-22 14:25:46', '2026-05-02 16:11:42'),
(1051, 7, 159, 'Торт Рикотта с грушей', 'Нежная сырная начинка, сочные кусочки груши и хруст миндальных лепестков', 440.00, '188 г', '/uploads/menu/dodo-pizza/dish-1051.jpg', 1, 0, 0, '2026-04-22 14:25:46', '2026-05-02 14:54:26'),
(1052, 7, 159, 'Чизкейк Дубайский', 'Мягкий чизкейк с насыщенным фисташковым вкусом и глазурью', 550.00, '180 г', '/uploads/menu/dodo-pizza/dish-1052.jpg', 1, 0, 1, '2026-04-22 14:25:46', '2026-05-02 14:54:26'),
(1053, 7, 159, 'Додобоны', 'Сладкие булочки с корицей и глазурью', 320.00, '176 г', '/uploads/menu/dodo-pizza/dish-1053.jpg', 1, 0, 0, '2026-04-22 14:25:46', '2026-05-02 14:54:26'),
(1054, 7, 159, 'Тирамису', 'Многослойный десерт в лучших итальянских традициях с ароматом какао, кофе и нежным кремом', 520.00, '121 г', '/uploads/menu/dodo-pizza/dish-1054.jpg', 1, 0, 0, '2026-04-22 14:25:46', '2026-05-02 14:54:26'),
(1055, 7, 159, 'Маффин Три шоколада', 'Кекс из натурального какао с начинкой из кубиков белого и молочного шоколада', 240.00, '149 г', '/uploads/menu/dodo-pizza/dish-1055.jpg', 1, 0, 0, '2026-04-22 14:25:46', '2026-05-02 14:54:26'),
(1056, 7, 159, 'Фондан', 'Французский шоколадный десерт с хрустящей корочкой и жидкой начинкой', 330.00, '153 г', '/uploads/menu/dodo-pizza/dish-1056.jpg', 1, 0, 0, '2026-04-22 14:25:46', '2026-05-02 14:54:26'),
(1057, 7, 160, 'Добрый Кола', 'Газированный напиток с классическим вкусом', 130.00, '431 мл', '/uploads/menu/dodo-pizza/dish-1057.jpg', 1, 0, 0, '2026-04-22 14:25:46', '2026-05-02 14:54:26'),
(1058, 7, 160, 'Добрый Апельсин', 'Сладкий газированный напиток с апельсиновым вкусом', 320.00, '497 мл', '/uploads/menu/dodo-pizza/dish-1058.jpg', 1, 0, 0, '2026-04-22 14:25:46', '2026-05-02 14:54:26'),
(1059, 7, 160, 'Добрый Лимон-Лайм', 'Освежающий лимонно-лаймовый напиток', 300.00, '255 мл', '/uploads/menu/dodo-pizza/dish-1059.jpg', 1, 0, 0, '2026-04-22 14:25:46', '2026-05-02 14:54:26'),
(1060, 7, 160, 'Сок Добрый Яблоко', 'Натуральный фруктовый напиток', 310.00, '303 мл', '/uploads/menu/dodo-pizza/dish-1060.jpg', 1, 0, 0, '2026-04-22 14:25:46', '2026-05-02 14:54:26'),
(1061, 7, 160, 'Вода', 'Питьевая вода без газа или с газом', 220.00, '303 мл', '/uploads/menu/dodo-pizza/dish-1061.jpg', 1, 0, 0, '2026-04-22 14:25:46', '2026-05-02 14:54:26'),
(1062, 7, 160, 'Rich Tea Черный с лимоном', 'Освежающий негазированный холодный чай', 120.00, '256 мл', '/uploads/menu/dodo-pizza/dish-1062.jpg', 1, 0, 0, '2026-04-22 14:25:46', '2026-05-02 14:54:26'),
(1063, 8, 161, 'Пицца Маргарита', 'Классическая пицца с томатным соусом и сыром моцарелла', 530.00, '673 г', '/uploads/menu/pizza-city/dish-1063.webp', 1, 0, 0, '2026-04-22 14:25:46', '2026-05-02 17:06:22'),
(1064, 8, 161, 'Пицца Пепперони', 'Пицца с колбасой пепперони, сыром и томатным соусом', 590.00, '441 г', '/uploads/menu/pizza-city/dish-1064.webp', 1, 0, 0, '2026-04-22 14:25:46', '2026-05-02 17:06:22'),
(1065, 8, 161, 'Пицца 6 сыров', 'Пицца с насыщенной смесью нескольких видов сыра', 860.00, '525 г', '/uploads/menu/pizza-city/dish-1065.webp', 1, 0, 0, '2026-04-22 14:25:46', '2026-05-02 17:06:22'),
(1066, 8, 161, 'Пицца Мясной пир', 'Пицца с ассорти мясных ингредиентов и сыром', 910.00, '543 г', '/uploads/menu/pizza-city/dish-1066.webp', 1, 0, 0, '2026-04-22 14:25:46', '2026-05-02 17:06:22'),
(1067, 8, 161, 'Пицца Супер Пепперони', 'Усиленная версия с двойной порцией пепперони', 1090.00, '616 г', '/uploads/menu/pizza-city/dish-1067.webp', 1, 0, 0, '2026-04-22 14:25:46', '2026-05-02 17:06:22'),
(1068, 8, 161, 'Пицца 4 сыра', 'Пицца с сочетанием четырех видов сыра на сливочной основе', 800.00, '447 г', '/uploads/menu/pizza-city/dish-1068.webp', 1, 0, 0, '2026-04-22 14:25:46', '2026-05-02 17:06:22'),
(1069, 8, 162, 'Ассорти Ситипицца №1', 'Набор из закусок: курица, роллы, картофель и соусы', 270.00, '163 г', '/uploads/menu/pizza-city/dish-1069.webp', 1, 0, 0, '2026-04-22 14:25:46', '2026-05-02 17:06:22'),
(1070, 8, 162, 'Ассорти Ситипицца №2', 'Большой набор закусок с крыльями, хот-догами и роллами', 440.00, '190 г', '/uploads/menu/pizza-city/dish-1070.webp', 1, 0, 0, '2026-04-22 14:25:46', '2026-05-02 17:06:22'),
(1071, 8, 162, 'Мини-хот-доги', 'Небольшие сосиски в тесте с соусом', 350.00, '337 г', '/uploads/menu/pizza-city/dish-1071.webp', 1, 1, 0, '2026-04-22 14:25:46', '2026-05-02 17:07:00'),
(1072, 8, 162, 'Картофель по-деревенски', 'Запеченные картофельные дольки со специями', 510.00, '315 г', '/uploads/menu/pizza-city/dish-1072.webp', 1, 0, 0, '2026-04-22 14:25:46', '2026-05-02 17:06:22'),
(1073, 8, 162, 'Куриные крылья', 'Обжаренные куриные крылышки с хрустящей корочкой', 250.00, '243 г', '/uploads/menu/pizza-city/dish-1073.webp', 1, 0, 0, '2026-04-22 14:25:46', '2026-05-02 17:06:22'),
(1074, 8, 162, 'Чесночные палочки', 'Запеченные палочки с чесноком и сыром', 400.00, '215 г', '/uploads/menu/pizza-city/dish-1074.webp', 1, 0, 0, '2026-04-22 14:25:46', '2026-05-02 17:06:22'),
(1075, 8, 163, 'Ролл мексиканский', 'Ролл с мясной начинкой, овощами и острым соусом', 200.00, '251 г', '/uploads/menu/pizza-city/dish-1075.webp', 1, 0, 0, '2026-04-22 14:25:46', '2026-05-02 17:06:22'),
(1076, 8, 163, 'Ролл пепперони 3 мяса', 'Ролл с несколькими видами мяса и сыром', 280.00, '300 г', '/uploads/menu/pizza-city/dish-1076.webp', 1, 0, 0, '2026-04-22 14:25:46', '2026-05-02 17:06:22'),
(1077, 8, 163, 'Ролл ветчина и сыр', 'Ролл с ветчиной и расплавленным сыром', 390.00, '241 г', '/uploads/menu/pizza-city/dish-1077.webp', 1, 0, 0, '2026-04-22 14:25:46', '2026-05-02 17:06:22'),
(1078, 8, 163, 'Ролл с лососем и соусом песто', 'Ролл с рыбой и ароматным соусом', 460.00, '310 г', '/uploads/menu/pizza-city/dish-1078.webp', 1, 0, 0, '2026-04-22 14:25:46', '2026-05-02 17:06:22');
INSERT INTO `menu_items` (`id`, `restaurant_id`, `category_id`, `name`, `description`, `price`, `weight`, `image`, `is_available`, `is_popular`, `is_new`, `created_at`, `updated_at`) VALUES
(1079, 8, 163, 'Чиабатта Цезарь', 'Сэндвич с курицей, салатом и соусом Цезарь', 670.00, '192 г', '/uploads/menu/pizza-city/dish-1079.webp', 1, 0, 0, '2026-04-22 14:25:46', '2026-05-02 17:06:22'),
(1080, 8, 163, 'Чиабатта барбекю', 'Сэндвич с мясом и соусом барбекю', 330.00, '179 г', '/uploads/menu/pizza-city/dish-1080.webp', 1, 0, 0, '2026-04-22 14:25:46', '2026-05-02 17:06:22'),
(1081, 8, 164, 'Морс облепиха', 'Натуральный ягодный напиток', 530.00, '451 г', '/uploads/menu/pizza-city/dish-1081.webp', 1, 0, 0, '2026-04-22 14:25:46', '2026-05-02 17:06:22'),
(1082, 8, 164, 'Ягодный морс', 'Освежающий напиток из ягод', 770.00, '516 г', '/uploads/menu/pizza-city/dish-1082.webp', 1, 0, 0, '2026-04-22 14:25:47', '2026-05-02 17:06:22'),
(1083, 8, 164, 'Домашний лимонад', 'Напиток с цитрусовым вкусом', 830.00, '421 г', '/uploads/menu/pizza-city/dish-1083.webp', 1, 1, 0, '2026-04-22 14:25:47', '2026-05-02 17:06:22'),
(1084, 8, 164, 'Эвервесс Кола', 'Классический газированный напиток', 820.00, '264 г', '/uploads/menu/pizza-city/dish-1084.webp', 1, 0, 0, '2026-04-22 14:25:47', '2026-05-02 17:06:22'),
(1085, 8, 164, 'Чай Липтон зеленый', 'Холодный чай с мягким вкусом', 840.00, '345 г', '/uploads/menu/pizza-city/dish-1085.webp', 1, 0, 0, '2026-04-22 14:25:47', '2026-05-02 17:06:22'),
(1086, 8, 164, 'Чай Липтон лимон', 'Холодный чай с лимонным вкусом', 490.00, '328 г', '/uploads/menu/pizza-city/dish-1086.webp', 1, 0, 0, '2026-04-22 14:25:47', '2026-05-02 17:06:22'),
(1087, 8, 165, 'Соус Heinz сырный', 'Сливочный соус с сырным вкусом', 330.00, '183 г', '/uploads/menu/pizza-city/dish-1087.webp', 1, 0, 0, '2026-04-22 14:25:47', '2026-05-02 17:06:22'),
(1088, 8, 165, 'Соус Heinz горчичный', 'Острый соус с горчичной ноткой', 460.00, '126 г', '/uploads/menu/pizza-city/dish-1088.webp', 1, 0, 0, '2026-04-22 14:25:47', '2026-05-02 17:06:22'),
(1089, 8, 165, 'Соус Heinz кисло-сладкий', 'Соус с балансом сладости и кислоты', 530.00, '168 г', '/uploads/menu/pizza-city/dish-1089.webp', 1, 0, 0, '2026-04-22 14:25:47', '2026-05-02 17:06:22'),
(1090, 8, 165, 'Соус Heinz чесночный', 'Соус с насыщенным чесночным вкусом', 480.00, '179 г', '/uploads/menu/pizza-city/dish-1090.webp', 1, 0, 0, '2026-04-22 14:25:47', '2026-05-02 17:06:22'),
(1091, 8, 165, 'Соус Heinz барбекю', 'Густой соус с дымным вкусом', 500.00, '145 г', '/uploads/menu/pizza-city/dish-1091.webp', 1, 0, 1, '2026-04-22 14:25:47', '2026-05-02 17:06:22'),
(1092, 8, 165, 'Соус Heinz кетчуп', 'Классический томатный соус', 420.00, '100 г', '/uploads/menu/pizza-city/dish-1092.webp', 1, 1, 0, '2026-04-22 14:25:47', '2026-05-02 17:06:22'),
(1093, 8, 166, 'Coca-Cola', 'Coca-Cola из категории \"Напитки\" ресторана Pizza City.', 170.00, '499 мл', '/uploads/menu/placeholder.svg', 0, 0, 0, '2026-04-22 14:25:47', '2026-05-02 16:57:18'),
(1094, 8, 166, 'Pepsi', 'Pepsi из категории \"Напитки\" ресторана Pizza City.', 220.00, '273 мл', '/uploads/menu/placeholder.svg', 0, 1, 0, '2026-04-22 14:25:47', '2026-05-02 16:57:18'),
(1095, 8, 166, '7UP', '7UP из категории \"Напитки\" ресторана Pizza City.', 310.00, '303 мл', '/uploads/menu/placeholder.svg', 0, 0, 0, '2026-04-22 14:25:47', '2026-05-02 16:57:18'),
(1096, 8, 166, 'Соки', 'Соки из категории \"Напитки\" ресторана Pizza City.', 140.00, '272 мл', '/uploads/menu/placeholder.svg', 0, 0, 0, '2026-04-22 14:25:47', '2026-05-02 16:57:18'),
(1097, 8, 166, 'Вода', 'Вода из категории \"Напитки\" ресторана Pizza City.', 230.00, '319 мл', '/uploads/menu/placeholder.svg', 0, 0, 0, '2026-04-22 14:25:47', '2026-05-02 16:57:18'),
(1098, 8, 166, 'Энергетики', 'Энергетики из категории \"Напитки\" ресторана Pizza City.', 250.00, '279 мл', '/uploads/menu/placeholder.svg', 0, 0, 0, '2026-04-22 14:25:47', '2026-05-02 16:57:18'),
(1099, 9, 167, 'Пицца Пепперони', 'Классическая пицца с томатным соусом, моцареллой и пикантной колбасой пепперони', 920.00, '424 г', '/uploads/menu/domino-pizza/dish-1099.webp', 1, 0, 0, '2026-04-22 14:25:47', '2026-05-02 16:45:22'),
(1100, 9, 167, 'Пицца 4 сыра', 'Пицца с сочетанием нескольких сыров на сливочной основе', 950.00, '475 г', '/uploads/menu/domino-pizza/dish-1100.jpeg', 1, 0, 0, '2026-04-22 14:25:47', '2026-05-02 16:45:22'),
(1101, 9, 167, 'Пицца Карбонара', 'Пицца с беконом, сыром и сливочным соусом', 960.00, '451 г', '/uploads/menu/domino-pizza/dish-1101.webp', 1, 0, 0, '2026-04-22 14:25:47', '2026-05-02 16:45:22'),
(1102, 9, 167, 'Пицца Сырная с ветчиной', 'Пицца с ветчиной, моцареллой и сырным соусом', 600.00, '456 г', '/uploads/menu/domino-pizza/dish-1102.webp', 1, 0, 0, '2026-04-22 14:25:47', '2026-05-02 16:45:22'),
(1103, 9, 167, 'Пицца Маргарита', 'Классическая пицца с томатным соусом и сыром моцарелла', 810.00, '567 г', '/uploads/menu/domino-pizza/dish-1103.webp', 1, 0, 0, '2026-04-22 14:25:47', '2026-05-02 16:45:22'),
(1104, 9, 167, 'Пицца Ветчина и грибы', 'Пицца с ветчиной, шампиньонами и сыром', 550.00, '485 г', '/uploads/menu/domino-pizza/dish-1104.webp', 1, 0, 0, '2026-04-22 14:25:47', '2026-05-02 16:45:22'),
(1105, 9, 169, 'Пепперони Ранч Римское', 'Римская пицца с пепперони и соусом ранч', 290.00, '332 г', '/uploads/menu/domino-pizza/dish-1105.webp', 1, 0, 0, '2026-04-22 14:25:47', '2026-05-02 16:45:22'),
(1106, 9, 169, 'Жюльен Римское', 'Пицца с курицей, грибами и сливочным соусом', 180.00, '209 г', '/uploads/menu/domino-pizza/dish-1106.webp', 1, 0, 0, '2026-04-22 14:25:47', '2026-05-02 16:45:22'),
(1107, 9, 169, 'Четыре сыра Римское', 'Римская пицца с миксом сыров', 210.00, '316 г', '/uploads/menu/domino-pizza/dish-1107.webp', 1, 1, 0, '2026-04-22 14:25:47', '2026-05-02 16:45:22'),
(1108, 9, 169, 'Альфредо Римское', 'Пицца с курицей и сливочным соусом альфредо', 330.00, '210 г', '/uploads/menu/domino-pizza/dish-1108.webp', 1, 1, 0, '2026-04-22 14:25:47', '2026-05-02 16:45:22'),
(1109, 9, 169, 'Чикен BBQ Римское', 'Пицца с курицей и соусом барбекю', 210.00, '244 г', '/uploads/menu/domino-pizza/dish-1109.webp', 1, 0, 0, '2026-04-22 14:25:47', '2026-05-02 16:45:22'),
(1110, 9, 169, 'Ветчина и грибы Римское', 'Пицца с ветчиной и шампиньонами', 340.00, '327 г', '/uploads/menu/domino-pizza/dish-1110.webp', 1, 0, 0, '2026-04-22 14:25:47', '2026-05-02 16:45:22'),
(1111, 9, 168, 'Картофель по-деревенски', 'Запеченные картофельные дольки со специями', 550.00, '274 г', '/uploads/menu/domino-pizza/dish-1111.webp', 1, 0, 0, '2026-04-22 14:25:47', '2026-05-02 16:45:22'),
(1112, 9, 168, 'Крылья куриные BBQ', 'Куриные крылышки в соусе барбекю', 650.00, '248 г', '/uploads/menu/domino-pizza/dish-1112.webp', 1, 0, 0, '2026-04-22 14:25:47', '2026-05-02 16:45:22'),
(1113, 9, 168, 'Картофель фирменный из печи', 'Фирменный хрустящий картофель, приготовленный в печи', 640.00, '349 г', '/uploads/menu/domino-pizza/dish-1113.webp', 1, 0, 0, '2026-04-22 14:25:47', '2026-05-02 16:45:22'),
(1114, 9, 168, 'Пицца-пай Бекон и халапеньо', 'Закрытая пицца с беконом и острым перцем', 900.00, '499 г', '/uploads/menu/domino-pizza/dish-1114.webp', 1, 0, 0, '2026-04-22 14:25:47', '2026-05-02 16:45:22'),
(1115, 9, 168, 'Пицца-пай Ветчина и сыр', 'Закрытая пицца с ветчиной и сыром', 800.00, '347 г', '/uploads/menu/domino-pizza/dish-1115.webp', 1, 1, 0, '2026-04-22 14:25:47', '2026-05-02 16:45:22'),
(1116, 9, 168, 'Пицца-роллы Пепперони', 'Рулеты из теста с пепперони и сыром', 590.00, '298 г', '/uploads/menu/domino-pizza/dish-1116.webp', 1, 0, 0, '2026-04-22 14:25:47', '2026-05-02 16:45:22'),
(1117, 9, 170, 'Брауни с соленой карамелью', 'Шоколадный десерт с карамельной начинкой', 500.00, '196 г', '/uploads/menu/domino-pizza/dish-1117.webp', 1, 0, 0, '2026-04-22 14:25:47', '2026-05-02 16:45:22'),
(1118, 9, 170, 'Сырники с малиновым вареньем', 'Творожные сырники с ягодным соусом', 500.00, '133 г', '/uploads/menu/domino-pizza/dish-1118.webp', 1, 0, 1, '2026-04-22 14:25:47', '2026-05-02 16:45:22'),
(1119, 9, 170, 'Чизкейк классический', 'Нежный сливочный десерт на песочной основе', 470.00, '133 г', '/uploads/menu/domino-pizza/dish-1119.webp', 1, 0, 0, '2026-04-22 14:25:47', '2026-05-02 16:45:22'),
(1120, 9, 170, 'Завитушки с яблоком и корицей', 'Выпечка с яблочной начинкой и корицей', 490.00, '91 г', '/uploads/menu/domino-pizza/dish-1120.webp', 1, 0, 0, '2026-04-22 14:25:47', '2026-05-02 16:45:22'),
(1121, 9, 170, 'Шоколадный фондан', 'Десерт с жидкой шоколадной начинкой', 520.00, '181 г', '/uploads/menu/domino-pizza/dish-1121.webp', 1, 0, 0, '2026-04-22 14:25:47', '2026-05-02 16:45:22'),
(1122, 9, 170, 'Яблочный штрудель', 'Десерт с яблоками и слоеным тестом', 230.00, '196 г', '/uploads/menu/domino-pizza/dish-1122.webp', 1, 0, 0, '2026-04-22 14:25:47', '2026-05-02 16:45:22'),
(1123, 9, 171, 'Evervess Cola', 'Газированный напиток с классическим вкусом', 130.00, '257 мл', '/uploads/menu/domino-pizza/dish-1123.webp', 1, 1, 0, '2026-04-22 14:25:47', '2026-05-02 16:45:22'),
(1124, 9, 171, 'Evervess Cola без сахара', 'Кола без сахара', 240.00, '399 мл', '/uploads/menu/domino-pizza/dish-1124.webp', 1, 0, 0, '2026-04-22 14:25:47', '2026-05-02 16:45:22'),
(1125, 9, 171, 'Frustyle Апельсин', 'Газированный напиток с апельсиновым вкусом', 310.00, '353 мл', '/uploads/menu/domino-pizza/dish-1125.webp', 1, 0, 0, '2026-04-22 14:25:47', '2026-05-02 16:45:22'),
(1126, 9, 171, 'Frustyle Лимон-лайм', 'Освежающий цитрусовый напиток', 200.00, '435 мл', '/uploads/menu/domino-pizza/dish-1126.webp', 1, 0, 0, '2026-04-22 14:25:47', '2026-05-02 16:45:22'),
(1127, 9, 171, 'Lipton Ice Tea Лимон', 'Холодный чай с лимоном', 320.00, '392 мл', '/uploads/menu/domino-pizza/dish-1127.webp', 1, 0, 0, '2026-04-22 14:25:47', '2026-05-02 16:45:22'),
(1128, 9, 171, 'Аква Минерале', 'Питьевая вода', 170.00, '496 мл', '/uploads/menu/domino-pizza/dish-1128.webp', 1, 1, 0, '2026-04-22 14:25:47', '2026-05-02 16:45:22'),
(1129, 9, 172, 'Соус BBQ', 'Соус с дымным сладко-пряным вкусом', 60.00, '41 г', '/uploads/menu/domino-pizza/dish-1129.webp', 1, 0, 0, '2026-04-22 14:25:47', '2026-05-02 16:45:22'),
(1130, 9, 172, 'Соус Domino', 'Фирменный сливочный соус', 120.00, '68 г', '/uploads/menu/domino-pizza/dish-1130.webp', 1, 0, 0, '2026-04-22 14:25:47', '2026-05-02 16:45:22'),
(1131, 9, 172, 'Соус кисло-сладкий', 'Соус с балансом сладости и кислинки', 90.00, '63 г', '/uploads/menu/domino-pizza/dish-1131.webp', 1, 1, 0, '2026-04-22 14:25:47', '2026-05-02 16:45:22'),
(1132, 9, 172, 'Соус сырный', 'Нежный сливочный соус с сырным вкусом', 60.00, '61 г', '/uploads/menu/domino-pizza/dish-1132.webp', 1, 1, 0, '2026-04-22 14:25:47', '2026-05-02 16:45:22'),
(1133, 9, 172, 'Томатный', 'Томатный из категории \"Соусы\" ресторана Domino Pizza.', 60.00, '46 г', '/uploads/menu/placeholder.svg', 0, 1, 0, '2026-04-22 14:25:47', '2026-05-02 16:11:58'),
(1134, 9, 172, 'Кисло-сладкий', 'Кисло-сладкий из категории \"Соусы\" ресторана Domino Pizza.', 80.00, '45 г', '/uploads/menu/placeholder.svg', 0, 0, 0, '2026-04-22 14:25:47', '2026-05-02 16:11:58'),
(1135, 10, 173, 'Трайфл «Сникерлав»', 'Шоколадный бисквит с нежным сырным кремом, солёной карамелью и хрустящим арахисом. Полит шоколадным ганашем.', 320.00, '203 г', '/uploads/menu/one-love/dish-1135.webp', 1, 0, 0, '2026-04-22 14:25:47', '2026-05-03 09:15:06'),
(1136, 10, 173, 'Трайфл «Наполеон»', 'Нежное слоёное тесто с кремом, пропитанное сливочной основой и посыпанное сахарной пудрой.', 370.00, '285 г', '/uploads/menu/one-love/dish-1136.png', 1, 0, 0, '2026-04-22 14:25:47', '2026-05-03 09:15:06'),
(1137, 10, 173, 'Трайфл «Дубай»', 'Сочетание бисквита, теста катаифи, фисташковой пасты и крем-чиза с молочным ганашем.', 580.00, '332 г', '/uploads/menu/one-love/dish-1137.webp', 1, 0, 0, '2026-04-22 14:25:47', '2026-05-03 09:15:06'),
(1138, 10, 173, 'Трайфл «Пинчер»', 'Шоколадный бисквит со сливочным кремом и сгущённым молоком, дополненный шоколадной глазурью.', 230.00, '283 г', '/uploads/menu/one-love/dish-1138.png', 1, 0, 0, '2026-04-22 14:25:47', '2026-05-03 09:15:06'),
(1139, 10, 173, 'Трайфл «Банановая улица»', 'Заварной крем патисьер, шоколадная бисквитная крошка, банановая прослойка и ганаш с хрустящими шариками.', 280.00, '196 г', '/uploads/menu/one-love/dish-1139.webp', 1, 1, 0, '2026-04-22 14:25:47', '2026-05-03 09:15:06'),
(1140, 10, 173, 'Трайфл с вишней', 'Шоколадный бисквит, нежный творожный крем и сочная вишнёвая начинка.', 630.00, '187 г', '/uploads/menu/one-love/dish-1140.webp', 1, 0, 0, '2026-04-22 14:25:47', '2026-05-03 09:15:06'),
(1141, 10, 174, 'Десерт «Банан в шоколаде»', 'Спелый банан, покрытый слоем молочного бельгийского шоколада.', 460.00, '159 г', '/uploads/menu/one-love/dish-1141.webp', 1, 1, 0, '2026-04-22 14:25:47', '2026-05-03 09:15:06'),
(1142, 10, 174, 'Десерт «Клубника в шоколаде»', 'Свежая клубника в молочном бельгийском шоколаде.', 540.00, '183 г', '/uploads/menu/one-love/dish-1142.png', 1, 0, 0, '2026-04-22 14:25:47', '2026-05-03 09:15:06'),
(1143, 10, 174, 'Десерт «Малина в шоколаде»', 'Спелая малина в белом и молочном бельгийском шоколаде.', 200.00, '117 г', '/uploads/menu/one-love/dish-1143.webp', 1, 0, 0, '2026-04-22 14:25:47', '2026-05-03 09:15:06'),
(1144, 10, 174, 'Ассорти', 'Ассорти из категории \"Шоколад\" ресторана One Love.', 370.00, '191 г', '/uploads/menu/placeholder.svg', 0, 0, 0, '2026-04-22 14:25:47', '2026-05-03 08:59:20'),
(1145, 10, 174, 'Белый шоколад', 'Белый шоколад из категории \"Шоколад\" ресторана One Love.', 310.00, '188 г', '/uploads/menu/placeholder.svg', 0, 0, 0, '2026-04-22 14:25:47', '2026-05-03 08:59:20'),
(1146, 10, 174, 'Фрукты', 'Фрукты из категории \"Шоколад\" ресторана One Love.', 270.00, '169 г', '/uploads/menu/placeholder.svg', 0, 0, 1, '2026-04-22 14:25:47', '2026-05-03 08:59:20'),
(1147, 10, 175, 'Эклер «Шоколадный»', 'Заварное тесто с шоколадным кремом, покрыто молочным шоколадом.', 390.00, '199 г', '/uploads/menu/one-love/dish-1147.webp', 1, 0, 0, '2026-04-22 14:25:47', '2026-05-03 09:15:06'),
(1148, 10, 175, 'Эклер «Кракелин ваниль»', 'Эклер с хрустящей корочкой и нежной сливочной начинкой.', 490.00, '186 г', '/uploads/menu/one-love/dish-1148.webp', 1, 1, 0, '2026-04-22 14:25:47', '2026-05-03 09:15:06'),
(1149, 10, 175, 'Карамель', 'Карамель из категории \"Эклеры\" ресторана One Love.', 360.00, '90 г', '/uploads/menu/chia-mango.svg', 0, 0, 0, '2026-04-22 14:25:47', '2026-05-03 08:59:20'),
(1150, 10, 175, 'Клубника', 'Клубника из категории \"Эклеры\" ресторана One Love.', 330.00, '187 г', '/uploads/menu/chia-mango.svg', 0, 1, 0, '2026-04-22 14:25:47', '2026-05-03 08:59:20'),
(1151, 10, 175, 'Манго', 'Манго из категории \"Эклеры\" ресторана One Love.', 380.00, '119 г', '/uploads/menu/chia-mango.svg', 0, 0, 0, '2026-04-22 14:25:47', '2026-05-03 08:59:20'),
(1152, 10, 175, 'Классика', 'Классика из категории \"Эклеры\" ресторана One Love.', 310.00, '105 г', '/uploads/menu/chia-mango.svg', 0, 0, 0, '2026-04-22 14:25:47', '2026-05-03 08:59:20'),
(1153, 10, 176, 'Торт «Милка Лав»', 'Шоколадный бисквит, крем-чиз и молочный ганаш, украшен шоколадным декором.', 270.00, '140 г', '/uploads/menu/one-love/dish-1153.webp', 1, 0, 0, '2026-04-22 14:25:47', '2026-05-03 09:15:06'),
(1154, 10, 176, 'Торт «Шоколадный Ванлав»', 'Шоколадный бисквит с сырным кремом, прослойкой из малины и банана, покрыт ганашем.', 380.00, '219 г', '/uploads/menu/one-love/dish-1154.webp', 1, 0, 0, '2026-04-22 14:25:47', '2026-05-03 09:15:06'),
(1155, 10, 176, 'Торт Бенто «Love»', 'Ванильный бисквит, сырный крем, банан и карамель.', 270.00, '133 г', '/uploads/menu/one-love/dish-1155.webp', 1, 0, 0, '2026-04-22 14:25:47', '2026-05-03 09:15:06'),
(1156, 10, 176, 'Торт Бенто «Весенний»', 'Морковный бисквит, сырный крем и карамель с грецким орехом.', 350.00, '112 г', '/uploads/menu/one-love/dish-1156.webp', 1, 0, 0, '2026-04-22 14:25:47', '2026-05-03 09:15:06'),
(1157, 10, 176, 'Торт Бенто «Конструктор»', 'Нежный бисквит с кремом и фруктовой начинкой. Вариативный состав.', 500.00, '169 г', '/uploads/menu/one-love/dish-1157.png', 1, 0, 0, '2026-04-22 14:25:47', '2026-05-03 09:15:06'),
(1158, 10, 176, 'Авторский', 'Авторский из категории \"Торты\" ресторана One Love.', 530.00, '172 г', '/uploads/menu/chia-mango.svg', 0, 1, 0, '2026-04-22 14:25:47', '2026-05-03 08:59:20'),
(1159, 11, 177, 'Печенье шоколадное', 'Нежное печенье с насыщенным шоколадным вкусом, приготовленное из свежих ингредиентов вручную.', 520.00, '202 г', '/uploads/menu/1147-bakery/dish-1159.jpeg', 1, 0, 0, '2026-04-22 14:25:47', '2026-05-03 09:39:22'),
(1160, 11, 177, 'Птичье молоко', 'Лёгкий десерт с воздушной текстурой суфле и шоколадной глазурью.', 330.00, '216 г', '/uploads/menu/1147-bakery/dish-1160.jpeg', 1, 0, 0, '2026-04-22 14:25:47', '2026-05-03 09:39:22'),
(1161, 11, 177, 'Прага (пирожное)', 'Классический шоколадный десерт с насыщенным вкусом какао и крема.', 340.00, '115 г', '/uploads/menu/1147-bakery/dish-1161.jpeg', 1, 0, 0, '2026-04-22 14:25:47', '2026-05-03 09:39:22'),
(1162, 11, 177, 'Медовик', 'Тонкие медовые коржи с нежным кремом, создающие мягкий и насыщенный вкус.', 210.00, '103 г', '/uploads/menu/1147-bakery/dish-1162.jpeg', 1, 0, 1, '2026-04-22 14:25:47', '2026-05-03 09:39:22'),
(1163, 11, 177, 'Три шоколада', 'Муссовый десерт из трёх видов шоколада с нежной текстурой.', 540.00, '196 г', '/uploads/menu/1147-bakery/dish-1163.jpeg', 1, 1, 0, '2026-04-22 14:25:47', '2026-05-03 09:39:22'),
(1164, 11, 177, 'Эклер ванильный', 'Заварное тесто с кремовой ванильной начинкой и лёгкой сладостью.', 480.00, '129 г', '/uploads/menu/1147-bakery/dish-1164.jpeg', 1, 0, 0, '2026-04-22 14:25:47', '2026-05-03 09:39:22'),
(1165, 11, 178, 'Круассан с лососем, сливочным сыром, рукколой и каперсами', 'Слоёное тесто с нежным лососем, кремовым сыром и свежей зеленью — сбалансированный и лёгкий вкус.', 230.00, '213 г', '/uploads/menu/1147-bakery/dish-1165.jpeg', 1, 0, 0, '2026-04-22 14:25:47', '2026-05-03 09:39:22'),
(1166, 11, 178, 'Круассан с малиновым вареньем', 'Классический круассан с ягодной сладкой начинкой.', 430.00, '165 г', '/uploads/menu/1147-bakery/dish-1166.jpeg', 1, 0, 0, '2026-04-22 14:25:47', '2026-05-03 09:39:22'),
(1167, 11, 178, 'Круассан с беконом и омлетом скрэмбл', 'Сытный вариант с хрустящим беконом, яйцом и сыром.', 210.00, '105 г', '/uploads/menu/1147-bakery/dish-1167.jpeg', 1, 0, 0, '2026-04-22 14:25:47', '2026-05-03 09:39:22'),
(1168, 11, 178, 'Круассан с ветчиной и сыром', 'Классическое сочетание мягкого теста, ветчины и плавленого сыра.', 200.00, '219 г', '/uploads/menu/1147-bakery/dish-1168.jpeg', 1, 0, 0, '2026-04-22 14:25:47', '2026-05-03 09:39:22'),
(1169, 11, 178, 'Круассан с лососем и рукколой', 'Лёгкий вариант с рыбой и свежей зеленью.', 230.00, '143 г', '/uploads/menu/1147-bakery/dish-1169.jpeg', 1, 0, 0, '2026-04-22 14:25:47', '2026-05-03 09:39:22'),
(1170, 11, 178, 'Круассан с яйцом пашот и гуакамоле', 'Нежное яйцо пашот с кремовым авокадо на хрустящем тесте.', 300.00, '90 г', '/uploads/menu/1147-bakery/dish-1170.jpeg', 1, 0, 1, '2026-04-22 14:25:47', '2026-05-03 09:39:22'),
(1171, 11, 179, 'Яичница с беконом, томатами черри и шпинатом', 'Классический завтрак из свежих ингредиентов с насыщенным вкусом.', 560.00, '281 г', '/uploads/menu/1147-bakery/dish-1171.jpeg', 1, 0, 0, '2026-04-22 14:25:47', '2026-05-03 09:39:22'),
(1172, 11, 179, 'Сырники с арахисовым муссом и голубикой', 'Нежные сырники с кремовой сладостью и ягодной кислинкой.', 240.00, '159 г', '/uploads/menu/1147-bakery/dish-1172.jpeg', 1, 0, 0, '2026-04-22 14:25:47', '2026-05-03 09:39:22'),
(1173, 11, 179, 'Каша овсяная на молоке с карамелью и сухофруктами', 'Тёплый завтрак с мягкой текстурой и сладким вкусом.', 570.00, '285 г', '/uploads/menu/1147-bakery/dish-1173.jpeg', 1, 0, 0, '2026-04-22 14:25:47', '2026-05-03 09:39:22'),
(1174, 11, 179, 'Омлет скрэмбл с овощами и тостами', 'Воздушный омлет с зеленью и хрустящим хлебом.', 690.00, '180 г', '/uploads/menu/1147-bakery/dish-1174.jpeg', 1, 0, 0, '2026-04-22 14:25:47', '2026-05-03 09:39:22'),
(1175, 11, 179, 'Яйцо пашот с лососем и гуакамоле', 'Сочетание нежного яйца, рыбы и авокадо.', 530.00, '352 г', '/uploads/menu/1147-bakery/dish-1175.jpeg', 1, 0, 0, '2026-04-22 14:25:47', '2026-05-03 09:39:22'),
(1176, 11, 179, 'Сырники с бананом и сметаной', 'Домашний вариант с мягким вкусом и фруктовой ноткой.', 530.00, '220 г', '/uploads/menu/1147-bakery/dish-1176.jpeg', 1, 0, 0, '2026-04-22 14:25:47', '2026-05-03 09:39:22'),
(1177, 11, 180, 'Клаб-сэндвич с индейкой, томатами и соусом', 'Многослойный сэндвич с сочной индейкой и свежими овощами.', 630.00, '317 г', '/uploads/menu/1147-bakery/dish-1177.jpeg', 1, 0, 0, '2026-04-22 14:25:47', '2026-05-03 09:39:22'),
(1178, 11, 180, 'Клаб-сэндвич с ветчиной и сыром', 'Классический вариант с насыщенным вкусом и хрустящим хлебом.', 660.00, '151 г', '/uploads/menu/1147-bakery/dish-1178.jpeg', 1, 0, 0, '2026-04-22 14:25:47', '2026-05-03 09:39:22'),
(1179, 11, 180, 'Сэндвич на тартине с индейкой и беконом', 'Плотный и сытный вариант с мясом и овощами.', 710.00, '161 г', '/uploads/menu/1147-bakery/dish-1179.jpeg', 1, 0, 1, '2026-04-22 14:25:47', '2026-05-03 09:39:22'),
(1180, 11, 180, 'Горячий сэндвич с индейкой и томатами', 'Поджаренный хлеб с расплавленным сыром и сочной начинкой.', 730.00, '380 г', '/uploads/menu/1147-bakery/dish-1180.jpeg', 1, 1, 0, '2026-04-22 14:25:47', '2026-05-03 09:39:22'),
(1181, 11, 180, 'Бриошь с беконом и яйцом скрэмбл', 'Мягкая булочка с насыщенной начинкой.', 300.00, '377 г', '/uploads/menu/1147-bakery/dish-1181.jpeg', 1, 0, 0, '2026-04-22 14:25:47', '2026-05-03 09:39:22'),
(1182, 11, 180, 'Бриошь с индейкой и яйцом', 'Сбалансированное сочетание белка и мягкого теста.', 210.00, '195 г', '/uploads/menu/1147-bakery/dish-1182.jpeg', 1, 1, 0, '2026-04-22 14:25:47', '2026-05-03 09:39:22'),
(1183, 12, 181, 'Наполеон', 'Хрустящие слоёные коржи, пропитанные сливочно-заварным кремом, приготовленные по классическому рецепту.', 580.00, '236 г', '/uploads/menu/special-napoleon/dish-1183.jpeg', 1, 0, 0, '2026-04-22 14:25:47', '2026-05-03 10:03:54'),
(1184, 12, 181, 'Наполеон с ягодами', 'Классический «Наполеон», украшенный свежими ягодами: клубникой, малиной и голубикой в различных вариантах декора.', 440.00, '228 г', '/uploads/menu/special-napoleon/dish-1184.jpeg', 1, 0, 0, '2026-04-22 14:25:47', '2026-05-03 10:03:54'),
(1185, 12, 181, 'Наполеон и Эстерхази', 'Комбинированный торт: половина — слоёный «Наполеон», половина — ореховый «Эстерхази».', 440.00, '293 г', '/uploads/menu/special-napoleon/dish-1185.jpeg', 1, 0, 1, '2026-04-22 14:25:47', '2026-05-03 10:03:54'),
(1186, 12, 181, 'Торт Эстерхази', 'Ореховый бисквит на основе миндальной муки и грецкого ореха с нежным сливочным кремом, ликёром амаретто и бельгийским шоколадом.', 240.00, '159 г', '/uploads/menu/special-napoleon/dish-1186.jpeg', 1, 0, 0, '2026-04-22 14:25:47', '2026-05-03 10:03:54'),
(1187, 12, 181, 'Торт Прага', 'Шоколадный торт с насыщенным вкусом какао, шоколада, абрикосового джема и коньяка.', 370.00, '222 г', '/uploads/menu/special-napoleon/dish-1187.jpeg', 1, 0, 0, '2026-04-22 14:25:47', '2026-05-03 10:03:54'),
(1188, 12, 181, 'Торт Четыре вкуса', 'Сочетание четырёх классических десертов: Наполеон, Медовик, Опера и Эстерхази в одном торте.', 750.00, '267 г', '/uploads/menu/special-napoleon/dish-1188.jpeg', 1, 0, 0, '2026-04-22 14:25:47', '2026-05-03 10:03:54'),
(1189, 12, 182, 'Эклер ванильный', 'Хрустящее заварное тесто с глянцевой глазурью и нежным сливочно-заварным кремом с ароматом ванили.', 510.00, '291 г', '/uploads/menu/special-napoleon/dish-1189.jpeg', 1, 0, 0, '2026-04-22 14:25:47', '2026-05-03 10:03:54'),
(1190, 12, 182, 'Эклер шоколадный', 'Заварное тесто с добавлением бельгийского шоколада, лёгкий внутри и хрустящий снаружи.', 290.00, '376 г', '/uploads/menu/special-napoleon/dish-1190.jpeg', 1, 0, 0, '2026-04-22 14:25:47', '2026-05-03 10:03:54'),
(1191, 12, 182, 'Эклер солёная карамель', 'Десерт с ярким сочетанием сладкого и солёного вкуса карамели.', 620.00, '303 г', '/uploads/menu/special-napoleon/dish-1191.jpeg', 1, 0, 0, '2026-04-22 14:25:47', '2026-05-03 10:03:54'),
(1192, 12, 182, 'Эклер фисташковый', 'Эклер с кремом на основе натуральной фисташки.', 490.00, '345 г', '/uploads/menu/special-napoleon/dish-1192.jpeg', 1, 1, 0, '2026-04-22 14:25:47', '2026-05-03 10:03:54'),
(1193, 12, 182, 'Эклер тропики', 'Крем из манго, маракуйи и юдзу с балансом сладости и кислинки.', 640.00, '358 г', '/uploads/menu/special-napoleon/dish-1193.jpeg', 1, 0, 0, '2026-04-22 14:25:47', '2026-05-03 10:03:54'),
(1194, 12, 182, 'Порционный', 'Порционный из категории \"Медовик\" ресторана Special Napoleon.', 550.00, '336 г', '/uploads/menu/placeholder.svg', 0, 0, 0, '2026-04-22 14:25:47', '2026-05-03 09:56:03'),
(1195, 12, 183, 'Пирожное Картошка', 'Десерт из шоколадного бисквита с добавлением какао, арахиса и бельгийского шоколада.', 360.00, '135 г', '/uploads/menu/special-napoleon/dish-1195.jpeg', 1, 1, 0, '2026-04-22 14:25:47', '2026-05-03 10:03:54'),
(1196, 12, 183, 'Наполеон (кусочек)', 'Слоёные коржи, пропитанные сливочно-заварным кремом, классический вариант в порции.', 490.00, '97 г', '/uploads/menu/special-napoleon/dish-1196.jpeg', 1, 1, 0, '2026-04-22 14:25:47', '2026-05-03 10:03:54'),
(1197, 12, 183, 'Медовик (кусочек)', 'Нежные медовые коржи со сливочно-заварным кремом.', 310.00, '116 г', '/uploads/menu/special-napoleon/dish-1197.jpeg', 1, 1, 0, '2026-04-22 14:25:47', '2026-05-03 10:03:54'),
(1198, 12, 183, 'Медовик с варёной сгущёнкой (кусочек)', 'Сметанный медовик с добавлением варёной сгущёнки.', 550.00, '103 г', '/uploads/menu/special-napoleon/dish-1198.jpeg', 1, 1, 0, '2026-04-22 14:25:47', '2026-05-03 10:03:54'),
(1199, 12, 183, 'Пирожное Опера', 'Миндальный бисквит «Джоконда» с кофейной пропиткой, кофейно-шоколадный вкус.', 350.00, '215 г', '/uploads/menu/special-napoleon/dish-1199.jpeg', 1, 0, 0, '2026-04-22 14:25:47', '2026-05-03 10:03:54'),
(1200, 12, 183, 'Пирожное Прага', 'Шоколадный десерт с нотами какао, абрикосового джема и коньяка.', 420.00, '194 г', '/uploads/menu/special-napoleon/dish-1200.jpeg', 1, 0, 0, '2026-04-22 14:25:47', '2026-05-03 10:03:54'),
(1201, 12, 184, 'Картошка', 'Картошка из категории \"Десерты\" ресторана Special Napoleon.', 540.00, '206 г', '/uploads/menu/chia-mango.svg', 0, 0, 0, '2026-04-22 14:25:47', '2026-05-03 09:56:03'),
(1202, 12, 184, 'Меренговый рулет', 'Меренговый рулет из категории \"Десерты\" ресторана Special Napoleon.', 430.00, '212 г', '/uploads/menu/chia-mango.svg', 0, 0, 0, '2026-04-22 14:25:47', '2026-05-03 09:56:03'),
(1203, 12, 184, 'Трубочка', 'Трубочка из категории \"Десерты\" ресторана Special Napoleon.', 490.00, '152 г', '/uploads/menu/chia-mango.svg', 0, 0, 0, '2026-04-22 14:25:47', '2026-05-03 09:56:03'),
(1204, 12, 184, 'Эклер', 'Эклер из категории \"Десерты\" ресторана Special Napoleon.', 540.00, '199 г', '/uploads/menu/chia-mango.svg', 0, 0, 0, '2026-04-22 14:25:47', '2026-05-03 09:56:03'),
(1205, 12, 184, 'Пирожное', 'Пирожное из категории \"Десерты\" ресторана Special Napoleon.', 410.00, '161 г', '/uploads/menu/chia-mango.svg', 0, 0, 0, '2026-04-22 14:25:47', '2026-05-03 09:56:03'),
(1206, 12, 184, 'Ассорти', 'Ассорти из категории \"Десерты\" ресторана Special Napoleon.', 450.00, '213 г', '/uploads/menu/chia-mango.svg', 0, 0, 1, '2026-04-22 14:25:47', '2026-05-03 09:56:03'),
(1207, 16, 185, 'Парфе из печени индейки с черносливом', 'Нежное парфе с лёгкой сладостью чернослива.', 310.00, '115 г', '/uploads/menu/kultura-vstrechi/dish-1207.jpeg', 1, 0, 0, '2026-04-22 14:25:47', '2026-05-03 14:46:55'),
(1208, 16, 185, 'Риет из форели с редисом и пряными огурцами', 'Паштет из форели с хрустящими овощами.', 240.00, '118 г', '/uploads/menu/kultura-vstrechi/dish-1208.jpeg', 1, 0, 0, '2026-04-22 14:25:47', '2026-05-03 14:46:01'),
(1209, 16, 185, 'Сырные гужеры с подкопченной форелью', 'Воздушные сырные булочки с рыбой.', 240.00, '102 г', '/uploads/menu/kultura-vstrechi/dish-1209.jpeg', 1, 0, 0, '2026-04-22 14:25:47', '2026-05-03 14:46:01'),
(1210, 16, 185, 'Гравлакс из форели со свеклой и кремом из хрена', 'Маринованная форель с пикантным кремом.', 320.00, '310 г', '/uploads/menu/kultura-vstrechi/dish-1210.jpeg', 1, 0, 0, '2026-04-22 14:25:47', '2026-05-03 14:46:38'),
(1211, 16, 185, 'Домашний хлеб с медово-сливочным маслом', 'Свежий хлеб с ароматным маслом.', 450.00, '165 г', '/uploads/menu/kultura-vstrechi/dish-1211.jpeg', 1, 0, 0, '2026-04-22 14:25:47', '2026-05-03 14:46:01'),
(1212, 16, 185, 'Соленые белые грибы', 'Классическая холодная закуска из грибов.', 380.00, '243 г', '/uploads/menu/kultura-vstrechi/dish-1212.jpeg', 1, 0, 0, '2026-04-22 14:25:47', '2026-05-03 14:46:17'),
(1213, 16, 186, 'Борщ говяжий', 'Насыщенный борщ с говядиной.', 440.00, '291 г', '/uploads/menu/kultura-vstrechi/dish-1213.jpeg', 1, 0, 0, '2026-04-22 14:25:47', '2026-05-03 14:46:01'),
(1214, 16, 186, 'Куриный бульон с фрикадельками и яйцом', 'Лёгкий бульон с мясными шариками.', 480.00, '325 г', '/uploads/menu/kultura-vstrechi/dish-1214.jpeg', 1, 0, 0, '2026-04-22 14:25:47', '2026-05-03 14:46:01'),
(1215, 16, 186, 'Рыбный суп с форелью и сибасом', 'Ароматный суп из нескольких видов рыбы.', 450.00, '314 г', '/uploads/menu/kultura-vstrechi/dish-1215.jpeg', 1, 0, 0, '2026-04-22 14:25:47', '2026-05-03 14:46:01'),
(1216, 16, 186, 'Грибной суп', 'Грибной суп из категории \"Супы\" ресторана Культура Встречи.', 450.00, '394 г', '/uploads/menu/salmon-bowl.svg', 0, 0, 0, '2026-04-22 14:25:47', '2026-05-03 14:31:37'),
(1217, 16, 186, 'Овощной суп', 'Овощной суп из категории \"Супы\" ресторана Культура Встречи.', 260.00, '282 г', '/uploads/menu/salmon-bowl.svg', 0, 0, 0, '2026-04-22 14:25:47', '2026-05-03 14:31:37'),
(1218, 16, 186, 'Суп дня', 'Суп дня из категории \"Супы\" ресторана Культура Встречи.', 440.00, '281 г', '/uploads/menu/salmon-bowl.svg', 0, 0, 0, '2026-04-22 14:25:47', '2026-05-03 14:31:37'),
(1219, 16, 187, 'Бургер Культура Встречи', 'Сочный бургер с мясной котлетой и соусом.', 870.00, '270 г', '/uploads/menu/kultura-vstrechi/dish-1219.jpeg', 1, 0, 0, '2026-04-22 14:25:47', '2026-05-03 14:46:01'),
(1220, 16, 187, 'Котлета из говядины с картофельным пюре', 'Домашняя котлета с нежным пюре.', 700.00, '338 г', '/uploads/menu/kultura-vstrechi/dish-1220.jpeg', 1, 0, 0, '2026-04-22 14:25:47', '2026-05-03 14:46:01'),
(1221, 16, 187, 'Голубцы с мясом и грибным соусом', 'Традиционные голубцы с насыщенным соусом.', 770.00, '395 г', '/uploads/menu/kultura-vstrechi/dish-1221.jpeg', 1, 0, 0, '2026-04-22 14:25:47', '2026-05-03 14:47:42'),
(1222, 16, 187, 'Пельмени со свининой и говядиной в креме бульоне', 'Классические пельмени в бульоне.', 450.00, '227 г', '/uploads/menu/kultura-vstrechi/dish-1222.jpeg', 1, 0, 0, '2026-04-22 14:25:47', '2026-05-03 14:46:01'),
(1223, 16, 187, 'Томленая говяжья щека в винном соусе', 'Мягкое мясо в насыщенном соусе.', 810.00, '488 г', '/uploads/menu/kultura-vstrechi/dish-1223.jpeg', 1, 0, 0, '2026-04-22 14:25:47', '2026-05-03 14:47:31'),
(1224, 16, 187, 'Сибас в кляре с соусом тартар', 'Хрустящая рыба с соусом.', 900.00, '353 г', '/uploads/menu/kultura-vstrechi/dish-1224.jpeg', 1, 0, 1, '2026-04-22 14:25:47', '2026-05-03 14:46:01'),
(1225, 16, 188, 'Медовик', 'Классический торт с медовыми коржами.', 350.00, '210 г', '/uploads/menu/kultura-vstrechi/dish-1225.jpeg', 1, 0, 0, '2026-04-22 14:25:47', '2026-05-03 14:46:01'),
(1226, 16, 188, 'Пари-Брест', 'Французский десерт с кремом и орехами.', 440.00, '174 г', '/uploads/menu/kultura-vstrechi/dish-1226.jpeg', 1, 0, 0, '2026-04-22 14:25:47', '2026-05-03 14:46:01'),
(1227, 16, 188, 'Творожные кольца', 'Воздушное тесто с творожной начинкой.', 350.00, '111 г', '/uploads/menu/kultura-vstrechi/dish-1227.jpeg', 1, 0, 0, '2026-04-22 14:25:47', '2026-05-03 14:46:01'),
(1228, 16, 188, 'Чизкейк', 'Нежный сливочный десерт.', 440.00, '187 г', '/uploads/menu/kultura-vstrechi/dish-1228.jpeg', 1, 0, 0, '2026-04-22 14:25:47', '2026-05-03 14:46:01'),
(1229, 16, 188, 'Конфета с фисташкой', 'Шоколадная конфета с начинкой.', 280.00, '175 г', '/uploads/menu/kultura-vstrechi/dish-1229.jpeg', 1, 0, 0, '2026-04-22 14:25:47', '2026-05-03 14:46:01'),
(1230, 16, 188, 'Конфета с трюфельной начинкой', 'Классическая шоколадная конфета.', 500.00, '97 г', '/uploads/menu/kultura-vstrechi/dish-1230.jpeg', 1, 0, 0, '2026-04-22 14:25:47', '2026-05-03 14:46:01'),
(1231, 17, 189, 'Круассан с миндалём', 'Слоёный круассан с миндальной начинкой и хрустящей корочкой.', 300.00, '110 г', '/uploads/menu/kofemaniya/dish-1231.jpeg', 1, 1, 0, '2026-04-22 14:25:47', '2026-05-03 12:13:15'),
(1232, 17, 189, 'Колбаски из индейки', 'Обжаренные колбаски из индейки, подаются горячими.', 640.00, '150 г', '/uploads/menu/kofemaniya/dish-1232.jpeg', 1, 0, 1, '2026-04-22 14:25:47', '2026-05-03 12:13:15'),
(1233, 17, 189, 'Утро в Кофемании', 'Сытный завтрак с яйцом, овощами, зеленью и гарниром.', 330.00, '420 г', '/uploads/menu/kofemaniya/dish-1233.jpeg', 1, 0, 0, '2026-04-22 14:25:47', '2026-05-03 12:13:15'),
(1234, 17, 189, 'Драники с крабом', 'Картофельные драники с крабовым мясом и яйцом пашот.', 350.00, '330 г', '/uploads/menu/kofemaniya/dish-1234.jpeg', 1, 0, 1, '2026-04-22 14:25:47', '2026-05-03 12:13:15'),
(1235, 17, 189, 'Лосось с драниками', 'Драники с слабосолёным лососем и яйцом пашот.', 390.00, '330 г', '/uploads/menu/kofemaniya/dish-1235.jpeg', 1, 0, 0, '2026-04-22 14:25:47', '2026-05-03 12:13:15'),
(1236, 17, 189, 'Ванильные сырники', 'Творожные сырники с нежной ванильной ноткой.', 660.00, '300 г', '/uploads/menu/kofemaniya/dish-1236.jpeg', 1, 1, 0, '2026-04-22 14:25:47', '2026-05-03 12:13:15'),
(1237, 17, 190, 'Цезарь с глазуньей', 'Салат с курицей, листьями салата, сыром и яйцом глазунья.', 640.00, '270 г', '/uploads/menu/kofemaniya/dish-1237.jpeg', 1, 0, 0, '2026-04-22 14:25:47', '2026-05-03 12:13:15'),
(1238, 17, 190, 'Оливье с перепёлкой', 'Классический салат с мясом перепёлки и овощами.', 520.00, '240 г', '/uploads/menu/kofemaniya/dish-1238.jpeg', 1, 1, 1, '2026-04-22 14:25:47', '2026-05-03 12:13:15'),
(1239, 17, 190, 'Бора-Бора', 'Салат с креветками, авокадо и свежими овощами.', 440.00, '240 г', '/uploads/menu/kofemaniya/dish-1239.jpeg', 1, 0, 0, '2026-04-22 14:25:47', '2026-05-03 12:13:15'),
(1240, 17, 190, 'Весенний салат', 'Свежие овощи, зелень и лёгкая заправка.', 710.00, '260 г', '/uploads/menu/kofemaniya/dish-1240.jpeg', 1, 0, 0, '2026-04-22 14:25:47', '2026-05-03 12:13:15'),
(1241, 17, 190, 'Буррата', 'Сыр буррата с томатами и оливковым маслом.', 350.00, '240 г', '/uploads/menu/kofemaniya/dish-1241.jpeg', 1, 0, 0, '2026-04-22 14:25:47', '2026-05-03 12:13:15'),
(1242, 17, 190, 'Оливье с крабом', 'Классический салат с крабом и овощами.', 210.00, '240 г', '/uploads/menu/kofemaniya/dish-1242.jpeg', 1, 0, 0, '2026-04-22 14:25:47', '2026-05-03 12:13:15'),
(1243, 17, 191, 'Грибной суп', 'Наваристый суп с грибами и сливочной текстурой.', 420.00, '300 г', '/uploads/menu/kofemaniya/dish-1243.jpeg', 1, 0, 0, '2026-04-22 14:25:47', '2026-05-03 12:13:15'),
(1244, 17, 191, 'Бессарабский крем-суп из тыквы', 'Крем-суп из тыквы с нежным сливочным вкусом.', 310.00, '300 г', '/uploads/menu/kofemaniya/dish-1244.jpeg', 1, 0, 0, '2026-04-22 14:25:47', '2026-05-03 12:13:15'),
(1245, 17, 191, 'Борщ', 'Классический борщ с мясом и овощами.', 260.00, '300 г', '/uploads/menu/kofemaniya/dish-1245.jpeg', 1, 0, 0, '2026-04-22 14:25:47', '2026-05-03 12:13:15'),
(1246, 17, 191, 'Домашняя лапша', 'Куриный суп с лапшой и яйцом.', 400.00, '300 г', '/uploads/menu/kofemaniya/dish-1246.jpeg', 1, 0, 0, '2026-04-22 14:25:47', '2026-05-03 12:13:15'),
(1247, 17, 191, 'Томатный суп', 'Томатный суп из категории \"Супы\" ресторана Кофемания.', 330.00, '408 г', '/uploads/menu/salmon-bowl.svg', 0, 0, 0, '2026-04-22 14:25:47', '2026-05-03 12:02:08'),
(1248, 17, 191, 'Щавелевый', 'Щавелевый из категории \"Супы\" ресторана Кофемания.', 450.00, '300 г', '/uploads/menu/salmon-bowl.svg', 0, 0, 0, '2026-04-22 14:25:47', '2026-05-03 12:02:08'),
(1249, 17, 192, 'Шницель по-милански', 'Мясо в хрустящей панировке, подаётся горячим.', 840.00, '310 г', '/uploads/menu/kofemaniya/dish-1249.jpeg', 1, 0, 0, '2026-04-22 14:25:47', '2026-05-03 12:13:15'),
(1250, 17, 192, 'Большая котлета из говядины', 'Сочная говяжья котлета увеличенного размера с гарниром.', 340.00, '300 г', '/uploads/menu/kofemaniya/dish-1250.jpeg', 1, 0, 0, '2026-04-22 14:25:47', '2026-05-03 12:13:15'),
(1251, 17, 192, 'Бефстроганов с картофельным пюре', 'Говядина в сливочном соусе с картофельным пюре.', 780.00, '350 г', '/uploads/menu/kofemaniya/dish-1251.jpeg', 1, 0, 1, '2026-04-22 14:25:47', '2026-05-03 12:13:15'),
(1252, 17, 192, 'Пожарская котлета', 'Куриная котлета с нежной текстурой.', 530.00, '320 г', '/uploads/menu/kofemaniya/dish-1252.jpeg', 1, 0, 0, '2026-04-22 14:25:47', '2026-05-03 12:13:15'),
(1253, 17, 192, 'Лосось на пару', 'Филе лосося, приготовленное на пару.', 450.00, '280 г', '/uploads/menu/kofemaniya/dish-1253.jpeg', 1, 1, 0, '2026-04-22 14:25:47', '2026-05-03 12:13:15'),
(1254, 17, 192, 'Жареный рис с морепродуктами', 'Рис с морепродуктами и овощами.', 700.00, '300 г', '/uploads/menu/kofemaniya/dish-1254.jpeg', 1, 0, 0, '2026-04-22 14:25:47', '2026-05-03 12:13:15'),
(1255, 17, 193, 'Сметанник', 'Нежный торт со сметанным кремом.', 500.00, '150 г', '/uploads/menu/kofemaniya/dish-1255.jpeg', 1, 1, 0, '2026-04-22 14:25:47', '2026-05-03 12:13:15'),
(1256, 17, 193, 'Французский торт', 'Бисквитный десерт с кремом.', 290.00, '150 г', '/uploads/menu/kofemaniya/dish-1256.jpeg', 1, 0, 1, '2026-04-22 14:25:47', '2026-05-03 12:13:15'),
(1257, 17, 193, 'Йогурт Кофемания', 'Десерт на основе йогурта с мягкой текстурой.', 490.00, '200 г', '/uploads/menu/kofemaniya/dish-1257.jpeg', 1, 0, 0, '2026-04-22 14:25:47', '2026-05-03 12:13:15'),
(1258, 17, 193, 'Панна котта', 'Сливочный десерт с ягодным соусом.', 280.00, '150 г', '/uploads/menu/kofemaniya/dish-1258.jpeg', 1, 0, 0, '2026-04-22 14:25:47', '2026-05-03 12:13:15'),
(1259, 17, 193, 'Эклер ванильный', 'Заварное тесто с ванильным кремом.', 230.00, '90 г', '/uploads/menu/kofemaniya/dish-1259.jpeg', 1, 0, 0, '2026-04-22 14:25:47', '2026-05-03 12:13:15'),
(1260, 17, 193, 'Глория', 'Фирменный десерт с нежной кремовой текстурой.', 430.00, '150 г', '/uploads/menu/kofemaniya/dish-1260.jpeg', 1, 0, 0, '2026-04-22 14:25:47', '2026-05-03 12:13:15'),
(1261, 17, 194, 'Raf Moss', 'Нежный кофейный напиток на основе эспрессо, сливок и сахара с кремовой текстурой.', 140.00, '300 мл', '/uploads/menu/kofemaniya/dish-1261.jpeg', 1, 0, 0, '2026-04-22 14:25:47', '2026-05-03 12:13:15'),
(1262, 17, 194, 'Латте Матча', 'Напиток на основе зелёного чая матча с молоком, мягкий и слегка сладковатый.', 140.00, '300 мл', '/uploads/menu/kofemaniya/dish-1262.jpeg', 1, 0, 0, '2026-04-22 14:25:47', '2026-05-03 12:13:15'),
(1263, 17, 194, 'Бамбл', 'Освежающий кофе с апельсиновым соком и льдом, яркий и бодрящий вкус.', 260.00, '300 мл', '/uploads/menu/kofemaniya/dish-1263.jpeg', 1, 1, 0, '2026-04-22 14:25:47', '2026-05-03 12:13:15'),
(1264, 17, 194, 'Айс-латте', 'Классический холодный кофе с молоком и льдом.', 230.00, '300 мл', '/uploads/menu/kofemaniya/dish-1264.jpeg', 1, 1, 0, '2026-04-22 14:25:47', '2026-05-03 12:13:15'),
(1265, 17, 194, 'Эрл Грей', 'Чёрный чай с характерным ароматом бергамота.', 200.00, '400 мл', '/uploads/menu/kofemaniya/dish-1265.jpeg', 1, 0, 0, '2026-04-22 14:25:47', '2026-05-03 12:13:15'),
(1266, 17, 194, 'Имбирный чай', 'Горячий напиток с имбирём, обладает согревающим и пряным вкусом.', 210.00, '400 мл', '/uploads/menu/kofemaniya/dish-1266.jpeg', 1, 0, 0, '2026-04-22 14:25:47', '2026-05-03 12:13:15'),
(1267, 18, 195, 'Блин Золотая рыбка', 'Блин с лососем и сливочным сыром.', 570.00, '461 г', '/uploads/menu/teremok/dish-1267.jpeg', 1, 0, 0, '2026-04-22 14:25:47', '2026-05-03 13:15:03'),
(1268, 18, 195, 'Блин E-mail с грибами и сыром', 'Блин с грибной начинкой и сыром.', 720.00, '332 г', '/uploads/menu/teremok/dish-1268.jpeg', 1, 0, 0, '2026-04-22 14:25:47', '2026-05-03 13:15:03'),
(1269, 18, 195, 'Блин Жюльен', 'Блин с курицей, грибами и сливочным соусом.', 570.00, '341 г', '/uploads/menu/teremok/dish-1269.jpeg', 1, 0, 0, '2026-04-22 14:25:47', '2026-05-03 13:15:03'),
(1270, 18, 195, 'Блин с красной икрой', 'Классический блин с красной икрой.', 530.00, '494 г', '/uploads/menu/teremok/dish-1270.jpeg', 1, 0, 0, '2026-04-22 14:25:47', '2026-05-03 13:15:03'),
(1271, 18, 195, 'Блин Хачапури', 'Блин с сырной начинкой в стиле хачапури.', 370.00, '403 г', '/uploads/menu/teremok/dish-1271.jpeg', 1, 0, 0, '2026-04-22 14:25:47', '2026-05-03 13:15:03'),
(1272, 18, 195, 'Блин с сёмгой', 'Блин с нежной слабосолёной сёмгой.', 470.00, '323 г', '/uploads/menu/teremok/dish-1272.jpeg', 1, 0, 1, '2026-04-22 14:25:47', '2026-05-03 13:15:03'),
(1273, 18, 196, 'Блин Лаванда с заварным кремом', 'Блин с ароматным кремом.', 510.00, '390 г', '/uploads/menu/teremok/dish-1273.jpeg', 1, 0, 1, '2026-04-22 14:25:47', '2026-05-03 13:15:03'),
(1274, 18, 196, 'Блин Покровский', 'Блин с шоколадной пастой и орехами.', 700.00, '235 г', '/uploads/menu/teremok/dish-1274.jpeg', 1, 0, 1, '2026-04-22 14:25:47', '2026-05-03 13:15:03'),
(1275, 18, 196, 'Блин Ватрушка', 'Блин с творожной начинкой.', 820.00, '449 г', '/uploads/menu/teremok/dish-1275.jpeg', 1, 0, 0, '2026-04-22 14:25:47', '2026-05-03 13:15:03'),
(1276, 18, 196, 'Блин с шоколадным кремом', 'Блин с насыщенным шоколадом.', 390.00, '491 г', '/uploads/menu/teremok/dish-1276.jpeg', 1, 0, 0, '2026-04-22 14:25:47', '2026-05-03 13:15:03'),
(1277, 18, 196, 'Блин сгущёнка', 'Блин со сгущённым молоком.', 650.00, '430 г', '/uploads/menu/teremok/dish-1277.jpeg', 1, 0, 0, '2026-04-22 14:25:47', '2026-05-03 13:15:03'),
(1278, 18, 196, 'Блинчик с вишнёвым вареньем', 'Блин с вишнёвым вареньем.', 720.00, '236 г', '/uploads/menu/teremok/dish-1278.jpeg', 1, 0, 0, '2026-04-22 14:25:47', '2026-05-03 13:15:03'),
(1279, 18, 197, 'Окрошка Домашняя на квасе', 'Освежающий холодный суп на квасе.', 260.00, '368 г', '/uploads/menu/teremok/dish-1279.jpeg', 1, 0, 1, '2026-04-22 14:25:47', '2026-05-03 13:15:03'),
(1280, 18, 197, 'Борщ Теремковский', 'Классический борщ со сметаной.', 450.00, '295 г', '/uploads/menu/teremok/dish-1280.jpeg', 1, 0, 0, '2026-04-22 14:25:47', '2026-05-03 13:15:03'),
(1281, 18, 197, 'Лапша куриная с фрикадельками', 'Куриный суп с лапшой и фрикадельками.', 310.00, '280 г', '/uploads/menu/teremok/dish-1281.jpeg', 1, 0, 0, '2026-04-22 14:25:48', '2026-05-03 13:15:03'),
(1282, 18, 197, 'Суп гороховый с копчёностями', 'Наваристый гороховый суп.', 350.00, '307 г', '/uploads/menu/teremok/dish-1282.jpeg', 1, 0, 0, '2026-04-22 14:25:48', '2026-05-03 13:15:03'),
(1283, 18, 197, 'Суп грибной с чипсами', 'Грибной суп с хрустящими чипсами.', 490.00, '423 г', '/uploads/menu/teremok/dish-1283.jpeg', 1, 0, 0, '2026-04-22 14:25:48', '2026-05-03 13:15:03'),
(1284, 18, 197, 'Сырный крем-суп', 'Нежный сливочно-сырный суп.', 400.00, '302 г', '/uploads/menu/teremok/dish-1284.jpeg', 1, 1, 0, '2026-04-22 14:25:48', '2026-05-03 13:15:03'),
(1285, 18, 198, 'Рыбные котлетки с гарниром', 'Рыбные котлеты с гарниром.', 860.00, '242 г', '/uploads/menu/teremok/dish-1285.jpeg', 1, 0, 0, '2026-04-22 14:25:48', '2026-05-03 13:15:03'),
(1286, 18, 198, 'Сёмга с гарниром', 'Филе сёмги с гарниром.', 830.00, '496 г', '/uploads/menu/teremok/dish-1286.jpeg', 1, 0, 0, '2026-04-22 14:25:48', '2026-05-03 13:15:03'),
(1287, 18, 198, 'Томлёная куриная грудка с гарниром', 'Нежная куриная грудка.', 920.00, '293 г', '/uploads/menu/teremok/dish-1287.jpeg', 1, 0, 0, '2026-04-22 14:25:48', '2026-05-03 13:15:03'),
(1288, 18, 198, 'Котлетки куриные с гарниром', 'Домашние куриные котлеты.', 690.00, '350 г', '/uploads/menu/teremok/dish-1288.jpeg', 1, 1, 0, '2026-04-22 14:25:48', '2026-05-03 13:15:03'),
(1289, 18, 198, 'Котлеты Домашние с гарниром', 'Классические мясные котлеты.', 340.00, '281 г', '/uploads/menu/teremok/dish-1289.jpeg', 1, 0, 0, '2026-04-22 14:25:48', '2026-05-03 13:15:03'),
(1290, 18, 198, 'Сосиски с гарниром', 'Сосиски с гарниром.', 710.00, '411 г', '/uploads/menu/teremok/dish-1290.jpeg', 1, 1, 0, '2026-04-22 14:25:48', '2026-05-03 13:15:03'),
(1291, 18, 199, 'Питень в бутылке', 'Газированный напиток.', 280.00, '425 мл', '/uploads/menu/teremok/dish-1291.jpeg', 1, 1, 0, '2026-04-22 14:25:48', '2026-05-03 13:15:03'),
(1292, 18, 199, 'Лимонад Кола-ваниль', 'Сладкий газированный напиток.', 310.00, '449 мл', '/uploads/menu/teremok/dish-1292.png', 1, 0, 0, '2026-04-22 14:25:48', '2026-05-03 13:15:03'),
(1293, 18, 199, 'Лимонад Лаванда', 'Освежающий лимонад с ароматом лаванды.', 290.00, '490 мл', '/uploads/menu/teremok/dish-1293.png', 1, 0, 0, '2026-04-22 14:25:48', '2026-05-03 13:15:03'),
(1294, 18, 199, 'Лимонад Малина-Брусника', 'Ягодный лимонад.', 270.00, '379 мл', '/uploads/menu/teremok/dish-1294.png', 1, 0, 0, '2026-04-22 14:25:48', '2026-05-03 13:15:03'),
(1295, 18, 199, 'Квас в бутылке', 'Традиционный хлебный напиток.', 200.00, '313 мл', '/uploads/menu/teremok/dish-1295.jpeg', 1, 0, 1, '2026-04-22 14:25:48', '2026-05-03 13:15:03'),
(1296, 18, 199, 'Морс в бутылке', 'Ягодный освежающий напиток.', 270.00, '494 мл', '/uploads/menu/teremok/dish-1296.jpeg', 1, 0, 0, '2026-04-22 14:25:48', '2026-05-03 13:15:03'),
(1297, 13, 200, 'Татаки из говядины с костным мозгом', 'Тонко нарезанная говядина с костным мозгом, подаётся с соусом.', 230.00, '140 г', '/uploads/menu/osteria-amici/dish-1297.jpeg', 1, 1, 0, '2026-04-22 14:25:48', '2026-05-03 12:49:19'),
(1298, 13, 200, 'Эдамаме с трюфелем', 'Соевые бобы с ароматом трюфеля.', 230.00, '295 г', '/uploads/menu/osteria-amici/dish-1298.jpeg', 1, 0, 0, '2026-04-22 14:25:48', '2026-05-03 12:49:19'),
(1299, 13, 200, 'Кальмары в кляре', 'Обжаренные кальмары в хрустящем кляре.', 500.00, '221 г', '/uploads/menu/osteria-amici/dish-1299.jpeg', 1, 0, 0, '2026-04-22 14:25:48', '2026-05-03 12:49:19'),
(1300, 13, 200, 'Креветки Катаифи', 'Креветки в хрустящем тесте катаифи.', 400.00, '317 г', '/uploads/menu/osteria-amici/dish-1300.jpeg', 1, 0, 0, '2026-04-22 14:25:48', '2026-05-03 12:49:19'),
(1301, 13, 200, 'Попкорн из осьминога', 'Кусочки осьминога в хрустящей панировке.', 290.00, '108 г', '/uploads/menu/osteria-amici/dish-1301.jpeg', 1, 1, 0, '2026-04-22 14:25:48', '2026-05-03 12:49:19'),
(1302, 13, 200, 'Карпаччо из осьминога', 'Тонко нарезанный осьминог с соусом и специями.', 450.00, '176 г', '/uploads/menu/osteria-amici/dish-1302.jpeg', 1, 1, 1, '2026-04-22 14:25:48', '2026-05-03 12:49:19'),
(1303, 13, 201, 'Салат битые огурцы', 'Огурцы с заправкой и специями.', 470.00, '349 г', '/uploads/menu/osteria-amici/dish-1303.jpeg', 1, 0, 0, '2026-04-22 14:25:48', '2026-05-03 12:49:19'),
(1304, 13, 201, 'Салат Кайсо', 'Салат с морскими водорослями.', 210.00, '157 г', '/uploads/menu/osteria-amici/dish-1304.jpeg', 1, 0, 0, '2026-04-22 14:25:48', '2026-05-03 12:49:19'),
(1305, 13, 201, 'Салат с крабом и авокадо', 'Крабовое мясо с авокадо и лёгкой заправкой.', 510.00, '259 г', '/uploads/menu/osteria-amici/dish-1305.jpeg', 1, 0, 0, '2026-04-22 14:25:48', '2026-05-03 12:49:19'),
(1306, 13, 201, 'Салат с хрустящими баклажанами и креветками', 'Баклажаны и креветки с соусом.', 730.00, '353 г', '/uploads/menu/osteria-amici/dish-1306.jpeg', 1, 1, 0, '2026-04-22 14:25:48', '2026-05-03 12:49:19'),
(1307, 13, 201, 'Салат чука с угрём', 'Водоросли чука с угрём.', 700.00, '352 г', '/uploads/menu/osteria-amici/dish-1307.jpeg', 1, 0, 0, '2026-04-22 14:25:48', '2026-05-03 12:49:19'),
(1308, 13, 201, 'Салат с руколой и креветками Италия', 'Рукола, креветки и соус.', 730.00, '151 г', '/uploads/menu/osteria-amici/dish-1308.jpeg', 1, 0, 0, '2026-04-22 14:25:48', '2026-05-03 12:49:19'),
(1309, 13, 202, 'Вода газированная Tassay', 'Газированная минеральная вода.', 290.00, '750 мл', '/uploads/menu/osteria-amici/dish-1309.jpeg', 1, 0, 0, '2026-04-22 14:25:48', '2026-05-03 12:49:19'),
(1310, 13, 202, 'Ванильный милкшейк', 'Молочный коктейль с ванилью.', 280.00, '295 г', '/uploads/menu/osteria-amici/dish-1310.jpeg', 1, 0, 0, '2026-04-22 14:25:48', '2026-05-03 12:49:19'),
(1311, 13, 202, 'Шоколадный милкшейк', 'Молочный коктейль с шоколадом.', 290.00, '315 г', '/uploads/menu/osteria-amici/dish-1311.jpeg', 1, 0, 0, '2026-04-22 14:25:48', '2026-05-03 12:49:19'),
(1312, 13, 202, 'Милкшейк Сникерс', 'Коктейль со вкусом шоколада и карамели.', 520.00, '310 г', '/uploads/menu/osteria-amici/dish-1312.jpeg', 1, 0, 0, '2026-04-22 14:25:48', '2026-05-03 12:49:19'),
(1313, 13, 202, 'Лимонад Манго-Маракуйя', 'Освежающий фруктовый лимонад.', 440.00, '300 мл', '/uploads/menu/osteria-amici/dish-1313.jpeg', 1, 0, 0, '2026-04-22 14:25:48', '2026-05-03 12:49:19'),
(1314, 13, 202, 'Апельсиновый фреш', 'Свежевыжатый апельсиновый сок.', 280.00, '250 мл', '/uploads/menu/osteria-amici/dish-1314.jpeg', 1, 0, 0, '2026-04-22 14:25:48', '2026-05-03 12:49:19'),
(1315, 13, 203, 'Паста с лососем в соусе рамеско', 'Паста с лососем и соусом рамеско.', 930.00, '481 г', '/uploads/menu/osteria-amici/dish-1315.jpeg', 1, 0, 0, '2026-04-22 14:25:48', '2026-05-03 12:49:19'),
(1316, 13, 203, 'Лингвини с морепродуктами', 'Паста с морепродуктами.', 410.00, '517 г', '/uploads/menu/osteria-amici/dish-1316.jpeg', 1, 0, 0, '2026-04-22 14:25:48', '2026-05-03 12:49:19'),
(1317, 13, 203, 'Ризотто с белыми грибами', 'Рис с белыми грибами в сливочном соусе.', 510.00, '505 г', '/uploads/menu/osteria-amici/dish-1317.jpeg', 1, 0, 0, '2026-04-22 14:25:48', '2026-05-03 12:49:19'),
(1318, 13, 203, 'Ризотто с креветками и спаржей', 'Рис с креветками и спаржей.', 810.00, '470 г', '/uploads/menu/osteria-amici/dish-1318.jpeg', 1, 0, 0, '2026-04-22 14:25:48', '2026-05-03 12:49:19'),
(1319, 13, 203, 'Карбонара с панчеттой (без сливок)', 'Классическая карбонара с панчеттой.', 890.00, '302 г', '/uploads/menu/osteria-amici/dish-1319.jpeg', 1, 0, 0, '2026-04-22 14:25:48', '2026-05-03 12:49:19'),
(1320, 13, 203, 'Спагетти Болоньезе', 'Паста с мясным соусом.', 710.00, '474 г', '/uploads/menu/osteria-amici/dish-1320.jpeg', 1, 0, 0, '2026-04-22 14:25:48', '2026-05-03 12:49:19'),
(1321, 13, 204, 'Пицца Пепперони', 'Пицца с томатным соусом и пепперони.', 1000.00, '477 г', '/uploads/menu/osteria-amici/dish-1321.jpeg', 1, 0, 0, '2026-04-22 14:25:48', '2026-05-03 12:49:19'),
(1322, 13, 204, 'Пицца Дьябло', 'Острая пицца с мясной начинкой.', 850.00, '604 г', '/uploads/menu/osteria-amici/dish-1322.jpeg', 1, 1, 0, '2026-04-22 14:25:48', '2026-05-03 12:49:19'),
(1323, 13, 204, 'Пицца с морепродуктами', 'Пицца с морепродуктами и сыром.', 740.00, '635 г', '/uploads/menu/osteria-amici/dish-1323.jpeg', 1, 0, 0, '2026-04-22 14:25:48', '2026-05-03 12:49:19');
INSERT INTO `menu_items` (`id`, `restaurant_id`, `category_id`, `name`, `description`, `price`, `weight`, `image`, `is_available`, `is_popular`, `is_new`, `created_at`, `updated_at`) VALUES
(1324, 13, 204, 'Пицца с четырьмя сырами', 'Сочетание разных видов сыра.', 900.00, '425 г', '/uploads/menu/osteria-amici/dish-1324.jpeg', 1, 1, 1, '2026-04-22 14:25:48', '2026-05-03 12:49:19'),
(1325, 13, 204, 'Пицца Маргарита с моцареллой', 'Классическая пицца с томатами и сыром.', 780.00, '430 г', '/uploads/menu/osteria-amici/dish-1325.jpeg', 1, 0, 0, '2026-04-22 14:25:48', '2026-05-03 12:49:19'),
(1326, 13, 204, 'Пицца с прошутто', 'Пицца с прошутто и сыром.', 710.00, '614 г', '/uploads/menu/osteria-amici/dish-1326.jpeg', 1, 1, 0, '2026-04-22 14:25:48', '2026-05-03 12:49:19'),
(1327, 13, 205, 'Стейк Мачете', 'Говяжий стейк, приготовленный на гриле.', 980.00, '501 г', '/uploads/menu/osteria-amici/dish-1327.jpeg', 1, 0, 0, '2026-04-22 14:25:48', '2026-05-03 12:49:19'),
(1328, 13, 205, 'Бефстроганов', 'Говядина в сливочном соусе.', 930.00, '462 г', '/uploads/menu/osteria-amici/dish-1328.jpeg', 1, 0, 0, '2026-04-22 14:25:48', '2026-05-03 12:49:19'),
(1329, 13, 205, 'Стейк Филе миньон', 'Нежный говяжий стейк.', 810.00, '304 г', '/uploads/menu/osteria-amici/dish-1329.jpeg', 1, 0, 0, '2026-04-22 14:25:48', '2026-05-03 12:49:19'),
(1330, 13, 205, 'Итальянский бургер', 'Бургер с говядиной и соусом.', 680.00, '442 г', '/uploads/menu/osteria-amici/dish-1330.jpeg', 1, 0, 0, '2026-04-22 14:25:48', '2026-05-03 12:49:19'),
(1331, 13, 205, 'Трюфельный бургер', 'Бургер с добавлением трюфеля.', 390.00, '279 г', '/uploads/menu/osteria-amici/dish-1331.jpeg', 1, 0, 0, '2026-04-22 14:25:48', '2026-05-03 12:49:19'),
(1332, 13, 205, 'Лапша по-сингапурски с морепродуктами', 'Лапша с морепродуктами и овощами.', 410.00, '323 г', '/uploads/menu/osteria-amici/dish-1332.png', 1, 0, 0, '2026-04-22 14:25:48', '2026-05-03 12:49:19'),
(1333, 13, 206, 'Печенье с малиновым джемом', 'Песочное печенье с начинкой из малины.', 260.00, '173 г', '/uploads/menu/osteria-amici/dish-1333.jpeg', 1, 1, 0, '2026-04-22 14:25:48', '2026-05-03 12:49:19'),
(1334, 13, 206, 'Орешки с карамелью и мороженым', 'Десерт с карамелью и мороженым.', 380.00, '215 г', '/uploads/menu/osteria-amici/dish-1334.jpeg', 1, 0, 0, '2026-04-22 14:25:48', '2026-05-03 12:49:19'),
(1335, 13, 206, 'Тирамису', 'Классический итальянский десерт.', 190.00, '99 г', '/uploads/menu/osteria-amici/dish-1335.jpeg', 1, 0, 0, '2026-04-22 14:25:48', '2026-05-03 12:49:19'),
(1336, 13, 206, 'Шоколадный фондан', 'Тёплый шоколадный десерт с жидкой серединой.', 530.00, '208 г', '/uploads/menu/osteria-amici/dish-1336.jpeg', 1, 1, 0, '2026-04-22 14:25:48', '2026-05-03 12:49:19'),
(1337, 13, 206, 'Наполеон', 'Слоёный торт с кремом.', 260.00, '215 г', '/uploads/menu/osteria-amici/dish-1337.jpeg', 1, 1, 0, '2026-04-22 14:25:48', '2026-05-03 12:49:19'),
(1338, 13, 206, 'Медовик', 'Медовый торт с кремом.', 490.00, '94 г', '/uploads/menu/osteria-amici/dish-1338.jpeg', 1, 0, 0, '2026-04-22 14:25:48', '2026-05-03 12:49:19'),
(1339, 14, 207, 'Пиццетта Маргарита', 'Томатный соус, моцарелла, базилик — классическая лёгкая пиццетта.', 480.00, '336 г', '/uploads/menu/fattoria-marian/dish-1339.jpeg', 1, 0, 0, '2026-04-22 14:25:48', '2026-05-03 10:59:51'),
(1340, 14, 207, 'Пиццетта Пепперони', 'Томатный соус, моцарелла и пикантная колбаса пепперони.', 170.00, '221 г', '/uploads/menu/fattoria-marian/dish-1340.jpeg', 1, 0, 0, '2026-04-22 14:25:48', '2026-05-03 10:59:51'),
(1341, 14, 207, 'Пиццетта Четыре сыра', 'Сочетание четырёх сыров с насыщенным сливочным вкусом.', 220.00, '120 г', '/uploads/menu/fattoria-marian/dish-1341.jpeg', 1, 0, 0, '2026-04-22 14:25:48', '2026-05-03 10:59:51'),
(1342, 14, 207, 'Пиццетта Грибная', 'Сливочная основа с шампиньонами и сыром.', 260.00, '331 г', '/uploads/menu/fattoria-marian/dish-1342.jpeg', 1, 0, 0, '2026-04-22 14:25:48', '2026-05-03 10:59:51'),
(1343, 14, 207, 'Пиццетта Каприччоза', 'Томатный соус, ветчина, грибы, маслины и сыр.', 260.00, '122 г', '/uploads/menu/fattoria-marian/dish-1343.jpeg', 1, 0, 0, '2026-04-22 14:25:48', '2026-05-03 10:59:51'),
(1344, 14, 207, 'Пиццетта Груша и горгонзола', 'Сладкая груша, сыр горгонзола и сливочная основа.', 290.00, '199 г', '/uploads/menu/fattoria-marian/dish-1344.jpeg', 1, 0, 0, '2026-04-22 14:25:48', '2026-05-03 10:59:51'),
(1345, 14, 208, 'С бурратой и грушей', 'С бурратой и грушей из категории \"Салаты\" ресторана Fattoria Marian.', 700.00, '222 г', '/uploads/menu/salmon-bowl.svg', 0, 0, 0, '2026-04-22 14:25:48', '2026-05-03 10:33:00'),
(1346, 14, 208, 'Зеленый салат', 'Зеленый салат из категории \"Салаты\" ресторана Fattoria Marian.', 280.00, '230 г', '/uploads/menu/salmon-bowl.svg', 0, 0, 0, '2026-04-22 14:25:48', '2026-05-03 10:33:00'),
(1347, 14, 208, 'С овощами', 'С овощами из категории \"Салаты\" ресторана Fattoria Marian.', 560.00, '209 г', '/uploads/menu/salmon-bowl.svg', 0, 0, 0, '2026-04-22 14:25:48', '2026-05-03 10:33:00'),
(1348, 14, 208, 'С сыром', 'С сыром из категории \"Салаты\" ресторана Fattoria Marian.', 720.00, '302 г', '/uploads/menu/salmon-bowl.svg', 0, 1, 0, '2026-04-22 14:25:48', '2026-05-03 10:33:00'),
(1349, 14, 208, 'С мясом', 'С мясом из категории \"Салаты\" ресторана Fattoria Marian.', 530.00, '283 г', '/uploads/menu/salmon-bowl.svg', 0, 0, 0, '2026-04-22 14:25:48', '2026-05-03 10:33:00'),
(1350, 14, 208, 'С морепродуктами', 'С морепродуктами из категории \"Салаты\" ресторана Fattoria Marian.', 500.00, '182 г', '/uploads/menu/salmon-bowl.svg', 0, 0, 0, '2026-04-22 14:25:48', '2026-05-03 10:33:00'),
(1351, 14, 209, 'Чечевичный суп', 'Густой суп из чечевицы с пряностями.', 280.00, '308 г', '/uploads/menu/fattoria-marian/dish-1351.jpeg', 1, 0, 1, '2026-04-22 14:25:48', '2026-05-03 10:59:51'),
(1352, 14, 209, 'Куриный суп с домашней лапшой и перепелиными яйцами', 'Лёгкий бульон с курицей, лапшой и яйцами.', 460.00, '389 г', '/uploads/menu/fattoria-marian/dish-1352.jpeg', 1, 1, 0, '2026-04-22 14:25:48', '2026-05-03 10:59:51'),
(1353, 14, 209, 'Овощной суп', 'Овощной суп из категории \"Супы\" ресторана Fattoria Marian.', 410.00, '420 г', '/uploads/menu/salmon-bowl.svg', 0, 0, 0, '2026-04-22 14:25:48', '2026-05-03 10:33:00'),
(1354, 14, 209, 'Крем-суп', 'Крем-суп из категории \"Супы\" ресторана Fattoria Marian.', 490.00, '447 г', '/uploads/menu/salmon-bowl.svg', 0, 0, 0, '2026-04-22 14:25:48', '2026-05-03 10:33:00'),
(1355, 14, 209, 'Суп с мясом', 'Суп с мясом из категории \"Супы\" ресторана Fattoria Marian.', 370.00, '418 г', '/uploads/menu/salmon-bowl.svg', 0, 0, 0, '2026-04-22 14:25:48', '2026-05-03 10:33:00'),
(1356, 14, 209, 'Сезонный суп', 'Сезонный суп из категории \"Супы\" ресторана Fattoria Marian.', 390.00, '453 г', '/uploads/menu/salmon-bowl.svg', 0, 0, 0, '2026-04-22 14:25:48', '2026-05-03 10:33:00'),
(1357, 14, 210, 'Помодоро базилико', 'Паста с томатным соусом и свежим базиликом.', 770.00, '391 г', '/uploads/menu/fattoria-marian/dish-1357.jpeg', 1, 0, 0, '2026-04-22 14:25:48', '2026-05-03 10:59:51'),
(1358, 14, 210, 'Карбонара', 'Паста с беконом, сливочным соусом и сыром.', 430.00, '394 г', '/uploads/menu/fattoria-marian/dish-1358.jpeg', 1, 0, 0, '2026-04-22 14:25:48', '2026-05-03 10:59:51'),
(1359, 14, 210, 'Качо э пепе', 'Паста с сыром и чёрным перцем.', 430.00, '371 г', '/uploads/menu/fattoria-marian/dish-1359.jpeg', 1, 0, 0, '2026-04-22 14:25:48', '2026-05-03 10:59:51'),
(1360, 14, 210, 'Болоньезе', 'Паста с мясным соусом на основе говядины.', 590.00, '279 г', '/uploads/menu/fattoria-marian/dish-1360.jpeg', 1, 0, 0, '2026-04-22 14:25:48', '2026-05-03 10:59:51'),
(1361, 14, 210, 'Равиоли с говядиной', 'Паста с начинкой из говядины.', 940.00, '311 г', '/uploads/menu/fattoria-marian/dish-1361.jpeg', 1, 0, 0, '2026-04-22 14:25:48', '2026-05-03 10:59:51'),
(1362, 14, 210, 'Лазанья', 'Запечённая паста с мясным соусом и сыром.', 760.00, '411 г', '/uploads/menu/fattoria-marian/dish-1362.jpeg', 1, 0, 0, '2026-04-22 14:25:48', '2026-05-03 10:59:51'),
(1363, 14, 211, 'Пицца Маргарита', 'Томатный соус, моцарелла, базилик — классика итальянской кухни.', 680.00, '648 г', '/uploads/menu/fattoria-marian/dish-1363.jpeg', 1, 0, 0, '2026-04-22 14:25:48', '2026-05-03 10:59:51'),
(1364, 14, 211, 'Пицца Пепперони', 'Томатный соус, моцарелла и острая колбаса пепперони.', 580.00, '568 г', '/uploads/menu/fattoria-marian/dish-1364.jpeg', 1, 0, 1, '2026-04-22 14:25:48', '2026-05-03 10:59:51'),
(1365, 14, 211, 'Пицца Капричоза', 'Ветчина, грибы, маслины, томатный соус и сыр.', 1050.00, '476 г', '/uploads/menu/fattoria-marian/dish-1365.jpeg', 1, 0, 0, '2026-04-22 14:25:48', '2026-05-03 10:59:51'),
(1366, 14, 211, 'Пицца Груша и горгонзола', 'Сыр горгонзола, груша и сливочная база.', 990.00, '635 г', '/uploads/menu/fattoria-marian/dish-1366.jpeg', 1, 1, 0, '2026-04-22 14:25:48', '2026-05-03 10:59:51'),
(1367, 14, 211, 'Пицца Четыре сыра', 'Микс сыров с выраженным сливочным вкусом.', 1010.00, '527 г', '/uploads/menu/fattoria-marian/dish-1367.jpeg', 1, 0, 1, '2026-04-22 14:25:48', '2026-05-03 10:59:51'),
(1368, 14, 211, 'Пицца Полло фунги', 'Курица, грибы, сливочный соус и сыр.', 650.00, '593 г', '/uploads/menu/fattoria-marian/dish-1368.jpeg', 1, 1, 0, '2026-04-22 14:25:48', '2026-05-03 10:59:51'),
(1369, 14, 212, 'Шницель', 'Шницель из категории \"Горячее\" ресторана Fattoria Marian.', 860.00, '224 г', '/uploads/menu/salmon-bowl.svg', 0, 0, 0, '2026-04-22 14:25:48', '2026-05-03 10:33:00'),
(1370, 14, 212, 'Говядина', 'Говядина из категории \"Горячее\" ресторана Fattoria Marian.', 650.00, '463 г', '/uploads/menu/salmon-bowl.svg', 0, 0, 0, '2026-04-22 14:25:48', '2026-05-03 10:33:00'),
(1371, 14, 212, 'Курица', 'Курица из категории \"Горячее\" ресторана Fattoria Marian.', 810.00, '464 г', '/uploads/menu/chicken-bowl.svg', 0, 1, 0, '2026-04-22 14:25:48', '2026-05-03 10:33:00'),
(1372, 14, 212, 'Блюда на гриле', 'Блюда на гриле из категории \"Горячее\" ресторана Fattoria Marian.', 640.00, '324 г', '/uploads/menu/chicken-bowl.svg', 0, 0, 0, '2026-04-22 14:25:48', '2026-05-03 10:33:00'),
(1373, 14, 212, 'Овощные блюда', 'Овощные блюда из категории \"Горячее\" ресторана Fattoria Marian.', 830.00, '293 г', '/uploads/menu/chicken-bowl.svg', 0, 0, 0, '2026-04-22 14:25:48', '2026-05-03 10:33:00'),
(1374, 14, 212, 'Фермерские блюда', 'Фермерские блюда из категории \"Горячее\" ресторана Fattoria Marian.', 660.00, '508 г', '/uploads/menu/salmon-bowl.svg', 0, 0, 0, '2026-04-22 14:25:48', '2026-05-03 10:33:00'),
(1375, 14, 213, 'Панна котта', 'Нежный сливочный десерт с ягодным соусом.', 340.00, '126 г', '/uploads/menu/fattoria-marian/dish-1375.jpeg', 1, 0, 0, '2026-04-22 14:25:48', '2026-05-03 10:59:51'),
(1376, 14, 213, 'Тирамису', 'Классический десерт с кремом маскарпоне и кофе.', 470.00, '138 г', '/uploads/menu/fattoria-marian/dish-1376.jpeg', 1, 1, 0, '2026-04-22 14:25:48', '2026-05-03 10:59:51'),
(1377, 14, 213, 'Канноли', 'Хрустящая трубочка с кремовой начинкой.', 340.00, '119 г', '/uploads/menu/fattoria-marian/dish-1377.jpeg', 1, 0, 0, '2026-04-22 14:25:48', '2026-05-03 10:59:51'),
(1378, 14, 213, 'Чизкейк', 'Чизкейк из категории \"Десерты\" ресторана Fattoria Marian.', 350.00, '191 г', '/uploads/menu/chia-mango.svg', 0, 1, 0, '2026-04-22 14:25:48', '2026-05-03 10:33:00'),
(1379, 14, 213, 'Домашние десерты', 'Домашние десерты из категории \"Десерты\" ресторана Fattoria Marian.', 290.00, '186 г', '/uploads/menu/chia-mango.svg', 0, 0, 0, '2026-04-22 14:25:48', '2026-05-03 10:33:00'),
(1380, 14, 213, 'Сезонные десерты', 'Сезонные десерты из категории \"Десерты\" ресторана Fattoria Marian.', 430.00, '205 г', '/uploads/menu/chia-mango.svg', 0, 0, 0, '2026-04-22 14:25:48', '2026-05-03 10:33:00'),
(1381, 15, 214, 'Итальянские деликатесы', 'Ассорти мясных деликатесов и сыров с фруктами и закусками.', 280.00, '337 г', '/uploads/menu/dolce-far-niente/dish-1381.jpeg', 1, 0, 0, '2026-04-22 14:25:48', '2026-05-03 11:34:42'),
(1382, 15, 214, 'Вителло тоннато', 'Тонко нарезанная говядина под соусом из тунца с пряными нотами.', 340.00, '136 г', '/uploads/menu/dolce-far-niente/dish-1382.jpeg', 1, 0, 0, '2026-04-22 14:25:48', '2026-05-03 11:34:42'),
(1383, 15, 214, 'Капрезе с вялеными томатами', 'Моцарелла, томаты и вяленые томаты с ароматной заправкой.', 300.00, '326 г', '/uploads/menu/dolce-far-niente/dish-1383.jpeg', 1, 0, 0, '2026-04-22 14:25:48', '2026-05-03 11:34:42'),
(1384, 15, 214, 'Креветки в панировке', 'Обжаренные креветки с хрустящей корочкой и соусом.', 270.00, '310 г', '/uploads/menu/dolce-far-niente/dish-1384.jpeg', 1, 0, 0, '2026-04-22 14:25:48', '2026-05-03 11:34:42'),
(1385, 15, 214, 'Парма-манго', 'Пармская ветчина с манго и зеленью.', 260.00, '203 г', '/uploads/menu/dolce-far-niente/dish-1385.jpeg', 1, 1, 0, '2026-04-22 14:25:48', '2026-05-03 11:34:42'),
(1386, 15, 214, 'Баклажан пармиджано', 'Запечённый баклажан с томатным соусом и сыром.', 350.00, '273 г', '/uploads/menu/dolce-far-niente/dish-1386.jpeg', 1, 0, 0, '2026-04-22 14:25:48', '2026-05-03 11:34:42'),
(1387, 15, 215, 'Зелёный салат с креветкой', 'Цукини, авокадо, огурец, шпинат, брокколи, креветки и яйцо пашот с лаймовой заправкой.', 370.00, '184 г', '/uploads/menu/dolce-far-niente/dish-1387.jpeg', 1, 0, 0, '2026-04-22 14:25:48', '2026-05-03 11:34:42'),
(1388, 15, 215, 'Романо цезарь с креветками', 'Салат романо, айсберг, креветки, сыр грана падано, сухарики и соус цезарь.', 730.00, '156 г', '/uploads/menu/dolce-far-niente/dish-1388.jpeg', 1, 0, 0, '2026-04-22 14:25:48', '2026-05-03 11:34:42'),
(1389, 15, 215, 'Овощной салат рамиро', 'Свежие овощи: перец рамиро, томаты, огурцы и зелень с оливковым маслом.', 610.00, '160 г', '/uploads/menu/dolce-far-niente/dish-1389.jpeg', 1, 0, 0, '2026-04-22 14:25:48', '2026-05-03 11:34:42'),
(1390, 15, 215, 'Романо цезарь с курицей', 'Салат с куриным филе, сыром, сухариками и соусом цезарь.', 410.00, '256 г', '/uploads/menu/dolce-far-niente/dish-1390.jpeg', 1, 1, 0, '2026-04-22 14:25:48', '2026-05-03 11:34:42'),
(1391, 15, 215, 'Ростбиф с баклажаном стир-фрай', 'Салат с ростбифом, баклажаном и овощами.', 660.00, '212 г', '/uploads/menu/dolce-far-niente/dish-1391.jpeg', 1, 1, 0, '2026-04-22 14:25:48', '2026-05-03 11:34:42'),
(1392, 15, 215, 'Страчателла с томатами', 'Нежный сыр страчателла с томатами и зеленью.', 760.00, '244 г', '/uploads/menu/dolce-far-niente/dish-1392.jpeg', 1, 0, 0, '2026-04-22 14:25:48', '2026-05-03 11:34:42'),
(1393, 15, 216, 'Крем-суп грибной', 'Крем-суп грибной из категории \"Супы\" ресторана Dolce Far Niente.', 360.00, '399 г', '/uploads/menu/salmon-bowl.svg', 0, 0, 0, '2026-04-22 14:25:48', '2026-05-03 11:27:11'),
(1394, 15, 216, 'Похлебка с морепродуктами', 'Похлебка с морепродуктами из категории \"Супы\" ресторана Dolce Far Niente.', 480.00, '283 г', '/uploads/menu/salmon-bowl.svg', 0, 0, 0, '2026-04-22 14:25:48', '2026-05-03 11:27:11'),
(1395, 15, 216, 'Гаспачо', 'Гаспачо из категории \"Супы\" ресторана Dolce Far Niente.', 300.00, '425 г', '/uploads/menu/salmon-bowl.svg', 0, 1, 0, '2026-04-22 14:25:48', '2026-05-03 11:27:11'),
(1396, 15, 216, 'Овощной суп', 'Овощной суп из категории \"Супы\" ресторана Dolce Far Niente.', 440.00, '307 г', '/uploads/menu/salmon-bowl.svg', 0, 0, 0, '2026-04-22 14:25:48', '2026-05-03 11:27:11'),
(1397, 15, 216, 'Суп дня', 'Суп дня из категории \"Супы\" ресторана Dolce Far Niente.', 430.00, '408 г', '/uploads/menu/salmon-bowl.svg', 0, 0, 0, '2026-04-22 14:25:48', '2026-05-03 11:27:11'),
(1398, 15, 216, 'Итальянский суп', 'Итальянский суп из категории \"Супы\" ресторана Dolce Far Niente.', 470.00, '314 г', '/uploads/menu/salmon-bowl.svg', 0, 0, 0, '2026-04-22 14:25:48', '2026-05-03 11:27:11'),
(1399, 15, 217, 'Ризотто с гребешком', 'Кремовое ризотто с морским гребешком.', 680.00, '228 г', '/uploads/menu/dolce-far-niente/dish-1399.jpeg', 1, 0, 0, '2026-04-22 14:25:48', '2026-05-03 11:34:42'),
(1400, 15, 217, 'Лингвини с вонголе', 'Паста с моллюсками в ароматном соусе.', 500.00, '381 г', '/uploads/menu/dolce-far-niente/dish-1400.jpeg', 1, 0, 1, '2026-04-22 14:25:48', '2026-05-03 11:34:42'),
(1401, 15, 217, 'Тальятелле с креветками в соусе аррабьята', 'Паста с креветками в остром томатном соусе.', 670.00, '351 г', '/uploads/menu/dolce-far-niente/dish-1401.jpeg', 1, 0, 0, '2026-04-22 14:25:48', '2026-05-03 11:34:42'),
(1402, 15, 217, 'Спагетти карбонара', 'Паста с панчеттой, сыром и сливочно-яичным соусом.', 560.00, '476 г', '/uploads/menu/dolce-far-niente/dish-1402.jpeg', 1, 0, 0, '2026-04-22 14:25:48', '2026-05-03 11:34:42'),
(1403, 15, 217, 'Равиоли с уткой', 'Паста с начинкой из утки и сливочным соусом.', 390.00, '379 г', '/uploads/menu/dolce-far-niente/dish-1403.jpeg', 1, 0, 0, '2026-04-22 14:25:48', '2026-05-03 11:34:42'),
(1404, 15, 217, 'Ризотто с белыми грибами', 'Кремовое ризотто с ароматными грибами.', 780.00, '516 г', '/uploads/menu/dolce-far-niente/dish-1404.jpeg', 1, 0, 0, '2026-04-22 14:25:48', '2026-05-03 11:34:42'),
(1405, 15, 218, 'Маргарита', 'Томатный соус, моцарелла, оливковое масло, базилик и орегано — классическая итальянская пицца.', 810.00, '531 г', '/uploads/menu/dolce-far-niente/dish-1405.jpeg', 1, 0, 1, '2026-04-22 14:25:48', '2026-05-03 11:34:42'),
(1406, 15, 218, 'Кватро формаджи', 'Сливочная основа и смесь сыров: горгонзола, моцарелла, пармезан и чеддер.', 630.00, '599 г', '/uploads/menu/dolce-far-niente/dish-1406.jpeg', 1, 0, 0, '2026-04-22 14:25:48', '2026-05-03 11:34:42'),
(1407, 15, 218, 'Груша с горгонзолой', 'Сливочный соус, сыр горгонзола и карамелизированная груша с базиликом.', 730.00, '452 г', '/uploads/menu/dolce-far-niente/dish-1407.png', 1, 0, 0, '2026-04-22 14:25:48', '2026-05-03 11:34:42'),
(1408, 15, 218, 'Мортаделла со страчателлой', 'Сливочный соус, моцарелла, томаты, микс салата, мортаделла и страчателла.', 820.00, '665 г', '/uploads/menu/dolce-far-niente/dish-1408.jpeg', 1, 1, 0, '2026-04-22 14:25:48', '2026-05-03 11:34:42'),
(1409, 15, 218, 'Пепперони', 'Томатный соус, пепперони, острый перец и моцарелла.', 570.00, '504 г', '/uploads/menu/dolce-far-niente/dish-1409.jpeg', 1, 0, 0, '2026-04-22 14:25:48', '2026-05-03 11:34:42'),
(1410, 15, 218, 'Прошутто с рукколой', 'Тесто, томатный соус, помидоры черри, моцарелла, руккола, прошутто и оливковое масло.', 760.00, '453 г', '/uploads/menu/dolce-far-niente/dish-1410.png', 1, 0, 0, '2026-04-22 14:25:48', '2026-05-03 11:34:42'),
(1411, 15, 219, 'Ягненок', 'Ягненок из категории \"Горячее\" ресторана Dolce Far Niente.', 830.00, '260 г', '/uploads/menu/salmon-bowl.svg', 0, 0, 0, '2026-04-22 14:25:48', '2026-05-03 11:27:11'),
(1412, 15, 219, 'Сибас', 'Сибас из категории \"Горячее\" ресторана Dolce Far Niente.', 660.00, '470 г', '/uploads/menu/chicken-bowl.svg', 0, 0, 0, '2026-04-22 14:25:48', '2026-05-03 11:27:11'),
(1413, 15, 219, 'Стейки', 'Стейки из категории \"Горячее\" ресторана Dolce Far Niente.', 560.00, '479 г', '/uploads/menu/chicken-bowl.svg', 0, 1, 0, '2026-04-22 14:25:48', '2026-05-03 11:27:11'),
(1414, 15, 219, 'Рыба на гриле', 'Рыба на гриле из категории \"Горячее\" ресторана Dolce Far Niente.', 760.00, '461 г', '/uploads/menu/salmon-bowl.svg', 0, 0, 0, '2026-04-22 14:25:48', '2026-05-03 11:27:11'),
(1415, 15, 219, 'Морепродукты', 'Морепродукты из категории \"Горячее\" ресторана Dolce Far Niente.', 780.00, '437 г', '/uploads/menu/chicken-bowl.svg', 0, 0, 0, '2026-04-22 14:25:48', '2026-05-03 11:27:11'),
(1416, 15, 219, 'Мясные блюда', 'Мясные блюда из категории \"Горячее\" ресторана Dolce Far Niente.', 930.00, '228 г', '/uploads/menu/chicken-bowl.svg', 0, 0, 0, '2026-04-22 14:25:48', '2026-05-03 11:27:11'),
(1417, 15, 220, 'Панна котта', 'Панна котта из категории \"Десерты\" ресторана Dolce Far Niente.', 240.00, '215 г', '/uploads/menu/chia-mango.svg', 0, 0, 0, '2026-04-22 14:25:48', '2026-05-03 11:27:11'),
(1418, 15, 220, 'Павлова', 'Павлова из категории \"Десерты\" ресторана Dolce Far Niente.', 180.00, '98 г', '/uploads/menu/chia-mango.svg', 0, 0, 1, '2026-04-22 14:25:48', '2026-05-03 11:27:11'),
(1419, 15, 220, 'Чизкейк', 'Чизкейк из категории \"Десерты\" ресторана Dolce Far Niente.', 210.00, '152 г', '/uploads/menu/chia-mango.svg', 0, 1, 1, '2026-04-22 14:25:48', '2026-05-03 11:27:11'),
(1420, 15, 220, 'Тирамису', 'Тирамису из категории \"Десерты\" ресторана Dolce Far Niente.', 530.00, '208 г', '/uploads/menu/chia-mango.svg', 0, 0, 0, '2026-04-22 14:25:48', '2026-05-03 11:27:11'),
(1421, 15, 220, 'Шоколадный десерт', 'Шоколадный десерт из категории \"Десерты\" ресторана Dolce Far Niente.', 330.00, '148 г', '/uploads/menu/chia-mango.svg', 0, 0, 1, '2026-04-22 14:25:48', '2026-05-03 11:27:11'),
(1422, 15, 220, 'Итальянские десерты', 'Итальянские десерты из категории \"Десерты\" ресторана Dolce Far Niente.', 230.00, '142 г', '/uploads/menu/chia-mango.svg', 0, 0, 0, '2026-04-22 14:25:48', '2026-05-03 11:27:11'),
(1423, 10, 176, 'Прага', 'Шоколадный торт, состоит из трёх бисквитных коржей с двумя слоями крема «Пражский».', 539.00, '310', '/uploads/menu/placeholder.svg', 0, 0, 1, '2026-04-28 08:38:47', '2026-05-03 08:59:20'),
(1424, 16, 221, 'Раф кофе', 'Кофе со сливочной текстурой.', 260.00, '300 мл', '/uploads/menu/kultura-vstrechi/dish-1424.jpeg', 1, 0, 0, '2026-05-03 14:31:37', '2026-05-03 14:46:01'),
(1425, 16, 221, 'Большой капучино', 'Классический кофейный напиток с молоком.', 280.00, '400 мл', '/uploads/menu/kultura-vstrechi/dish-1425.jpeg', 1, 0, 0, '2026-05-03 14:31:37', '2026-05-03 14:46:01'),
(1426, 16, 221, 'Американо', 'Чёрный кофе.', 180.00, '300 мл', '/uploads/menu/kultura-vstrechi/dish-1426.jpeg', 1, 0, 0, '2026-05-03 14:31:37', '2026-05-03 14:46:01'),
(1427, 16, 221, 'Латте', 'Кофе с большим количеством молока.', 260.00, '300 мл', '/uploads/menu/kultura-vstrechi/dish-1427.jpeg', 1, 0, 0, '2026-05-03 14:31:37', '2026-05-03 14:46:01'),
(1428, 16, 221, 'Лаванда-ваниль', 'Ароматный холодный напиток.', 290.00, '300 мл', '/uploads/menu/kultura-vstrechi/dish-1428.jpeg', 1, 0, 0, '2026-05-03 14:31:37', '2026-05-03 14:46:01'),
(1429, 16, 221, 'Coca-Cola', 'Газированный напиток.', 190.00, '330 мл', '/uploads/menu/kultura-vstrechi/dish-1429.jpeg', 1, 0, 0, '2026-05-03 14:31:37', '2026-05-03 14:46:01');

-- --------------------------------------------------------

--
-- Структура таблицы `newsletter_subscribers`
--

CREATE TABLE `newsletter_subscribers` (
  `id` bigint(20) UNSIGNED NOT NULL,
  `email` varchar(190) NOT NULL,
  `status` enum('active','unsubscribed') NOT NULL DEFAULT 'active',
  `source` varchar(80) NOT NULL DEFAULT 'footer',
  `ip_address` varchar(64) DEFAULT NULL,
  `user_agent` varchar(255) DEFAULT NULL,
  `subscribed_at` datetime NOT NULL,
  `updated_at` datetime NOT NULL
) ENGINE=InnoDB DEFAULT CHARSET=utf8mb4 COLLATE=utf8mb4_unicode_ci;

--
-- Дамп данных таблицы `newsletter_subscribers`
--

INSERT INTO `newsletter_subscribers` (`id`, `email`, `status`, `source`, `ip_address`, `user_agent`, `subscribed_at`, `updated_at`) VALUES
(1, 'egorandr79@gmail.com', 'active', 'footer', '127.0.0.1', 'Mozilla/5.0 (Windows NT 10.0; Win64; x64) AppleWebKit/537.36 (KHTML, like Gecko) Chrome/147.0.0.0 Safari/537.36', '2026-04-25 10:16:51', '2026-04-25 11:57:12'),
(2, 'max@example.com', 'active', 'footer', '127.0.0.1', 'Mozilla/5.0 (Windows NT 10.0; Win64; x64) AppleWebKit/537.36 (KHTML, like Gecko) Chrome/147.0.0.0 Safari/537.36', '2026-04-25 10:24:27', '2026-04-25 10:24:27'),
(3, 'jsfuypig@firstmailler.net', 'active', 'footer', '::1', 'Mozilla/5.0 (Windows NT 10.0; Win64; x64) AppleWebKit/537.36 (KHTML, like Gecko) Chrome/147.0.0.0 Safari/537.36', '2026-04-25 11:56:18', '2026-04-25 12:23:23');

-- --------------------------------------------------------

--
-- Структура таблицы `orders`
--

CREATE TABLE `orders` (
  `id` bigint(20) UNSIGNED NOT NULL,
  `user_id` bigint(20) UNSIGNED NOT NULL,
  `restaurant_id` bigint(20) UNSIGNED NOT NULL,
  `status` enum('new','confirmed','preparing','on_the_way','delivered','cancelled') NOT NULL DEFAULT 'new',
  `customer_name` varchar(120) NOT NULL,
  `customer_email` varchar(190) NOT NULL,
  `customer_phone` varchar(30) NOT NULL,
  `delivery_address` varchar(255) NOT NULL,
  `comment` varchar(400) DEFAULT NULL,
  `payment_method` enum('cash','card_on_delivery') NOT NULL,
  `subtotal_amount` decimal(10,2) NOT NULL,
  `delivery_fee` decimal(10,2) NOT NULL,
  `total_amount` decimal(10,2) NOT NULL,
  `created_at` datetime NOT NULL,
  `updated_at` datetime NOT NULL
) ENGINE=InnoDB DEFAULT CHARSET=utf8mb4 COLLATE=utf8mb4_unicode_ci;

--
-- Дамп данных таблицы `orders`
--

INSERT INTO `orders` (`id`, `user_id`, `restaurant_id`, `status`, `customer_name`, `customer_email`, `customer_phone`, `delivery_address`, `comment`, `payment_method`, `subtotal_amount`, `delivery_fee`, `total_amount`, `created_at`, `updated_at`) VALUES
(4, 3, 17, 'delivered', 'Максим Кузнецов', 'max@example.com', '+7 (905) 333-12-90', 'Москва, проспект Мира, 54', '', 'card_on_delivery', 880.00, 149.00, 1029.00, '2026-04-24 08:29:22', '2026-04-24 08:50:50'),
(5, 3, 11, 'delivered', 'Максим Кузнецов', 'max@example.com', '+7 (905) 333-12-90', 'Почтовая улица', '', 'cash', 1230.00, 89.00, 1319.00, '2026-04-24 08:52:51', '2026-04-24 08:56:51'),
(6, 3, 1, 'delivered', 'Максим Кузнецов', 'max@example.com', '+7 (905) 333-12-90', 'Почтовая улица', '', 'cash', 340.00, 129.00, 469.00, '2026-04-24 08:59:04', '2026-04-24 09:03:04'),
(7, 3, 16, 'delivered', 'Максим Кузнецов', 'max@example.com', '+7 (905) 333-12-90', 'Почтовая улица', '', 'cash', 3570.00, 129.00, 3699.00, '2026-04-24 09:14:21', '2026-04-24 10:09:21'),
(8, 3, 11, 'delivered', 'Максим Кузнецов', 'max@example.com', '+7 (905) 333-12-90', 'Почтовая улица', '', 'cash', 480.00, 89.00, 569.00, '2026-04-24 10:08:01', '2026-04-24 10:12:25'),
(9, 3, 11, 'delivered', 'Максим Кузнецов', 'max@example.com', '+7 (905) 333-12-90', 'Почтовая улица', '', 'cash', 710.00, 89.00, 799.00, '2026-04-24 11:24:07', '2026-05-06 16:04:33');

-- --------------------------------------------------------

--
-- Структура таблицы `order_items`
--

CREATE TABLE `order_items` (
  `id` bigint(20) UNSIGNED NOT NULL,
  `order_id` bigint(20) UNSIGNED NOT NULL,
  `menu_item_id` bigint(20) UNSIGNED DEFAULT NULL,
  `item_name` varchar(170) NOT NULL,
  `item_price` decimal(10,2) NOT NULL,
  `quantity` int(10) UNSIGNED NOT NULL,
  `line_total` decimal(10,2) NOT NULL
) ENGINE=InnoDB DEFAULT CHARSET=utf8mb4 COLLATE=utf8mb4_unicode_ci;

--
-- Дамп данных таблицы `order_items`
--

INSERT INTO `order_items` (`id`, `order_id`, `menu_item_id`, `item_name`, `item_price`, `quantity`, `line_total`) VALUES
(7, 4, 1231, 'Яйца Бенедикт', 300.00, 1, 300.00),
(8, 4, 1234, 'Сырники', 350.00, 1, 350.00),
(9, 4, 1264, 'Чай', 230.00, 1, 230.00),
(10, 5, 1163, 'Чизкейк', 540.00, 1, 540.00),
(11, 5, 1164, 'Сочник', 480.00, 1, 480.00),
(12, 5, 1162, 'Эклер', 210.00, 1, 210.00),
(13, 6, 817, 'Биг Спешиал', 340.00, 1, 340.00),
(14, 7, 1210, 'Салат с сыром', 320.00, 1, 320.00),
(15, 7, 1207, 'Гравлакс', 310.00, 1, 310.00),
(16, 7, 1212, 'Рыбные закуски', 380.00, 1, 380.00),
(17, 7, 1208, 'Тартар', 240.00, 1, 240.00),
(18, 7, 1209, 'Овощной салат', 240.00, 1, 240.00),
(19, 7, 1211, 'Салат с зеленью', 450.00, 1, 450.00),
(20, 7, 1218, 'Суп дня', 440.00, 1, 440.00),
(21, 7, 1217, 'Овощной суп', 260.00, 1, 260.00),
(22, 7, 1216, 'Грибной суп', 450.00, 1, 450.00),
(23, 7, 1214, 'Рыбный суп', 480.00, 1, 480.00),
(24, 8, 1164, 'Сочник', 480.00, 1, 480.00),
(25, 9, 1179, 'С говядиной', 710.00, 1, 710.00);

-- --------------------------------------------------------

--
-- Структура таблицы `password_reset_tokens`
--

CREATE TABLE `password_reset_tokens` (
  `id` bigint(20) UNSIGNED NOT NULL,
  `user_id` bigint(20) UNSIGNED NOT NULL,
  `token` varchar(128) NOT NULL,
  `expires_at` datetime NOT NULL,
  `used_at` datetime DEFAULT NULL,
  `created_at` datetime NOT NULL
) ENGINE=InnoDB DEFAULT CHARSET=utf8mb4 COLLATE=utf8mb4_unicode_ci;

--
-- Дамп данных таблицы `password_reset_tokens`
--

INSERT INTO `password_reset_tokens` (`id`, `user_id`, `token`, `expires_at`, `used_at`, `created_at`) VALUES
(1, 3, '433e96fb0b0c2f26484d267058f67e99db79a0ff33d18c5840040406ee9e01a0', '2026-04-25 14:13:29', NULL, '2026-04-25 13:13:29'),
(2, 4, '5048a161fcafc9168c6a07ddf70f479dcddf1868dbc56eda826f1f0d34a03eb5', '2026-04-25 14:24:07', NULL, '2026-04-25 13:24:07'),
(3, 4, 'fbebf370bd0f42f1c10d440ffc0544e09e589b510a0e6976e2161331f18aa318', '2026-04-25 14:29:58', '2026-04-25 13:30:20', '2026-04-25 13:29:58'),
(4, 4, '0161d9daf556c1a6acbc030d78e89c73995db6f54f03babe26a0fb250b0eefca', '2026-04-26 09:37:21', '2026-04-26 08:37:54', '2026-04-26 08:37:21'),
(5, 4, '0eca528b7cbe16686a1349f658abb9a4e24be599b6fd95bfe9f1c5ce4349f77c', '2026-05-06 17:05:37', '2026-05-06 16:06:19', '2026-05-06 16:05:37'),
(6, 4, '2d16226cdc27a1e0569e4e73966a418f256f40909c1371ff17f4e41d93513a47', '2026-05-06 17:12:11', NULL, '2026-05-06 16:12:11'),
(7, 5, '8c78138039125411f4a43d3ca9748dcfcacb4932c8650e657cb51ce38a4946d5', '2026-05-06 17:49:10', '2026-05-06 16:50:39', '2026-05-06 16:49:10');

-- --------------------------------------------------------

--
-- Структура таблицы `rate_limits`
--

CREATE TABLE `rate_limits` (
  `id` bigint(20) UNSIGNED NOT NULL,
  `limiter_key` char(64) NOT NULL,
  `action_name` varchar(80) NOT NULL,
  `attempts` int(10) UNSIGNED NOT NULL DEFAULT 1,
  `expires_at` datetime NOT NULL,
  `created_at` datetime NOT NULL,
  `updated_at` datetime NOT NULL
) ENGINE=InnoDB DEFAULT CHARSET=utf8mb4 COLLATE=utf8mb4_unicode_ci;

--
-- Дамп данных таблицы `rate_limits`
--

INSERT INTO `rate_limits` (`id`, `limiter_key`, `action_name`, `attempts`, `expires_at`, `created_at`, `updated_at`) VALUES
(3, 'bed3dccf1a963c226c9d06d2a136f90f870ac044971e31efc4a9f356ea7892d9', 'login', 4, '2026-04-28 08:50:59', '2026-04-22 14:32:42', '2026-04-28 08:44:13'),
(4, 'c765158b157702214b776c9f9d158040dbd12a7fd6148bed753b966e5632673a', 'login', 5, '2026-04-28 08:51:23', '2026-04-23 08:53:47', '2026-04-28 08:43:26'),
(5, '6ea0ee854ee9e8c52828961eb64c1d22e36f901781c8ab9d375a487dff6a04ef', 'newsletter_subscribe', 1, '2026-04-25 12:46:01', '2026-04-25 10:16:51', '2026-04-25 12:36:01'),
(6, '972be7e00dfff9d4ecc50b32825c2b18c9794fddce72af6ba97bca10a1a32d05', 'login', 5, '2026-05-06 22:03:02', '2026-04-25 10:24:21', '2026-05-06 21:53:06'),
(7, '0dd99ed521c377af82f934a56f877bbf9d5373cbf840c5045d6a8fd8d179e32c', 'newsletter_subscribe', 1, '2026-05-06 16:14:43', '2026-04-25 10:24:27', '2026-05-06 16:04:43'),
(8, 'a34a78ae54adab9d5642de36fb05f661d5c91e153aace89411c92ee8209c7d30', 'newsletter_subscribe', 1, '2026-04-25 12:33:23', '2026-04-25 11:56:18', '2026-04-25 12:23:23'),
(9, '39faefb595d9317a029f3f0414cc6ee9bdc8effc85d8fe7233fe5b696a4f1b69', 'forgot_password', 1, '2026-04-25 13:43:29', '2026-04-25 13:13:29', '2026-04-25 13:13:29'),
(10, 'bc72b9d40d196ab801988b0ff199144920156c714a4a6ccc5cacad4e056d3ada', 'register', 4, '2026-04-25 14:22:36', '2026-04-25 13:22:36', '2026-04-25 13:23:01'),
(11, '152fc3b55331bfefd0902f9bc32f1fccc40297115e51f81bea8c9ab894fadede', 'verify_resend', 1, '2026-04-25 13:33:17', '2026-04-25 13:23:17', '2026-04-25 13:23:17'),
(12, 'acd52286831efaefe588242a6c85cbccd350ea85fd4765a5bb1992646b6df656', 'forgot_password', 1, '2026-04-26 09:07:21', '2026-04-25 13:24:07', '2026-04-26 08:37:21'),
(13, '566131b1f786f291a0254bb085f122ea3bc40d3114be791c5c6abddf8c55c0e5', 'forgot_password', 2, '2026-05-06 16:35:37', '2026-04-25 13:29:58', '2026-05-06 16:12:11'),
(14, 'fcab99a0998b4aa470d9d9e9d847579cef8a03c7cb6140f0e7a291a50b6e827d', 'login', 1, '2026-05-06 18:07:44', '2026-04-25 13:30:27', '2026-05-06 17:57:44'),
(15, '38c45fcc5b7f39373b3753c774fc3e6cb00e6d7abb6f39997a9ef162c20d6ab8', 'login', 4, '2026-04-28 08:50:21', '2026-04-26 08:31:53', '2026-04-28 08:40:48'),
(16, 'a5930874b249a9ecab966b559fcf972411b0011decfb32ded311577c588ec6e9', 'login', 1, '2026-05-06 14:30:18', '2026-04-26 10:49:16', '2026-05-06 14:20:18'),
(17, '00d7bdfcbfaa86bc337d479b7cf3820d4801671b20fe707b2af3c5b3a08eefc4', 'register', 2, '2026-05-06 17:19:51', '2026-05-06 16:19:51', '2026-05-06 16:20:05'),
(18, '4a5df54a51653eaa4d020515c41a64aaf01ead4ed9660ae881a358c19ec628cf', 'verify_resend', 1, '2026-05-06 16:55:56', '2026-05-06 16:24:56', '2026-05-06 16:45:56'),
(19, 'c466da6693d6a11c6c70aa4b1ea62b80c540afd6accc293173722bc23f8d1183', 'login', 1, '2026-05-06 17:20:11', '2026-05-06 16:29:46', '2026-05-06 17:10:11'),
(20, 'bc919fd54206dffcd41d6220c4b2391d82007165cab29395132acb53b23fd0bf', 'forgot_password', 1, '2026-05-06 17:19:10', '2026-05-06 16:49:10', '2026-05-06 16:49:10');

-- --------------------------------------------------------

--
-- Структура таблицы `restaurants`
--

CREATE TABLE `restaurants` (
  `id` bigint(20) UNSIGNED NOT NULL,
  `name` varchar(180) NOT NULL,
  `short_description` varchar(400) DEFAULT NULL,
  `logo_image` varchar(255) DEFAULT NULL,
  `banner_image` varchar(255) DEFAULT NULL,
  `address` varchar(255) DEFAULT NULL,
  `phone` varchar(30) DEFAULT NULL,
  `working_hours` varchar(120) DEFAULT NULL,
  `rating` decimal(3,2) NOT NULL DEFAULT 0.00,
  `delivery_fee` decimal(10,2) NOT NULL DEFAULT 0.00,
  `min_order_amount` decimal(10,2) NOT NULL DEFAULT 0.00,
  `delivery_time_min` smallint(5) UNSIGNED NOT NULL DEFAULT 30,
  `delivery_time_max` smallint(5) UNSIGNED NOT NULL DEFAULT 60,
  `is_active` tinyint(1) NOT NULL DEFAULT 1,
  `created_at` datetime NOT NULL,
  `updated_at` datetime NOT NULL
) ENGINE=InnoDB DEFAULT CHARSET=utf8mb4 COLLATE=utf8mb4_unicode_ci;

--
-- Дамп данных таблицы `restaurants`
--

INSERT INTO `restaurants` (`id`, `name`, `short_description`, `logo_image`, `banner_image`, `address`, `phone`, `working_hours`, `rating`, `delivery_fee`, `min_order_amount`, `delivery_time_min`, `delivery_time_max`, `is_active`, `created_at`, `updated_at`) VALUES
(1, 'Вкусно и Точка', 'Популярные бургеры, роллы и комбо-наборы.', '/assets/img/brands/burgers/vkusno_i_tochka.svg', '/uploads/restaurants/restaurant-1-banner.jpg', 'Москва, Тверская улица, 7', '+7 (495) 101-00-01', '09:00 - 23:00', 4.70, 129.00, 600.00, 25, 40, 1, '2026-04-21 20:06:30', '2026-05-03 15:19:12'),
(2, 'Burger King', 'Фирменные бургеры на огне и большие наборы.', '/assets/img/brands/burgers/burger_king.svg', '/uploads/restaurants/restaurant-2-banner.jpg', 'Москва, Новый Арбат, 19', '+7 (495) 101-00-02', '10:00 - 23:30', 4.60, 149.00, 700.00, 30, 45, 1, '2026-04-21 20:06:30', '2026-05-03 15:37:53'),
(3, 'Rostic\'s', 'Хрустящая курица, бургеры и классические снеки.', '/assets/img/brands/burgers/rostics.png', '/uploads/restaurants/restaurant-3-banner.jpeg', 'Москва, Проспект Мира, 41', '+7 (495) 101-00-03', '09:00 - 00:00', 4.50, 119.00, 550.00, 25, 40, 1, '2026-04-21 20:06:30', '2026-05-03 15:37:53'),
(4, 'Tanuki', 'Роллы, сеты и блюда японской кухни.', '/assets/img/brands/sushi/tanuki.png', '/uploads/restaurants/restaurant-4-banner.jpg', 'Москва, Большая Никитская, 21', '+7 (495) 101-00-04', '11:00 - 23:30', 4.80, 199.00, 1000.00, 40, 60, 1, '2026-04-21 20:06:30', '2026-05-03 15:37:53'),
(5, 'Why Not Sushi', 'Японская кухня, роллы, суши, сеты и онигири с быстрой доставкой.', '/assets/img/brands/sushi/why_not_sushi.png', '/uploads/restaurants/restaurant-5-banner.jpg', 'Москва, Цветной бульвар, 15', '+7 (495) 120-55-05', '11:00 - 23:30', 4.90, 199.00, 900.00, 30, 50, 1, '2026-04-21 20:06:30', '2026-05-03 15:37:53'),
(6, 'Якитория', 'Роллы, гунканы и теплые японские блюда.', '/assets/img/brands/sushi/yakitoriya.png', '/uploads/restaurants/restaurant-6-banner.jpg', 'Москва, Ленинский проспект, 32', '+7 (495) 101-00-06', '10:30 - 23:30', 4.60, 189.00, 950.00, 35, 55, 1, '2026-04-21 20:06:30', '2026-05-03 15:37:53'),
(7, 'Dodo Pizza', 'Большой выбор пиццы, закусок и комбо.', '/assets/img/brands/pizza/dodo_pizza.png', '/uploads/restaurants/restaurant-7-banner.jpg', 'Москва, Профсоюзная улица, 15', '+7 (495) 101-00-07', '09:00 - 23:30', 4.80, 99.00, 650.00, 25, 40, 1, '2026-04-21 20:06:30', '2026-05-03 15:42:33'),
(8, 'Pizza City', 'Классическая и авторская пицца на тонком тесте.', '/assets/img/brands/pizza/pizza_city.png', '/uploads/restaurants/restaurant-8-banner.jpg', 'Москва, Варшавское шоссе, 74', '+7 (495) 101-00-08', '10:00 - 23:00', 4.40, 139.00, 700.00, 30, 50, 1, '2026-04-21 20:06:30', '2026-05-03 15:37:53'),
(9, 'Domino Pizza', 'Много сыра, фирменное тесто и быстрые комбо.', '/assets/img/brands/pizza/domino_pizza.svg', '/uploads/restaurants/restaurant-9-banner.jpeg', 'Москва, Шаболовка, 23', '+7 (495) 101-00-09', '10:00 - 23:30', 4.50, 149.00, 750.00, 30, 50, 1, '2026-04-21 20:06:30', '2026-05-03 15:37:53'),
(10, 'One Love', 'Трайфлы, эклеры, торты и десерты в шоколаде для сладкой доставки.', '/assets/img/brands/dessert/one_love.png', '/uploads/restaurants/restaurant-10-banner.jpg', 'Москва, Цветной бульвар, 18', '+7 (495) 101-00-10', '09:00 - 22:00', 4.90, 99.00, 500.00, 20, 35, 1, '2026-04-21 20:06:30', '2026-05-03 15:37:53'),
(11, '11/47 Bakery', 'Ремесленная выпечка, завтраки, круассаны, сэндвичи и десерты.', '/assets/img/brands/dessert/bakery_1147.webp', '/uploads/restaurants/restaurant-11-banner.jpg', 'Москва, Покровка, 11', '+7 (495) 101-00-11', '08:00 - 21:00', 4.80, 89.00, 450.00, 20, 35, 1, '2026-04-21 20:06:30', '2026-05-03 15:37:53'),
(12, 'Особенный Наполеон Кондитерская', 'Фирменные наполеоны, эклеры, торты и порционные десерты ручной работы.', '/assets/img/brands/dessert/special_napoleon.png', '/uploads/restaurants/restaurant-12-banner.jpg', 'Москва, Мясницкая улица, 37', '+7 (495) 101-00-12', '09:00 - 22:00', 4.70, 99.00, 500.00, 25, 40, 1, '2026-04-21 20:06:30', '2026-05-03 15:37:53'),
(13, 'Osteria Amici', 'Итальянская кухня, пицца, паста, горячие блюда, салаты и авторские закуски.', '/assets/img/brands/italian/osteria_amici.webp', '/uploads/restaurants/restaurant-13-banner.jpg', 'Москва, Пятницкая улица, 26', '+7 (495) 101-00-13', '11:00 - 23:00', 4.80, 179.00, 1000.00, 35, 55, 1, '2026-04-21 20:06:30', '2026-05-03 15:37:53'),
(14, 'Fattoria Marian', 'Итальянская кухня: пиццетта, пицца, паста, супы и классические десерты.', '/assets/img/brands/italian/fattoria_marian.png', '/uploads/restaurants/restaurant-14-banner.jpg', 'Москва, Маросейка, 6', '+7 (495) 101-00-14', '11:00 - 23:00', 4.70, 189.00, 1100.00, 35, 60, 1, '2026-04-21 20:06:30', '2026-05-03 15:37:53'),
(15, 'Dolce Far Niente', 'Неаполитанская пицца, паста, ризотто, салаты и итальянские закуски.', '/assets/img/brands/italian/dolce_far_niente.png', '/uploads/restaurants/restaurant-15-banner.jpg', 'Москва, Пречистенка, 40', '+7 (495) 101-00-15', '11:30 - 23:30', 4.70, 199.00, 1200.00, 40, 60, 1, '2026-04-21 20:06:30', '2026-05-03 15:37:53'),
(16, 'Культура Встречи', 'Современная русская кухня: закуски, супы, горячие блюда, десерты и напитки.', '/assets/img/brands/russian/kultura_vstrechi.svg', '/uploads/restaurants/restaurant-16-banner.jpg', 'Москва, Большая Дмитровка, 9', '+7 (495) 101-00-16', '09:00 - 23:00', 4.60, 129.00, 700.00, 30, 50, 1, '2026-04-21 20:06:30', '2026-05-03 15:37:53'),
(17, 'Кофемания', 'Завтраки, салаты, супы, горячие блюда, десерты и авторские напитки.', '/assets/img/brands/russian/kofemania.svg', '/uploads/restaurants/restaurant-17-banner.jpeg', 'Москва, Садовая-Самотечная, 20', '+7 (495) 101-00-17', '08:00 - 23:00', 4.90, 149.00, 800.00, 25, 45, 1, '2026-04-21 20:06:30', '2026-05-03 15:37:53'),
(18, 'Теремок', 'Сытные и сладкие блины, супы, вторые блюда и русские напитки.', '/assets/img/brands/russian/teremok.png', '/uploads/restaurants/restaurant-18-banner.jpg', 'Москва, Комсомольский проспект, 28', '+7 (495) 101-00-18', '09:00 - 22:30', 4.50, 99.00, 500.00, 20, 40, 1, '2026-04-21 20:06:30', '2026-05-03 15:37:53');

-- --------------------------------------------------------

--
-- Структура таблицы `restaurant_categories`
--

CREATE TABLE `restaurant_categories` (
  `id` bigint(20) UNSIGNED NOT NULL,
  `name` varchar(120) NOT NULL,
  `slug` varchar(140) NOT NULL,
  `is_active` tinyint(1) NOT NULL DEFAULT 1
) ENGINE=InnoDB DEFAULT CHARSET=utf8mb4 COLLATE=utf8mb4_unicode_ci;

--
-- Дамп данных таблицы `restaurant_categories`
--

INSERT INTO `restaurant_categories` (`id`, `name`, `slug`, `is_active`) VALUES
(1, 'Бургеры', 'burgers', 1),
(2, 'Суши', 'sushi', 1),
(3, 'Пицца', 'pizza', 1),
(4, 'Десерты', 'desserts', 1),
(5, 'Итальянская кухня', 'italian', 1),
(6, 'Русская кухня', 'russian', 1),
(7, 'Кавказская кухня', 'georgia', 0);

-- --------------------------------------------------------

--
-- Структура таблицы `restaurant_category_links`
--

CREATE TABLE `restaurant_category_links` (
  `id` bigint(20) UNSIGNED NOT NULL,
  `restaurant_id` bigint(20) UNSIGNED NOT NULL,
  `category_id` bigint(20) UNSIGNED NOT NULL
) ENGINE=InnoDB DEFAULT CHARSET=utf8mb4 COLLATE=utf8mb4_unicode_ci;

--
-- Дамп данных таблицы `restaurant_category_links`
--

INSERT INTO `restaurant_category_links` (`id`, `restaurant_id`, `category_id`) VALUES
(25, 1, 1),
(26, 2, 1),
(27, 3, 1),
(28, 4, 2),
(29, 5, 2),
(30, 6, 2),
(31, 7, 3),
(32, 8, 3),
(33, 9, 3),
(34, 10, 4),
(35, 11, 4),
(36, 12, 4),
(37, 13, 5),
(38, 14, 5),
(39, 15, 5),
(40, 16, 6),
(41, 17, 6),
(42, 18, 6);

-- --------------------------------------------------------

--
-- Структура таблицы `reviews`
--

CREATE TABLE `reviews` (
  `id` bigint(20) UNSIGNED NOT NULL,
  `user_id` bigint(20) UNSIGNED NOT NULL,
  `restaurant_id` bigint(20) UNSIGNED NOT NULL,
  `rating` tinyint(3) UNSIGNED NOT NULL,
  `comment` text NOT NULL,
  `is_approved` tinyint(1) NOT NULL DEFAULT 0,
  `created_at` datetime NOT NULL,
  `updated_at` datetime NOT NULL
) ;

--
-- Дамп данных таблицы `reviews`
--

INSERT INTO `reviews` (`id`, `user_id`, `restaurant_id`, `rating`, `comment`, `is_approved`, `created_at`, `updated_at`) VALUES
(11, 2, 7, 5, 'Очень быстрая доставка и горячая пицца.', 1, '2026-04-21 20:06:31', '2026-04-21 20:06:31'),
(12, 3, 4, 5, 'Роллы свежие, привезли аккуратно.', 1, '2026-04-21 20:06:31', '2026-04-21 20:06:31'),
(13, 2, 1, 4, 'Хорошее комбо, удобный заказ через сайт.', 1, '2026-04-21 20:06:31', '2026-04-21 20:06:31'),
(14, 3, 13, 5, 'Отличная паста и приятная упаковка.', 1, '2026-04-21 20:06:31', '2026-04-21 20:06:31'),
(15, 2, 10, 5, 'Десерты отличные, особенно чизкейк.', 1, '2026-04-21 20:06:31', '2026-04-21 20:06:31'),
(16, 3, 18, 4, 'Блины вкусные, доставка вовремя.', 1, '2026-04-21 20:06:31', '2026-04-21 20:06:31');

-- --------------------------------------------------------

--
-- Структура таблицы `security_events`
--

CREATE TABLE `security_events` (
  `id` bigint(20) UNSIGNED NOT NULL,
  `action_name` varchar(80) NOT NULL,
  `event_type` varchar(80) NOT NULL,
  `ip_address` varchar(64) DEFAULT NULL,
  `user_agent` varchar(255) DEFAULT NULL,
  `metadata_json` longtext CHARACTER SET utf8mb4 COLLATE utf8mb4_bin DEFAULT NULL CHECK (json_valid(`metadata_json`)),
  `created_at` datetime NOT NULL
) ENGINE=InnoDB DEFAULT CHARSET=utf8mb4 COLLATE=utf8mb4_unicode_ci;

--
-- Дамп данных таблицы `security_events`
--

INSERT INTO `security_events` (`id`, `action_name`, `event_type`, `ip_address`, `user_agent`, `metadata_json`, `created_at`) VALUES
(1, 'login', 'failed', '::1', 'Mozilla/5.0 (Windows NT 10.0; Win64; x64) AppleWebKit/537.36 (KHTML, like Gecko) Chrome/147.0.0.0 Safari/537.36', '{\"email\":\"max@example.com\"}', '2026-04-24 08:26:18'),
(2, 'login', 'failed', '::1', 'Mozilla/5.0 (Windows NT 10.0; Win64; x64) AppleWebKit/537.36 (KHTML, like Gecko) Chrome/147.0.0.0 Safari/537.36', '{\"email\":\"max@example.com\"}', '2026-04-24 08:26:30'),
(3, 'login', 'failed', '::1', 'Mozilla/5.0 (Windows NT 10.0; Win64; x64) AppleWebKit/537.36 (KHTML, like Gecko) Chrome/147.0.0.0 Safari/537.36', '{\"email\":\"it@gmail.com\"}', '2026-04-26 08:31:53'),
(4, 'login', 'failed', '::1', 'Mozilla/5.0 (Windows NT 10.0; Win64; x64) AppleWebKit/537.36 (KHTML, like Gecko) Chrome/147.0.0.0 Safari/537.36', '{\"email\":\"admin@foodhub.local\"}', '2026-04-28 08:29:58'),
(5, 'login', 'failed', '::1', 'Mozilla/5.0 (Windows NT 10.0; Win64; x64) AppleWebKit/537.36 (KHTML, like Gecko) Chrome/147.0.0.0 Safari/537.36', '{\"email\":\"admin@foodhub.local\"}', '2026-04-28 08:30:06'),
(6, 'login', 'failed', '::1', 'Mozilla/5.0 (Windows NT 10.0; Win64; x64) AppleWebKit/537.36 (KHTML, like Gecko) Chrome/147.0.0.0 Safari/537.36', '{\"email\":\"it@gmail.com\"}', '2026-04-28 08:40:21'),
(7, 'login', 'failed', '::1', 'Mozilla/5.0 (Windows NT 10.0; Win64; x64) AppleWebKit/537.36 (KHTML, like Gecko) Chrome/147.0.0.0 Safari/537.36', '{\"email\":\"it@gmail.com\"}', '2026-04-28 08:40:34'),
(8, 'login', 'failed', '::1', 'Mozilla/5.0 (Windows NT 10.0; Win64; x64) AppleWebKit/537.36 (KHTML, like Gecko) Chrome/147.0.0.0 Safari/537.36', '{\"email\":\"it@gmail.com\"}', '2026-04-28 08:40:45'),
(9, 'login', 'failed', '::1', 'Mozilla/5.0 (Windows NT 10.0; Win64; x64) AppleWebKit/537.36 (KHTML, like Gecko) Chrome/147.0.0.0 Safari/537.36', '{\"email\":\"it@gmail.com\"}', '2026-04-28 08:40:48'),
(10, 'login', 'failed', '::1', 'Mozilla/5.0 (Windows NT 10.0; Win64; x64) AppleWebKit/537.36 (KHTML, like Gecko) Chrome/147.0.0.0 Safari/537.36', '{\"email\":\"max@example.com\"}', '2026-04-28 08:42:59'),
(11, 'login', 'failed', '::1', 'Mozilla/5.0 (Windows NT 10.0; Win64; x64) AppleWebKit/537.36 (KHTML, like Gecko) Chrome/147.0.0.0 Safari/537.36', '{\"email\":\"max@example.com\"}', '2026-04-28 08:43:04'),
(12, 'login', 'failed', '::1', 'Mozilla/5.0 (Windows NT 10.0; Win64; x64) AppleWebKit/537.36 (KHTML, like Gecko) Chrome/147.0.0.0 Safari/537.36', '{\"email\":\"max@example.com\"}', '2026-04-28 08:43:21'),
(13, 'login', 'failed', '::1', 'Mozilla/5.0 (Windows NT 10.0; Win64; x64) AppleWebKit/537.36 (KHTML, like Gecko) Chrome/147.0.0.0 Safari/537.36', '{\"email\":\"max@example.com\"}', '2026-04-28 08:43:26'),
(14, 'login', 'rate_limit_blocked', '::1', 'Mozilla/5.0 (Windows NT 10.0; Win64; x64) AppleWebKit/537.36 (KHTML, like Gecko) Chrome/147.0.0.0 Safari/537.36', '{\"identifier\":\"max@example.com|::1\",\"ip\":\"::1\"}', '2026-04-28 08:43:48'),
(15, 'login', 'rate_limit_blocked', '::1', 'Mozilla/5.0 (Windows NT 10.0; Win64; x64) AppleWebKit/537.36 (KHTML, like Gecko) Chrome/147.0.0.0 Safari/537.36', '{\"identifier\":\"max@example.com|::1\",\"ip\":\"::1\"}', '2026-04-28 08:44:04'),
(16, 'login', 'failed', '127.0.0.1', 'Mozilla/5.0 (Windows NT 10.0; Win64; x64) AppleWebKit/537.36 (KHTML, like Gecko) Chrome/148.0.0.0 Safari/537.36', '{\"email\":\"it@gmail.com\"}', '2026-05-06 16:13:52'),
(17, 'login', 'failed', '127.0.0.1', 'Mozilla/5.0 (Windows NT 10.0; Win64; x64) AppleWebKit/537.36 (KHTML, like Gecko) Chrome/148.0.0.0 Safari/537.36', '{\"email\":\"max@example.com\"}', '2026-05-06 21:53:02'),
(18, 'login', 'failed', '127.0.0.1', 'Mozilla/5.0 (Windows NT 10.0; Win64; x64) AppleWebKit/537.36 (KHTML, like Gecko) Chrome/148.0.0.0 Safari/537.36', '{\"email\":\"max@example.com\"}', '2026-05-06 21:53:03'),
(19, 'login', 'failed', '127.0.0.1', 'Mozilla/5.0 (Windows NT 10.0; Win64; x64) AppleWebKit/537.36 (KHTML, like Gecko) Chrome/148.0.0.0 Safari/537.36', '{\"email\":\"max@example.com\"}', '2026-05-06 21:53:04'),
(20, 'login', 'failed', '127.0.0.1', 'Mozilla/5.0 (Windows NT 10.0; Win64; x64) AppleWebKit/537.36 (KHTML, like Gecko) Chrome/148.0.0.0 Safari/537.36', '{\"email\":\"max@example.com\"}', '2026-05-06 21:53:05'),
(21, 'login', 'failed', '127.0.0.1', 'Mozilla/5.0 (Windows NT 10.0; Win64; x64) AppleWebKit/537.36 (KHTML, like Gecko) Chrome/148.0.0.0 Safari/537.36', '{\"email\":\"max@example.com\"}', '2026-05-06 21:53:06'),
(22, 'login', 'rate_limit_blocked', '127.0.0.1', 'Mozilla/5.0 (Windows NT 10.0; Win64; x64) AppleWebKit/537.36 (KHTML, like Gecko) Chrome/148.0.0.0 Safari/537.36', '{\"identifier\":\"max@example.com|127.0.0.1\",\"ip\":\"127.0.0.1\"}', '2026-05-06 21:53:07'),
(23, 'login', 'rate_limit_blocked', '127.0.0.1', 'Mozilla/5.0 (Windows NT 10.0; Win64; x64) AppleWebKit/537.36 (KHTML, like Gecko) Chrome/148.0.0.0 Safari/537.36', '{\"identifier\":\"max@example.com|127.0.0.1\",\"ip\":\"127.0.0.1\"}', '2026-05-06 21:53:08');

-- --------------------------------------------------------

--
-- Структура таблицы `users`
--

CREATE TABLE `users` (
  `id` bigint(20) UNSIGNED NOT NULL,
  `name` varchar(120) NOT NULL,
  `email` varchar(190) NOT NULL,
  `phone` varchar(30) DEFAULT NULL,
  `password_hash` varchar(255) NOT NULL,
  `role` enum('guest','user','admin') NOT NULL DEFAULT 'user',
  `email_verified_at` datetime DEFAULT NULL,
  `is_active` tinyint(1) NOT NULL DEFAULT 1,
  `created_at` datetime NOT NULL,
  `updated_at` datetime NOT NULL
) ENGINE=InnoDB DEFAULT CHARSET=utf8mb4 COLLATE=utf8mb4_unicode_ci;

--
-- Дамп данных таблицы `users`
--

INSERT INTO `users` (`id`, `name`, `email`, `phone`, `password_hash`, `role`, `email_verified_at`, `is_active`, `created_at`, `updated_at`) VALUES
(1, 'Admin Mealgo', 'admin@foodhub.local', '+7 (999) 111-22-33', '$2y$10$xfPs7X5Mk/C9pHh3n1XOGemEIaoEyaAwUTLO6ha8bmZns0KAtb0cS', 'admin', '2026-04-21 20:06:30', 1, '2026-04-21 20:06:30', '2026-04-28 08:42:45'),
(2, 'Ирина Смирнова', 'irina@example.com', '+7 (901) 222-45-67', '$2y$10$v9JNFUPargIeoksDqJb8oOBJFfsYotYxPIxdiKutssBDAPDTHNT8m', 'user', '2026-04-21 20:06:30', 1, '2026-04-21 20:06:30', '2026-04-21 20:06:30'),
(3, 'Максим Кузнецов', 'max@example.com', '+7 (905) 333-12-90', '$2y$10$v9JNFUPargIeoksDqJb8oOBJFfsYotYxPIxdiKutssBDAPDTHNT8m', 'user', '2026-04-21 20:06:30', 1, '2026-04-21 20:06:30', '2026-04-28 08:43:38'),
(4, 'Test', 'it@gmail.com', '+7 (555) 555-55-55', '$2y$10$lEGpESX2smfNbV.4Dyx7MOwK0EZGouKlQcdo3v69DH7e30XAOOYK6', 'user', '2026-04-25 13:23:29', 1, '2026-04-25 13:23:01', '2026-05-06 16:06:19'),
(5, 'Gay', 'gay@gmail.com', '+7 (966) 078-98-16', '$2y$10$HTpixTk/X7OvNISe3RXj9Ok.O9e75.OXND/ux6CYbp1UuyFTQN9Za', 'user', '2026-05-06 16:48:58', 1, '2026-05-06 16:20:05', '2026-05-06 16:50:39');

-- --------------------------------------------------------

--
-- Структура таблицы `user_addresses`
--

CREATE TABLE `user_addresses` (
  `id` bigint(20) UNSIGNED NOT NULL,
  `user_id` bigint(20) UNSIGNED NOT NULL,
  `title` varchar(70) NOT NULL,
  `address_line` varchar(255) NOT NULL,
  `entrance` varchar(20) DEFAULT NULL,
  `floor` varchar(20) DEFAULT NULL,
  `apartment` varchar(20) DEFAULT NULL,
  `intercom_code` varchar(30) DEFAULT NULL,
  `comment` varchar(255) DEFAULT NULL,
  `created_at` datetime NOT NULL,
  `updated_at` datetime NOT NULL
) ENGINE=InnoDB DEFAULT CHARSET=utf8mb4 COLLATE=utf8mb4_unicode_ci;

--
-- Дамп данных таблицы `user_addresses`
--

INSERT INTO `user_addresses` (`id`, `user_id`, `title`, `address_line`, `entrance`, `floor`, `apartment`, `intercom_code`, `comment`, `created_at`, `updated_at`) VALUES
(5, 2, 'Дом', 'Москва, улица Пушкинская, дом 10, кв 15', '2', '5', '15', '45K', 'Позвонить за 5 минут', '2026-04-21 20:06:31', '2026-04-21 20:06:31'),
(6, 3, 'Офис', 'Москва, проспект Мира, 54', '1', '3', '12', '', 'Охрана пропускает по звонку', '2026-04-21 20:06:31', '2026-04-24 13:53:18');

--
-- Индексы сохранённых таблиц
--

--
-- Индексы таблицы `admin_logs`
--
ALTER TABLE `admin_logs`
  ADD PRIMARY KEY (`id`),
  ADD KEY `idx_admin_logs_admin` (`admin_id`),
  ADD KEY `idx_admin_logs_entity` (`entity_type`,`entity_id`);

--
-- Индексы таблицы `carts`
--
ALTER TABLE `carts`
  ADD PRIMARY KEY (`id`),
  ADD UNIQUE KEY `uq_user_restaurant_active` (`user_id`,`restaurant_id`,`active_marker`),
  ADD KEY `idx_carts_user` (`user_id`),
  ADD KEY `idx_carts_status` (`status`),
  ADD KEY `fk_carts_restaurant` (`restaurant_id`);

--
-- Индексы таблицы `cart_items`
--
ALTER TABLE `cart_items`
  ADD PRIMARY KEY (`id`),
  ADD UNIQUE KEY `uq_cart_menu_item` (`cart_id`,`menu_item_id`),
  ADD KEY `idx_cart_items_cart` (`cart_id`),
  ADD KEY `fk_cart_items_menu_item` (`menu_item_id`);

--
-- Индексы таблицы `email_verification_codes`
--
ALTER TABLE `email_verification_codes`
  ADD PRIMARY KEY (`id`),
  ADD KEY `idx_email_codes_user` (`user_id`),
  ADD KEY `idx_email_codes_email` (`email`),
  ADD KEY `idx_email_codes_expires` (`expires_at`);

--
-- Индексы таблицы `favorites`
--
ALTER TABLE `favorites`
  ADD PRIMARY KEY (`id`),
  ADD UNIQUE KEY `uq_favorites` (`user_id`,`restaurant_id`),
  ADD KEY `fk_favorites_restaurant` (`restaurant_id`);

--
-- Индексы таблицы `menu_categories`
--
ALTER TABLE `menu_categories`
  ADD PRIMARY KEY (`id`),
  ADD KEY `idx_menu_categories_restaurant` (`restaurant_id`),
  ADD KEY `idx_menu_categories_active` (`is_active`);

--
-- Индексы таблицы `menu_items`
--
ALTER TABLE `menu_items`
  ADD PRIMARY KEY (`id`),
  ADD KEY `idx_menu_items_restaurant` (`restaurant_id`),
  ADD KEY `idx_menu_items_category` (`category_id`),
  ADD KEY `idx_menu_items_available` (`is_available`);

--
-- Индексы таблицы `newsletter_subscribers`
--
ALTER TABLE `newsletter_subscribers`
  ADD PRIMARY KEY (`id`),
  ADD UNIQUE KEY `uq_newsletter_email` (`email`),
  ADD KEY `idx_newsletter_status` (`status`),
  ADD KEY `idx_newsletter_created` (`subscribed_at`);

--
-- Индексы таблицы `orders`
--
ALTER TABLE `orders`
  ADD PRIMARY KEY (`id`),
  ADD KEY `idx_orders_user` (`user_id`),
  ADD KEY `idx_orders_restaurant` (`restaurant_id`),
  ADD KEY `idx_orders_status` (`status`);

--
-- Индексы таблицы `order_items`
--
ALTER TABLE `order_items`
  ADD PRIMARY KEY (`id`),
  ADD KEY `idx_order_items_order` (`order_id`),
  ADD KEY `fk_order_items_menu_item` (`menu_item_id`);

--
-- Индексы таблицы `password_reset_tokens`
--
ALTER TABLE `password_reset_tokens`
  ADD PRIMARY KEY (`id`),
  ADD UNIQUE KEY `token` (`token`),
  ADD KEY `idx_password_tokens_user` (`user_id`),
  ADD KEY `idx_password_tokens_expires` (`expires_at`);

--
-- Индексы таблицы `rate_limits`
--
ALTER TABLE `rate_limits`
  ADD PRIMARY KEY (`id`),
  ADD UNIQUE KEY `limiter_key` (`limiter_key`),
  ADD KEY `idx_rate_limits_action` (`action_name`),
  ADD KEY `idx_rate_limits_expires` (`expires_at`);

--
-- Индексы таблицы `restaurants`
--
ALTER TABLE `restaurants`
  ADD PRIMARY KEY (`id`),
  ADD KEY `idx_restaurants_active` (`is_active`),
  ADD KEY `idx_restaurants_rating` (`rating`);

--
-- Индексы таблицы `restaurant_categories`
--
ALTER TABLE `restaurant_categories`
  ADD PRIMARY KEY (`id`),
  ADD UNIQUE KEY `slug` (`slug`),
  ADD KEY `idx_restaurant_categories_active` (`is_active`);

--
-- Индексы таблицы `restaurant_category_links`
--
ALTER TABLE `restaurant_category_links`
  ADD PRIMARY KEY (`id`),
  ADD UNIQUE KEY `uq_restaurant_category` (`restaurant_id`,`category_id`),
  ADD KEY `fk_rcl_category` (`category_id`);

--
-- Индексы таблицы `reviews`
--
ALTER TABLE `reviews`
  ADD PRIMARY KEY (`id`),
  ADD KEY `idx_reviews_restaurant` (`restaurant_id`),
  ADD KEY `idx_reviews_approved` (`is_approved`),
  ADD KEY `fk_reviews_user` (`user_id`);

--
-- Индексы таблицы `security_events`
--
ALTER TABLE `security_events`
  ADD PRIMARY KEY (`id`),
  ADD KEY `idx_security_events_action` (`action_name`),
  ADD KEY `idx_security_events_created` (`created_at`);

--
-- Индексы таблицы `users`
--
ALTER TABLE `users`
  ADD PRIMARY KEY (`id`),
  ADD UNIQUE KEY `email` (`email`),
  ADD KEY `idx_users_role` (`role`),
  ADD KEY `idx_users_active` (`is_active`);

--
-- Индексы таблицы `user_addresses`
--
ALTER TABLE `user_addresses`
  ADD PRIMARY KEY (`id`),
  ADD KEY `idx_user_addresses_user` (`user_id`);

--
-- AUTO_INCREMENT для сохранённых таблиц
--

--
-- AUTO_INCREMENT для таблицы `admin_logs`
--
ALTER TABLE `admin_logs`
  MODIFY `id` bigint(20) UNSIGNED NOT NULL AUTO_INCREMENT, AUTO_INCREMENT=141;

--
-- AUTO_INCREMENT для таблицы `carts`
--
ALTER TABLE `carts`
  MODIFY `id` bigint(20) UNSIGNED NOT NULL AUTO_INCREMENT, AUTO_INCREMENT=39;

--
-- AUTO_INCREMENT для таблицы `cart_items`
--
ALTER TABLE `cart_items`
  MODIFY `id` bigint(20) UNSIGNED NOT NULL AUTO_INCREMENT, AUTO_INCREMENT=90;

--
-- AUTO_INCREMENT для таблицы `email_verification_codes`
--
ALTER TABLE `email_verification_codes`
  MODIFY `id` bigint(20) UNSIGNED NOT NULL AUTO_INCREMENT, AUTO_INCREMENT=7;

--
-- AUTO_INCREMENT для таблицы `favorites`
--
ALTER TABLE `favorites`
  MODIFY `id` bigint(20) UNSIGNED NOT NULL AUTO_INCREMENT, AUTO_INCREMENT=15;

--
-- AUTO_INCREMENT для таблицы `menu_categories`
--
ALTER TABLE `menu_categories`
  MODIFY `id` bigint(20) UNSIGNED NOT NULL AUTO_INCREMENT, AUTO_INCREMENT=222;

--
-- AUTO_INCREMENT для таблицы `menu_items`
--
ALTER TABLE `menu_items`
  MODIFY `id` bigint(20) UNSIGNED NOT NULL AUTO_INCREMENT, AUTO_INCREMENT=1430;

--
-- AUTO_INCREMENT для таблицы `newsletter_subscribers`
--
ALTER TABLE `newsletter_subscribers`
  MODIFY `id` bigint(20) UNSIGNED NOT NULL AUTO_INCREMENT, AUTO_INCREMENT=6;

--
-- AUTO_INCREMENT для таблицы `orders`
--
ALTER TABLE `orders`
  MODIFY `id` bigint(20) UNSIGNED NOT NULL AUTO_INCREMENT, AUTO_INCREMENT=10;

--
-- AUTO_INCREMENT для таблицы `order_items`
--
ALTER TABLE `order_items`
  MODIFY `id` bigint(20) UNSIGNED NOT NULL AUTO_INCREMENT, AUTO_INCREMENT=26;

--
-- AUTO_INCREMENT для таблицы `password_reset_tokens`
--
ALTER TABLE `password_reset_tokens`
  MODIFY `id` bigint(20) UNSIGNED NOT NULL AUTO_INCREMENT, AUTO_INCREMENT=8;

--
-- AUTO_INCREMENT для таблицы `rate_limits`
--
ALTER TABLE `rate_limits`
  MODIFY `id` bigint(20) UNSIGNED NOT NULL AUTO_INCREMENT, AUTO_INCREMENT=21;

--
-- AUTO_INCREMENT для таблицы `restaurants`
--
ALTER TABLE `restaurants`
  MODIFY `id` bigint(20) UNSIGNED NOT NULL AUTO_INCREMENT, AUTO_INCREMENT=20;

--
-- AUTO_INCREMENT для таблицы `restaurant_categories`
--
ALTER TABLE `restaurant_categories`
  MODIFY `id` bigint(20) UNSIGNED NOT NULL AUTO_INCREMENT, AUTO_INCREMENT=8;

--
-- AUTO_INCREMENT для таблицы `restaurant_category_links`
--
ALTER TABLE `restaurant_category_links`
  MODIFY `id` bigint(20) UNSIGNED NOT NULL AUTO_INCREMENT, AUTO_INCREMENT=45;

--
-- AUTO_INCREMENT для таблицы `reviews`
--
ALTER TABLE `reviews`
  MODIFY `id` bigint(20) UNSIGNED NOT NULL AUTO_INCREMENT;

--
-- AUTO_INCREMENT для таблицы `security_events`
--
ALTER TABLE `security_events`
  MODIFY `id` bigint(20) UNSIGNED NOT NULL AUTO_INCREMENT, AUTO_INCREMENT=24;

--
-- AUTO_INCREMENT для таблицы `users`
--
ALTER TABLE `users`
  MODIFY `id` bigint(20) UNSIGNED NOT NULL AUTO_INCREMENT, AUTO_INCREMENT=6;

--
-- AUTO_INCREMENT для таблицы `user_addresses`
--
ALTER TABLE `user_addresses`
  MODIFY `id` bigint(20) UNSIGNED NOT NULL AUTO_INCREMENT, AUTO_INCREMENT=8;

--
-- Ограничения внешнего ключа сохраненных таблиц
--

--
-- Ограничения внешнего ключа таблицы `admin_logs`
--
ALTER TABLE `admin_logs`
  ADD CONSTRAINT `fk_admin_logs_admin` FOREIGN KEY (`admin_id`) REFERENCES `users` (`id`) ON DELETE CASCADE;

--
-- Ограничения внешнего ключа таблицы `carts`
--
ALTER TABLE `carts`
  ADD CONSTRAINT `fk_carts_restaurant` FOREIGN KEY (`restaurant_id`) REFERENCES `restaurants` (`id`) ON DELETE CASCADE,
  ADD CONSTRAINT `fk_carts_user` FOREIGN KEY (`user_id`) REFERENCES `users` (`id`) ON DELETE CASCADE;

--
-- Ограничения внешнего ключа таблицы `cart_items`
--
ALTER TABLE `cart_items`
  ADD CONSTRAINT `fk_cart_items_cart` FOREIGN KEY (`cart_id`) REFERENCES `carts` (`id`) ON DELETE CASCADE,
  ADD CONSTRAINT `fk_cart_items_menu_item` FOREIGN KEY (`menu_item_id`) REFERENCES `menu_items` (`id`) ON DELETE CASCADE;

--
-- Ограничения внешнего ключа таблицы `email_verification_codes`
--
ALTER TABLE `email_verification_codes`
  ADD CONSTRAINT `fk_email_codes_user` FOREIGN KEY (`user_id`) REFERENCES `users` (`id`) ON DELETE CASCADE;

--
-- Ограничения внешнего ключа таблицы `favorites`
--
ALTER TABLE `favorites`
  ADD CONSTRAINT `fk_favorites_restaurant` FOREIGN KEY (`restaurant_id`) REFERENCES `restaurants` (`id`) ON DELETE CASCADE,
  ADD CONSTRAINT `fk_favorites_user` FOREIGN KEY (`user_id`) REFERENCES `users` (`id`) ON DELETE CASCADE;

--
-- Ограничения внешнего ключа таблицы `menu_categories`
--
ALTER TABLE `menu_categories`
  ADD CONSTRAINT `fk_menu_categories_restaurant` FOREIGN KEY (`restaurant_id`) REFERENCES `restaurants` (`id`) ON DELETE CASCADE;

--
-- Ограничения внешнего ключа таблицы `menu_items`
--
ALTER TABLE `menu_items`
  ADD CONSTRAINT `fk_menu_items_category` FOREIGN KEY (`category_id`) REFERENCES `menu_categories` (`id`) ON DELETE CASCADE,
  ADD CONSTRAINT `fk_menu_items_restaurant` FOREIGN KEY (`restaurant_id`) REFERENCES `restaurants` (`id`) ON DELETE CASCADE;

--
-- Ограничения внешнего ключа таблицы `orders`
--
ALTER TABLE `orders`
  ADD CONSTRAINT `fk_orders_restaurant` FOREIGN KEY (`restaurant_id`) REFERENCES `restaurants` (`id`) ON DELETE CASCADE,
  ADD CONSTRAINT `fk_orders_user` FOREIGN KEY (`user_id`) REFERENCES `users` (`id`) ON DELETE CASCADE;

--
-- Ограничения внешнего ключа таблицы `order_items`
--
ALTER TABLE `order_items`
  ADD CONSTRAINT `fk_order_items_menu_item` FOREIGN KEY (`menu_item_id`) REFERENCES `menu_items` (`id`) ON DELETE SET NULL,
  ADD CONSTRAINT `fk_order_items_order` FOREIGN KEY (`order_id`) REFERENCES `orders` (`id`) ON DELETE CASCADE;

--
-- Ограничения внешнего ключа таблицы `password_reset_tokens`
--
ALTER TABLE `password_reset_tokens`
  ADD CONSTRAINT `fk_password_tokens_user` FOREIGN KEY (`user_id`) REFERENCES `users` (`id`) ON DELETE CASCADE;

--
-- Ограничения внешнего ключа таблицы `restaurant_category_links`
--
ALTER TABLE `restaurant_category_links`
  ADD CONSTRAINT `fk_rcl_category` FOREIGN KEY (`category_id`) REFERENCES `restaurant_categories` (`id`) ON DELETE CASCADE,
  ADD CONSTRAINT `fk_rcl_restaurant` FOREIGN KEY (`restaurant_id`) REFERENCES `restaurants` (`id`) ON DELETE CASCADE;

--
-- Ограничения внешнего ключа таблицы `reviews`
--
ALTER TABLE `reviews`
  ADD CONSTRAINT `fk_reviews_restaurant` FOREIGN KEY (`restaurant_id`) REFERENCES `restaurants` (`id`) ON DELETE CASCADE,
  ADD CONSTRAINT `fk_reviews_user` FOREIGN KEY (`user_id`) REFERENCES `users` (`id`) ON DELETE CASCADE;

--
-- Ограничения внешнего ключа таблицы `user_addresses`
--
ALTER TABLE `user_addresses`
  ADD CONSTRAINT `fk_user_addresses_user` FOREIGN KEY (`user_id`) REFERENCES `users` (`id`) ON DELETE CASCADE;
COMMIT;

/*!40101 SET CHARACTER_SET_CLIENT=@OLD_CHARACTER_SET_CLIENT */;
/*!40101 SET CHARACTER_SET_RESULTS=@OLD_CHARACTER_SET_RESULTS */;
/*!40101 SET COLLATION_CONNECTION=@OLD_COLLATION_CONNECTION */;
