-- phpMyAdmin SQL Dump
-- version 5.2.1
-- https://www.phpmyadmin.net/
--
-- Хост: 127.0.0.1
-- Время создания: Апр 29 2026 г., 21:27
-- Версия сервера: 10.4.32-MariaDB
-- Версия PHP: 8.2.12

SET SQL_MODE = "NO_AUTO_VALUE_ON_ZERO";
START TRANSACTION;
SET time_zone = "+00:00";


/*!40101 SET @OLD_CHARACTER_SET_CLIENT=@@CHARACTER_SET_CLIENT */;
/*!40101 SET @OLD_CHARACTER_SET_RESULTS=@@CHARACTER_SET_RESULTS */;
/*!40101 SET @OLD_COLLATION_CONNECTION=@@COLLATION_CONNECTION */;
/*!40101 SET NAMES utf8mb4 */;

--
-- База данных: `diplom_foodhub`
--

-- --------------------------------------------------------

--
-- Структура таблицы `admin_logs`
--

CREATE TABLE `admin_logs` (
  `id` bigint(20) UNSIGNED NOT NULL,
  `admin_id` bigint(20) UNSIGNED NOT NULL,
  `action` varchar(180) NOT NULL,
  `entity_type` varchar(80) NOT NULL,
  `entity_id` bigint(20) DEFAULT NULL,
  `created_at` datetime NOT NULL
) ENGINE=InnoDB DEFAULT CHARSET=utf8mb4 COLLATE=utf8mb4_unicode_ci;

--
-- Дамп данных таблицы `admin_logs`
--

INSERT INTO `admin_logs` (`id`, `admin_id`, `action`, `entity_type`, `entity_id`, `created_at`) VALUES
(3, 1, 'create', 'restaurant', 19, '2026-04-28 08:32:55'),
(4, 1, 'toggle_active', 'restaurant', 19, '2026-04-28 08:33:15'),
(5, 1, 'update', 'restaurant', 19, '2026-04-28 08:33:23'),
(6, 1, 'create', 'restaurant_category', 7, '2026-04-28 08:35:45'),
(7, 1, 'update', 'restaurant_category', 7, '2026-04-28 08:36:23'),
(8, 1, 'create', 'menu_item', 1423, '2026-04-28 08:38:47'),
(9, 1, 'update', 'menu_item', 1423, '2026-04-28 08:39:24'),
(10, 1, 'update', 'menu_item', 1423, '2026-04-28 08:39:39'),
(11, 1, 'update', 'user', 4, '2026-04-28 08:40:05'),
(12, 1, 'update', 'user', 3, '2026-04-28 08:42:10'),
(13, 1, 'update', 'user', 4, '2026-04-28 08:42:13'),
(14, 1, 'update', 'user', 1, '2026-04-28 08:42:45'),
(15, 1, 'update', 'user', 3, '2026-04-28 08:43:38');

-- --------------------------------------------------------

--
-- Структура таблицы `carts`
--

CREATE TABLE `carts` (
  `id` bigint(20) UNSIGNED NOT NULL,
  `user_id` bigint(20) UNSIGNED NOT NULL,
  `restaurant_id` bigint(20) UNSIGNED NOT NULL,
  `status` enum('active','converted','abandoned') NOT NULL DEFAULT 'active',
  `active_marker` tinyint(4) GENERATED ALWAYS AS (case when `status` = 'active' then 1 else NULL end) STORED,
  `created_at` datetime NOT NULL,
  `updated_at` datetime NOT NULL
) ENGINE=InnoDB DEFAULT CHARSET=utf8mb4 COLLATE=utf8mb4_unicode_ci;

--
-- Дамп данных таблицы `carts`
--

INSERT INTO `carts` (`id`, `user_id`, `restaurant_id`, `status`, `created_at`, `updated_at`) VALUES
(4, 1, 17, 'abandoned', '2026-04-22 14:32:54', '2026-04-29 21:39:38'),
(5, 3, 17, 'abandoned', '2026-04-23 09:23:59', '2026-04-23 09:24:20'),
(6, 3, 17, 'abandoned', '2026-04-23 11:19:11', '2026-04-23 11:19:21'),
(7, 3, 17, 'abandoned', '2026-04-23 11:50:54', '2026-04-23 12:05:36'),
(8, 3, 2, 'abandoned', '2026-04-23 12:02:25', '2026-04-23 12:05:36'),
(9, 3, 12, 'abandoned', '2026-04-23 12:02:30', '2026-04-23 12:05:36'),
(10, 3, 3, 'abandoned', '2026-04-23 12:02:36', '2026-04-23 12:05:35'),
(11, 3, 16, 'abandoned', '2026-04-23 12:02:46', '2026-04-23 12:05:35'),
(12, 3, 4, 'abandoned', '2026-04-23 12:03:37', '2026-04-23 12:05:35'),
(13, 3, 1, 'abandoned', '2026-04-23 12:03:52', '2026-04-23 12:05:35'),
(14, 3, 13, 'abandoned', '2026-04-23 12:04:07', '2026-04-23 12:05:34'),
(15, 3, 4, 'abandoned', '2026-04-23 12:05:42', '2026-04-23 12:20:25'),
(16, 3, 17, 'abandoned', '2026-04-23 12:06:06', '2026-04-23 12:08:49'),
(17, 3, 8, 'abandoned', '2026-04-23 12:20:22', '2026-04-23 12:20:24'),
(18, 3, 8, 'abandoned', '2026-04-23 12:20:26', '2026-04-24 08:29:03'),
(19, 3, 4, 'abandoned', '2026-04-23 12:44:23', '2026-04-23 12:44:25'),
(20, 3, 17, 'abandoned', '2026-04-23 12:46:09', '2026-04-23 12:58:01'),
(21, 3, 4, 'abandoned', '2026-04-23 13:08:42', '2026-04-23 16:05:45'),
(22, 3, 17, 'converted', '2026-04-24 08:28:38', '2026-04-24 08:29:22'),
(23, 3, 11, 'converted', '2026-04-24 08:52:43', '2026-04-24 08:52:51'),
(24, 3, 1, 'converted', '2026-04-24 08:59:00', '2026-04-24 08:59:04'),
(25, 3, 16, 'converted', '2026-04-24 09:13:56', '2026-04-24 09:14:21'),
(26, 3, 11, 'converted', '2026-04-24 10:07:58', '2026-04-24 10:08:01'),
(27, 3, 11, 'converted', '2026-04-24 11:23:58', '2026-04-24 11:24:07'),
(28, 3, 17, 'abandoned', '2026-04-25 13:08:46', '2026-04-25 13:08:49'),
(29, 4, 17, 'abandoned', '2026-04-25 14:37:36', '2026-04-26 08:38:11'),
(30, 4, 13, 'active', '2026-04-26 08:38:07', '2026-04-26 08:38:10'),
(31, 3, 17, 'abandoned', '2026-04-28 08:41:39', '2026-04-28 08:41:45'),
(32, 1, 1, 'active', '2026-04-29 21:39:36', '2026-04-29 21:39:54');

-- --------------------------------------------------------

--
-- Структура таблицы `cart_items`
--

CREATE TABLE `cart_items` (
  `id` bigint(20) UNSIGNED NOT NULL,
  `cart_id` bigint(20) UNSIGNED NOT NULL,
  `menu_item_id` bigint(20) UNSIGNED NOT NULL,
  `quantity` int(10) UNSIGNED NOT NULL,
  `price` decimal(10,2) NOT NULL
) ENGINE=InnoDB DEFAULT CHARSET=utf8mb4 COLLATE=utf8mb4_unicode_ci;

--
-- Дамп данных таблицы `cart_items`
--

INSERT INTO `cart_items` (`id`, `cart_id`, `menu_item_id`, `quantity`, `price`) VALUES
(7, 4, 1236, 4, 660.00),
(8, 4, 1238, 1, 520.00),
(10, 6, 1233, 1, 330.00),
(11, 6, 1234, 1, 350.00),
(12, 7, 1231, 2, 300.00),
(13, 7, 1235, 1, 390.00),
(14, 8, 856, 1, 290.00),
(15, 8, 854, 1, 370.00),
(16, 9, 1187, 1, 370.00),
(17, 9, 1188, 1, 750.00),
(18, 10, 894, 1, 460.00),
(19, 10, 892, 1, 610.00),
(20, 11, 1207, 1, 310.00),
(21, 11, 1212, 1, 380.00),
(22, 11, 1209, 2, 240.00),
(23, 12, 929, 1, 960.00),
(24, 13, 821, 1, 510.00),
(25, 13, 822, 1, 330.00),
(26, 14, 1301, 1, 290.00),
(27, 15, 929, 1, 960.00),
(30, 17, 1066, 1, 910.00),
(31, 18, 1067, 1, 1090.00),
(32, 18, 1064, 1, 590.00),
(33, 19, 929, 1, 960.00),
(34, 20, 1231, 2, 300.00),
(35, 20, 1235, 1, 390.00),
(39, 21, 925, 27, 810.00),
(40, 21, 940, 1, 2200.00),
(42, 21, 942, 1, 2540.00),
(43, 21, 935, 1, 880.00),
(44, 22, 1231, 1, 300.00),
(45, 22, 1234, 1, 350.00),
(46, 22, 1264, 1, 230.00),
(47, 23, 1163, 1, 540.00),
(48, 23, 1164, 1, 480.00),
(49, 23, 1162, 1, 210.00),
(50, 24, 817, 1, 340.00),
(51, 25, 1210, 1, 320.00),
(52, 25, 1207, 1, 310.00),
(53, 25, 1212, 1, 380.00),
(54, 25, 1208, 1, 240.00),
(55, 25, 1209, 1, 240.00),
(56, 25, 1211, 1, 450.00),
(57, 25, 1218, 1, 440.00),
(58, 25, 1217, 1, 260.00),
(59, 25, 1216, 1, 450.00),
(60, 25, 1214, 1, 480.00),
(61, 26, 1164, 1, 480.00),
(62, 27, 1179, 1, 710.00),
(63, 28, 1231, 1, 300.00),
(64, 28, 1235, 1, 390.00),
(66, 29, 1238, 1, 520.00),
(67, 29, 1242, 1, 210.00),
(68, 30, 1302, 2, 450.00),
(69, 31, 1231, 1, 300.00),
(70, 32, 817, 7, 340.00),
(71, 32, 822, 1, 330.00),
(72, 32, 821, 14, 510.00),
(73, 32, 819, 3, 590.00);

-- --------------------------------------------------------

--
-- Структура таблицы `email_verification_codes`
--

CREATE TABLE `email_verification_codes` (
  `id` bigint(20) UNSIGNED NOT NULL,
  `user_id` bigint(20) UNSIGNED NOT NULL,
  `email` varchar(190) NOT NULL,
  `code` varchar(12) NOT NULL,
  `expires_at` datetime NOT NULL,
  `verified_at` datetime DEFAULT NULL,
  `created_at` datetime NOT NULL
) ENGINE=InnoDB DEFAULT CHARSET=utf8mb4 COLLATE=utf8mb4_unicode_ci;

--
-- Дамп данных таблицы `email_verification_codes`
--

INSERT INTO `email_verification_codes` (`id`, `user_id`, `email`, `code`, `expires_at`, `verified_at`, `created_at`) VALUES
(1, 4, 'it@gmail.com', '616109', '2026-04-25 13:38:01', NULL, '2026-04-25 13:23:01'),
(2, 4, 'it@gmail.com', '613132', '2026-04-25 13:38:17', '2026-04-25 13:23:29', '2026-04-25 13:23:17');

-- --------------------------------------------------------

--
-- Структура таблицы `favorites`
--

CREATE TABLE `favorites` (
  `id` bigint(20) UNSIGNED NOT NULL,
  `user_id` bigint(20) UNSIGNED NOT NULL,
  `restaurant_id` bigint(20) UNSIGNED NOT NULL,
  `created_at` datetime NOT NULL
) ENGINE=InnoDB DEFAULT CHARSET=utf8mb4 COLLATE=utf8mb4_unicode_ci;

--
-- Дамп данных таблицы `favorites`
--

INSERT INTO `favorites` (`id`, `user_id`, `restaurant_id`, `created_at`) VALUES
(4, 3, 17, '2026-04-24 09:32:23'),
(5, 4, 17, '2026-04-25 14:37:35');

-- --------------------------------------------------------

--
-- Структура таблицы `menu_categories`
--

CREATE TABLE `menu_categories` (
  `id` bigint(20) UNSIGNED NOT NULL,
  `restaurant_id` bigint(20) UNSIGNED NOT NULL,
  `name` varchar(120) NOT NULL,
  `sort_order` int(11) NOT NULL DEFAULT 0,
  `is_active` tinyint(1) NOT NULL DEFAULT 1,
  `created_at` datetime NOT NULL,
  `updated_at` datetime NOT NULL
) ENGINE=InnoDB DEFAULT CHARSET=utf8mb4 COLLATE=utf8mb4_unicode_ci;

--
-- Дамп данных таблицы `menu_categories`
--

INSERT INTO `menu_categories` (`id`, `restaurant_id`, `name`, `sort_order`, `is_active`, `created_at`, `updated_at`) VALUES
(120, 1, 'Бургеры', 10, 1, '2026-04-22 14:25:45', '2026-04-22 14:25:45'),
(121, 1, 'Комбо', 20, 1, '2026-04-22 14:25:45', '2026-04-22 14:25:45'),
(122, 1, 'Снеки', 30, 1, '2026-04-22 14:25:45', '2026-04-22 14:25:45'),
(123, 1, 'Напитки', 40, 1, '2026-04-22 14:25:45', '2026-04-22 14:25:45'),
(124, 1, 'Десерты', 50, 1, '2026-04-22 14:25:45', '2026-04-22 14:25:45'),
(125, 1, 'Соусы', 60, 1, '2026-04-22 14:25:45', '2026-04-22 14:25:45'),
(126, 2, 'Бургеры', 10, 1, '2026-04-22 14:25:45', '2026-04-22 14:25:45'),
(127, 2, 'Комбо', 20, 1, '2026-04-22 14:25:45', '2026-04-22 14:25:45'),
(128, 2, 'Снеки', 30, 1, '2026-04-22 14:25:45', '2026-04-22 14:25:45'),
(129, 2, 'Роллы', 40, 1, '2026-04-22 14:25:45', '2026-04-22 14:25:45'),
(130, 2, 'Напитки', 50, 1, '2026-04-22 14:25:45', '2026-04-22 14:25:45'),
(131, 2, 'Соусы', 60, 1, '2026-04-22 14:25:45', '2026-04-22 14:25:45'),
(132, 3, 'Бургеры', 10, 1, '2026-04-22 14:25:45', '2026-04-22 14:25:45'),
(133, 3, 'Роллы', 20, 1, '2026-04-22 14:25:45', '2026-04-22 14:25:45'),
(134, 3, 'Курица', 30, 1, '2026-04-22 14:25:45', '2026-04-22 14:25:45'),
(135, 3, 'Снеки', 40, 1, '2026-04-22 14:25:45', '2026-04-22 14:25:45'),
(136, 3, 'Напитки', 50, 1, '2026-04-22 14:25:45', '2026-04-22 14:25:45'),
(137, 3, 'Соусы', 60, 1, '2026-04-22 14:25:45', '2026-04-22 14:25:45'),
(138, 4, 'Роллы', 10, 1, '2026-04-22 14:25:45', '2026-04-22 14:25:45'),
(139, 4, 'Суши', 20, 1, '2026-04-22 14:25:45', '2026-04-22 14:25:45'),
(140, 4, 'Сеты', 30, 1, '2026-04-22 14:25:45', '2026-04-22 14:25:45'),
(141, 4, 'Супы', 40, 1, '2026-04-22 14:25:45', '2026-04-22 14:25:45'),
(142, 4, 'Закуски', 50, 1, '2026-04-22 14:25:45', '2026-04-22 14:25:45'),
(143, 4, 'Десерты', 60, 1, '2026-04-22 14:25:45', '2026-04-22 14:25:45'),
(144, 5, 'Боулы', 10, 1, '2026-04-22 14:25:45', '2026-04-22 14:25:45'),
(145, 5, 'Салаты', 20, 1, '2026-04-22 14:25:45', '2026-04-22 14:25:45'),
(146, 5, 'Супы', 30, 1, '2026-04-22 14:25:45', '2026-04-22 14:25:45'),
(147, 5, 'Горячее', 40, 1, '2026-04-22 14:25:45', '2026-04-22 14:25:45'),
(148, 5, 'Закуски', 50, 1, '2026-04-22 14:25:45', '2026-04-22 14:25:45'),
(149, 5, 'Десерты', 60, 1, '2026-04-22 14:25:45', '2026-04-22 14:25:45'),
(150, 6, 'Роллы', 10, 1, '2026-04-22 14:25:45', '2026-04-22 14:25:45'),
(151, 6, 'Суши', 20, 1, '2026-04-22 14:25:45', '2026-04-22 14:25:45'),
(152, 6, 'Сеты', 30, 1, '2026-04-22 14:25:45', '2026-04-22 14:25:45'),
(153, 6, 'Супы', 40, 1, '2026-04-22 14:25:45', '2026-04-22 14:25:45'),
(154, 6, 'Горячее', 50, 1, '2026-04-22 14:25:45', '2026-04-22 14:25:45'),
(155, 6, 'Соусы', 60, 1, '2026-04-22 14:25:45', '2026-04-22 14:25:45'),
(156, 7, 'Пицца', 10, 1, '2026-04-22 14:25:45', '2026-04-22 14:25:45'),
(157, 7, 'Закуски', 20, 1, '2026-04-22 14:25:45', '2026-04-22 14:25:45'),
(158, 7, 'Додстеры', 30, 1, '2026-04-22 14:25:45', '2026-04-22 14:25:45'),
(159, 7, 'Десерты', 40, 1, '2026-04-22 14:25:45', '2026-04-22 14:25:45'),
(160, 7, 'Напитки', 50, 1, '2026-04-22 14:25:45', '2026-04-22 14:25:45'),
(161, 8, 'Пицца', 10, 1, '2026-04-22 14:25:45', '2026-04-22 14:25:45'),
(162, 8, 'Закуски', 20, 1, '2026-04-22 14:25:45', '2026-04-22 14:25:45'),
(163, 8, 'Салаты', 30, 1, '2026-04-22 14:25:45', '2026-04-22 14:25:45'),
(164, 8, 'Горячее', 40, 1, '2026-04-22 14:25:45', '2026-04-22 14:25:45'),
(165, 8, 'Десерты', 50, 1, '2026-04-22 14:25:45', '2026-04-22 14:25:45'),
(166, 8, 'Напитки', 60, 1, '2026-04-22 14:25:45', '2026-04-22 14:25:45'),
(167, 9, 'Пицца', 10, 1, '2026-04-22 14:25:45', '2026-04-22 14:25:45'),
(168, 9, 'Закуски', 20, 1, '2026-04-22 14:25:45', '2026-04-22 14:25:45'),
(169, 9, 'Паста', 30, 1, '2026-04-22 14:25:45', '2026-04-22 14:25:45'),
(170, 9, 'Десерты', 40, 1, '2026-04-22 14:25:45', '2026-04-22 14:25:45'),
(171, 9, 'Напитки', 50, 1, '2026-04-22 14:25:45', '2026-04-22 14:25:45'),
(172, 9, 'Соусы', 60, 1, '2026-04-22 14:25:45', '2026-04-22 14:25:45'),
(173, 10, 'Трайфлы', 10, 1, '2026-04-22 14:25:45', '2026-04-22 14:25:45'),
(174, 10, 'Шоколад', 20, 1, '2026-04-22 14:25:45', '2026-04-22 14:25:45'),
(175, 10, 'Эклеры', 30, 1, '2026-04-22 14:25:45', '2026-04-22 14:25:45'),
(176, 10, 'Торты', 40, 1, '2026-04-22 14:25:45', '2026-04-22 14:25:45'),
(177, 11, 'Десерты', 10, 1, '2026-04-22 14:25:45', '2026-04-22 14:25:45'),
(178, 11, 'Круассаны', 20, 1, '2026-04-22 14:25:45', '2026-04-22 14:25:45'),
(179, 11, 'Завтраки', 30, 1, '2026-04-22 14:25:45', '2026-04-22 14:25:45'),
(180, 11, 'Сэндвичи', 40, 1, '2026-04-22 14:25:45', '2026-04-22 14:25:45'),
(181, 12, 'Наполеон', 10, 1, '2026-04-22 14:25:45', '2026-04-22 14:25:45'),
(182, 12, 'Медовик', 20, 1, '2026-04-22 14:25:45', '2026-04-22 14:25:45'),
(183, 12, 'Торты', 30, 1, '2026-04-22 14:25:45', '2026-04-22 14:25:45'),
(184, 12, 'Десерты', 40, 1, '2026-04-22 14:25:45', '2026-04-22 14:25:45'),
(185, 16, 'Закуски', 10, 1, '2026-04-22 14:25:45', '2026-04-22 14:25:45'),
(186, 16, 'Супы', 20, 1, '2026-04-22 14:25:45', '2026-04-22 14:25:45'),
(187, 16, 'Горячее', 30, 1, '2026-04-22 14:25:45', '2026-04-22 14:25:45'),
(188, 16, 'Десерты', 40, 1, '2026-04-22 14:25:45', '2026-04-22 14:25:45'),
(189, 17, 'Завтраки', 10, 1, '2026-04-22 14:25:45', '2026-04-22 14:25:45'),
(190, 17, 'Салаты', 20, 1, '2026-04-22 14:25:45', '2026-04-22 14:25:45'),
(191, 17, 'Супы', 30, 1, '2026-04-22 14:25:45', '2026-04-22 14:25:45'),
(192, 17, 'Горячее', 40, 1, '2026-04-22 14:25:45', '2026-04-22 14:25:45'),
(193, 17, 'Десерты', 50, 1, '2026-04-22 14:25:45', '2026-04-22 14:25:45'),
(194, 17, 'Напитки', 60, 1, '2026-04-22 14:25:45', '2026-04-22 14:25:45'),
(195, 18, 'Блины', 10, 1, '2026-04-22 14:25:45', '2026-04-22 14:25:45'),
(196, 18, 'Сладкие блины', 20, 1, '2026-04-22 14:25:45', '2026-04-22 14:25:45'),
(197, 18, 'Супы', 30, 1, '2026-04-22 14:25:45', '2026-04-22 14:25:45'),
(198, 18, 'Горячее', 40, 1, '2026-04-22 14:25:45', '2026-04-22 14:25:45'),
(199, 18, 'Напитки', 50, 1, '2026-04-22 14:25:45', '2026-04-22 14:25:45'),
(200, 13, 'Закуски', 10, 1, '2026-04-22 14:25:45', '2026-04-22 14:25:45'),
(201, 13, 'Салаты', 20, 1, '2026-04-22 14:25:45', '2026-04-22 14:25:45'),
(202, 13, 'Супы', 30, 1, '2026-04-22 14:25:45', '2026-04-22 14:25:45'),
(203, 13, 'Паста', 40, 1, '2026-04-22 14:25:45', '2026-04-22 14:25:45'),
(204, 13, 'Пицца', 50, 1, '2026-04-22 14:25:45', '2026-04-22 14:25:45'),
(205, 13, 'Горячее', 60, 1, '2026-04-22 14:25:45', '2026-04-22 14:25:45'),
(206, 13, 'Десерты', 70, 1, '2026-04-22 14:25:45', '2026-04-22 14:25:45'),
(207, 14, 'Закуски', 10, 1, '2026-04-22 14:25:45', '2026-04-22 14:25:45'),
(208, 14, 'Салаты', 20, 1, '2026-04-22 14:25:45', '2026-04-22 14:25:45'),
(209, 14, 'Супы', 30, 1, '2026-04-22 14:25:45', '2026-04-22 14:25:45'),
(210, 14, 'Паста', 40, 1, '2026-04-22 14:25:45', '2026-04-22 14:25:45'),
(211, 14, 'Пицца', 50, 1, '2026-04-22 14:25:45', '2026-04-22 14:25:45'),
(212, 14, 'Горячее', 60, 1, '2026-04-22 14:25:45', '2026-04-22 14:25:45'),
(213, 14, 'Десерты', 70, 1, '2026-04-22 14:25:45', '2026-04-22 14:25:45'),
(214, 15, 'Закуски', 10, 1, '2026-04-22 14:25:45', '2026-04-22 14:25:45'),
(215, 15, 'Салаты', 20, 1, '2026-04-22 14:25:45', '2026-04-22 14:25:45'),
(216, 15, 'Супы', 30, 1, '2026-04-22 14:25:45', '2026-04-22 14:25:45'),
(217, 15, 'Паста', 40, 1, '2026-04-22 14:25:45', '2026-04-22 14:25:45'),
(218, 15, 'Пицца', 50, 1, '2026-04-22 14:25:45', '2026-04-22 14:25:45'),
(219, 15, 'Горячее', 60, 1, '2026-04-22 14:25:45', '2026-04-22 14:25:45'),
(220, 15, 'Десерты', 70, 1, '2026-04-22 14:25:45', '2026-04-22 14:25:45');

-- --------------------------------------------------------

--
-- Структура таблицы `menu_items`
--

CREATE TABLE `menu_items` (
  `id` bigint(20) UNSIGNED NOT NULL,
  `restaurant_id` bigint(20) UNSIGNED NOT NULL,
  `category_id` bigint(20) UNSIGNED NOT NULL,
  `name` varchar(170) NOT NULL,
  `description` text DEFAULT NULL,
  `price` decimal(10,2) NOT NULL,
  `weight` varchar(60) DEFAULT NULL,
  `image` varchar(255) DEFAULT NULL,
  `is_available` tinyint(1) NOT NULL DEFAULT 1,
  `is_popular` tinyint(1) NOT NULL DEFAULT 0,
  `is_new` tinyint(1) NOT NULL DEFAULT 0,
  `created_at` datetime NOT NULL,
  `updated_at` datetime NOT NULL
) ENGINE=InnoDB DEFAULT CHARSET=utf8mb4 COLLATE=utf8mb4_unicode_ci;

--
-- Дамп данных таблицы `menu_items`
--

INSERT INTO `menu_items` (`id`, `restaurant_id`, `category_id`, `name`, `description`, `price`, `weight`, `image`, `is_available`, `is_popular`, `is_new`, `created_at`, `updated_at`) VALUES
(817, 1, 120, 'Биг Спешиал', 'Биг Спешиал из категории \"Бургеры\" ресторана Вкусно и Точка.', 340.00, '253 г', '/uploads/menu/burger-bbq.svg', 1, 1, 0, '2026-04-22 14:25:45', '2026-04-22 14:25:45'),
(818, 1, 120, 'Биг Хит', 'Биг Хит из категории \"Бургеры\" ресторана Вкусно и Точка.', 580.00, '251 г', '/uploads/menu/burger-bbq.svg', 1, 0, 0, '2026-04-22 14:25:45', '2026-04-22 14:25:45'),
(819, 1, 120, 'Гранд', 'Гранд из категории \"Бургеры\" ресторана Вкусно и Точка.', 590.00, '346 г', '/uploads/menu/burger-bbq.svg', 1, 0, 0, '2026-04-22 14:25:45', '2026-04-22 14:25:45'),
(820, 1, 120, 'Фиш Бургер', 'Фиш Бургер из категории \"Бургеры\" ресторана Вкусно и Точка.', 540.00, '254 г', '/uploads/menu/burger-bbq.svg', 1, 0, 0, '2026-04-22 14:25:45', '2026-04-22 14:25:45'),
(821, 1, 120, 'Атлантик Бургер', 'Атлантик Бургер из категории \"Бургеры\" ресторана Вкусно и Точка.', 510.00, '262 г', '/uploads/menu/burger-truffle.svg', 1, 0, 0, '2026-04-22 14:25:45', '2026-04-22 14:25:45'),
(822, 1, 120, 'Цезарь Ролл', 'Цезарь Ролл из категории \"Бургеры\" ресторана Вкусно и Точка.', 330.00, '338 г', '/uploads/menu/burger-truffle.svg', 1, 0, 0, '2026-04-22 14:25:45', '2026-04-22 14:25:45'),
(823, 1, 121, 'Биг Спешиал Комбо', 'Биг Спешиал Комбо из категории \"Комбо\" ресторана Вкусно и Точка.', 940.00, '896 г', '/uploads/menu/burger-bbq.svg', 1, 0, 0, '2026-04-22 14:25:45', '2026-04-22 14:25:45'),
(824, 1, 121, 'Биг Хит Комбо', 'Биг Хит Комбо из категории \"Комбо\" ресторана Вкусно и Точка.', 520.00, '692 г', '/uploads/menu/burger-bbq.svg', 1, 0, 0, '2026-04-22 14:25:45', '2026-04-22 14:25:45'),
(825, 1, 121, 'Гранд Комбо', 'Гранд Комбо из категории \"Комбо\" ресторана Вкусно и Точка.', 840.00, '641 г', '/uploads/menu/burger-bbq.svg', 1, 0, 0, '2026-04-22 14:25:45', '2026-04-22 14:25:45'),
(826, 1, 121, 'Двойной Биг Хит Комбо', 'Двойной Биг Хит Комбо из категории \"Комбо\" ресторана Вкусно и Точка.', 630.00, '764 г', '/uploads/menu/burger-truffle.svg', 1, 0, 0, '2026-04-22 14:25:45', '2026-04-22 14:25:45'),
(827, 1, 121, 'Комбо с чизкейком', 'Комбо с чизкейком из категории \"Комбо\" ресторана Вкусно и Точка.', 880.00, '394 г', '/uploads/menu/burger-bbq.svg', 1, 0, 0, '2026-04-22 14:25:45', '2026-04-22 14:25:45'),
(828, 1, 121, 'Комбо с круассаном', 'Комбо с круассаном из категории \"Комбо\" ресторана Вкусно и Точка.', 870.00, '480 г', '/uploads/menu/burger-bbq.svg', 1, 1, 0, '2026-04-22 14:25:45', '2026-04-22 14:25:45'),
(829, 1, 122, 'Картофель фри', 'Картофель фри из категории \"Снеки\" ресторана Вкусно и Точка.', 150.00, '343 г', '/uploads/menu/fries.svg', 1, 0, 0, '2026-04-22 14:25:45', '2026-04-22 14:25:45'),
(830, 1, 122, 'Картофель по-деревенски', 'Картофель по-деревенски из категории \"Снеки\" ресторана Вкусно и Точка.', 310.00, '288 г', '/uploads/menu/bruschetta.svg', 1, 0, 0, '2026-04-22 14:25:45', '2026-04-22 14:25:45'),
(831, 1, 122, 'Наггетсы', 'Наггетсы из категории \"Снеки\" ресторана Вкусно и Точка.', 410.00, '140 г', '/uploads/menu/fries.svg', 1, 0, 0, '2026-04-22 14:25:45', '2026-04-22 14:25:45'),
(832, 1, 122, 'Стрипсы', 'Стрипсы из категории \"Снеки\" ресторана Вкусно и Точка.', 480.00, '159 г', '/uploads/menu/bruschetta.svg', 1, 1, 0, '2026-04-22 14:25:45', '2026-04-22 14:25:45'),
(833, 1, 122, 'Рыбные палочки', 'Рыбные палочки из категории \"Снеки\" ресторана Вкусно и Точка.', 370.00, '350 г', '/uploads/menu/bruschetta.svg', 1, 0, 0, '2026-04-22 14:25:45', '2026-04-22 14:25:45'),
(834, 1, 122, 'Салат Цезарь', 'Салат Цезарь из категории \"Снеки\" ресторана Вкусно и Точка.', 240.00, '178 г', '/uploads/menu/bruschetta.svg', 1, 1, 1, '2026-04-22 14:25:45', '2026-04-22 14:25:45'),
(835, 1, 123, 'Кола', 'Кола из категории \"Напитки\" ресторана Вкусно и Точка.', 290.00, '338 мл', '/uploads/menu/placeholder.svg', 1, 0, 0, '2026-04-22 14:25:45', '2026-04-22 14:25:45'),
(836, 1, 123, 'Фанта', 'Фанта из категории \"Напитки\" ресторана Вкусно и Точка.', 260.00, '342 мл', '/uploads/menu/placeholder.svg', 1, 1, 0, '2026-04-22 14:25:45', '2026-04-22 14:25:45'),
(837, 1, 123, 'Спрайт', 'Спрайт из категории \"Напитки\" ресторана Вкусно и Точка.', 220.00, '483 мл', '/uploads/menu/placeholder.svg', 1, 1, 0, '2026-04-22 14:25:45', '2026-04-22 14:25:45'),
(838, 1, 123, 'Капучино', 'Капучино из категории \"Напитки\" ресторана Вкусно и Точка.', 180.00, '295 мл', '/uploads/menu/placeholder.svg', 1, 0, 0, '2026-04-22 14:25:45', '2026-04-22 14:25:45'),
(839, 1, 123, 'Латте', 'Латте из категории \"Напитки\" ресторана Вкусно и Точка.', 290.00, '359 мл', '/uploads/menu/placeholder.svg', 1, 0, 0, '2026-04-22 14:25:45', '2026-04-22 14:25:45'),
(840, 1, 123, 'Чай', 'Чай из категории \"Напитки\" ресторана Вкусно и Точка.', 200.00, '336 мл', '/uploads/menu/placeholder.svg', 1, 0, 1, '2026-04-22 14:25:45', '2026-04-22 14:25:45'),
(841, 1, 124, 'Чизкейк', 'Чизкейк из категории \"Десерты\" ресторана Вкусно и Точка.', 270.00, '135 г', '/uploads/menu/chia-mango.svg', 1, 0, 0, '2026-04-22 14:25:45', '2026-04-22 14:25:45'),
(842, 1, 124, 'Маффин', 'Маффин из категории \"Десерты\" ресторана Вкусно и Точка.', 260.00, '211 г', '/uploads/menu/chia-mango.svg', 1, 0, 0, '2026-04-22 14:25:45', '2026-04-22 14:25:45'),
(843, 1, 124, 'Круассан', 'Круассан из категории \"Десерты\" ресторана Вкусно и Точка.', 390.00, '161 г', '/uploads/menu/chia-mango.svg', 1, 0, 0, '2026-04-22 14:25:45', '2026-04-22 14:25:45'),
(844, 1, 124, 'Мороженое', 'Мороженое из категории \"Десерты\" ресторана Вкусно и Точка.', 380.00, '217 г', '/uploads/menu/chia-mango.svg', 1, 0, 0, '2026-04-22 14:25:45', '2026-04-22 14:25:45'),
(845, 1, 124, 'Пирожное', 'Пирожное из категории \"Десерты\" ресторана Вкусно и Точка.', 540.00, '212 г', '/uploads/menu/chia-mango.svg', 1, 0, 0, '2026-04-22 14:25:45', '2026-04-22 14:25:45'),
(846, 1, 124, 'Тарт шоколадный', 'Тарт шоколадный из категории \"Десерты\" ресторана Вкусно и Точка.', 240.00, '160 г', '/uploads/menu/chia-mango.svg', 1, 0, 0, '2026-04-22 14:25:45', '2026-04-22 14:25:45'),
(847, 1, 125, 'Кетчуп', 'Кетчуп из категории \"Соусы\" ресторана Вкусно и Точка.', 70.00, '34 г', '/uploads/menu/placeholder.svg', 1, 1, 0, '2026-04-22 14:25:45', '2026-04-22 14:25:45'),
(848, 1, 125, 'Сырный', 'Сырный из категории \"Соусы\" ресторана Вкусно и Точка.', 120.00, '66 г', '/uploads/menu/placeholder.svg', 1, 0, 0, '2026-04-22 14:25:45', '2026-04-22 14:25:45'),
(849, 1, 125, 'Барбекю', 'Барбекю из категории \"Соусы\" ресторана Вкусно и Точка.', 50.00, '56 г', '/uploads/menu/placeholder.svg', 1, 0, 0, '2026-04-22 14:25:45', '2026-04-22 14:25:45'),
(850, 1, 125, 'Горчичный', 'Горчичный из категории \"Соусы\" ресторана Вкусно и Точка.', 50.00, '50 г', '/uploads/menu/placeholder.svg', 1, 0, 0, '2026-04-22 14:25:45', '2026-04-22 14:25:45'),
(851, 1, 125, 'Терияки', 'Терияки из категории \"Соусы\" ресторана Вкусно и Точка.', 80.00, '37 г', '/uploads/menu/placeholder.svg', 1, 0, 0, '2026-04-22 14:25:45', '2026-04-22 14:25:45'),
(852, 1, 125, 'Тар-тар', 'Тар-тар из категории \"Соусы\" ресторана Вкусно и Точка.', 120.00, '45 г', '/uploads/menu/placeholder.svg', 1, 0, 1, '2026-04-22 14:25:45', '2026-04-22 14:25:45'),
(853, 2, 126, 'Воппер', 'Воппер из категории \"Бургеры\" ресторана Burger King.', 350.00, '342 г', '/uploads/menu/burger-truffle.svg', 1, 1, 0, '2026-04-22 14:25:45', '2026-04-22 14:25:45'),
(854, 2, 126, 'Двойной Воппер', 'Двойной Воппер из категории \"Бургеры\" ресторана Burger King.', 370.00, '396 г', '/uploads/menu/burger-bbq.svg', 1, 0, 0, '2026-04-22 14:25:46', '2026-04-22 14:25:46'),
(855, 2, 126, 'Биг Кинг', 'Биг Кинг из категории \"Бургеры\" ресторана Burger King.', 430.00, '378 г', '/uploads/menu/burger-truffle.svg', 1, 1, 1, '2026-04-22 14:25:46', '2026-04-22 14:25:46'),
(856, 2, 126, 'Беконайзер', 'Беконайзер из категории \"Бургеры\" ресторана Burger King.', 290.00, '249 г', '/uploads/menu/burger-truffle.svg', 1, 0, 0, '2026-04-22 14:25:46', '2026-04-22 14:25:46'),
(857, 2, 126, 'Чеддер Кинг', 'Чеддер Кинг из категории \"Бургеры\" ресторана Burger King.', 530.00, '198 г', '/uploads/menu/burger-bbq.svg', 1, 1, 0, '2026-04-22 14:25:46', '2026-04-22 14:25:46'),
(858, 2, 126, 'Ангус бургер', 'Ангус бургер из категории \"Бургеры\" ресторана Burger King.', 420.00, '346 г', '/uploads/menu/burger-truffle.svg', 1, 0, 0, '2026-04-22 14:25:46', '2026-04-22 14:25:46'),
(859, 2, 127, 'Воппер Комбо', 'Воппер Комбо из категории \"Комбо\" ресторана Burger King.', 640.00, '570 г', '/uploads/menu/burger-truffle.svg', 1, 0, 0, '2026-04-22 14:25:46', '2026-04-22 14:25:46'),
(860, 2, 127, 'Биг Кинг Комбо', 'Биг Кинг Комбо из категории \"Комбо\" ресторана Burger King.', 770.00, '539 г', '/uploads/menu/burger-truffle.svg', 1, 1, 1, '2026-04-22 14:25:46', '2026-04-22 14:25:46'),
(861, 2, 127, 'Чикен Комбо', 'Чикен Комбо из категории \"Комбо\" ресторана Burger King.', 930.00, '817 г', '/uploads/menu/burger-bbq.svg', 1, 0, 0, '2026-04-22 14:25:46', '2026-04-22 14:25:46'),
(862, 2, 127, 'Кинг Бокс', 'Кинг Бокс из категории \"Комбо\" ресторана Burger King.', 500.00, '720 г', '/uploads/menu/burger-bbq.svg', 1, 0, 0, '2026-04-22 14:25:46', '2026-04-22 14:25:46'),
(863, 2, 127, 'Комбо на троих', 'Комбо на троих из категории \"Комбо\" ресторана Burger King.', 920.00, '616 г', '/uploads/menu/burger-bbq.svg', 1, 0, 0, '2026-04-22 14:25:46', '2026-04-22 14:25:46'),
(864, 2, 127, 'Джуниор Комбо', 'Джуниор Комбо из категории \"Комбо\" ресторана Burger King.', 510.00, '551 г', '/uploads/menu/burger-bbq.svg', 1, 1, 0, '2026-04-22 14:25:46', '2026-04-22 14:25:46'),
(865, 2, 128, 'Картофель фри', 'Картофель фри из категории \"Снеки\" ресторана Burger King.', 290.00, '218 г', '/uploads/menu/bruschetta.svg', 1, 1, 0, '2026-04-22 14:25:46', '2026-04-22 14:25:46'),
(866, 2, 128, 'Наггетсы', 'Наггетсы из категории \"Снеки\" ресторана Burger King.', 510.00, '279 г', '/uploads/menu/fries.svg', 1, 0, 0, '2026-04-22 14:25:46', '2026-04-22 14:25:46'),
(867, 2, 128, 'Крылышки', 'Крылышки из категории \"Снеки\" ресторана Burger King.', 260.00, '255 г', '/uploads/menu/fries.svg', 1, 0, 0, '2026-04-22 14:25:46', '2026-04-22 14:25:46'),
(868, 2, 128, 'Луковые кольца', 'Луковые кольца из категории \"Снеки\" ресторана Burger King.', 420.00, '309 г', '/uploads/menu/fries.svg', 1, 0, 0, '2026-04-22 14:25:46', '2026-04-22 14:25:46'),
(869, 2, 128, 'Креветки', 'Креветки из категории \"Снеки\" ресторана Burger King.', 430.00, '280 г', '/uploads/menu/fries.svg', 1, 0, 0, '2026-04-22 14:25:46', '2026-04-22 14:25:46'),
(870, 2, 128, 'Сырные палочки', 'Сырные палочки из категории \"Снеки\" ресторана Burger King.', 420.00, '293 г', '/uploads/menu/fries.svg', 1, 0, 0, '2026-04-22 14:25:46', '2026-04-22 14:25:46'),
(871, 2, 129, 'Цезарь ролл', 'Цезарь ролл из категории \"Роллы\" ресторана Burger King.', 900.00, '241 г', '/uploads/menu/california.svg', 1, 0, 0, '2026-04-22 14:25:46', '2026-04-22 14:25:46'),
(872, 2, 129, 'Воппер ролл', 'Воппер ролл из категории \"Роллы\" ресторана Burger King.', 520.00, '339 г', '/uploads/menu/philadelphia.svg', 1, 0, 0, '2026-04-22 14:25:46', '2026-04-22 14:25:46'),
(873, 2, 129, 'Шримп ролл', 'Шримп ролл из категории \"Роллы\" ресторана Burger King.', 770.00, '224 г', '/uploads/menu/california.svg', 1, 0, 0, '2026-04-22 14:25:46', '2026-04-22 14:25:46'),
(874, 2, 129, 'Чикен ролл', 'Чикен ролл из категории \"Роллы\" ресторана Burger King.', 360.00, '354 г', '/uploads/menu/california.svg', 1, 0, 0, '2026-04-22 14:25:46', '2026-04-22 14:25:46'),
(875, 2, 129, 'Барбекю ролл', 'Барбекю ролл из категории \"Роллы\" ресторана Burger King.', 410.00, '231 г', '/uploads/menu/california.svg', 1, 0, 0, '2026-04-22 14:25:46', '2026-04-22 14:25:46'),
(876, 2, 129, 'Моцарелла ролл', 'Моцарелла ролл из категории \"Роллы\" ресторана Burger King.', 390.00, '331 г', '/uploads/menu/california.svg', 1, 1, 1, '2026-04-22 14:25:46', '2026-04-22 14:25:46'),
(877, 2, 130, 'Pepsi', 'Pepsi из категории \"Напитки\" ресторана Burger King.', 260.00, '423 мл', '/uploads/menu/placeholder.svg', 1, 0, 0, '2026-04-22 14:25:46', '2026-04-22 14:25:46'),
(878, 2, 130, '7UP', '7UP из категории \"Напитки\" ресторана Burger King.', 180.00, '459 мл', '/uploads/menu/placeholder.svg', 1, 1, 0, '2026-04-22 14:25:46', '2026-04-22 14:25:46'),
(879, 2, 130, 'Mirinda', 'Mirinda из категории \"Напитки\" ресторана Burger King.', 240.00, '305 мл', '/uploads/menu/placeholder.svg', 1, 0, 0, '2026-04-22 14:25:46', '2026-04-22 14:25:46'),
(880, 2, 130, 'Чай', 'Чай из категории \"Напитки\" ресторана Burger King.', 240.00, '377 мл', '/uploads/menu/placeholder.svg', 1, 0, 0, '2026-04-22 14:25:46', '2026-04-22 14:25:46'),
(881, 2, 130, 'Кофе', 'Кофе из категории \"Напитки\" ресторана Burger King.', 160.00, '470 мл', '/uploads/menu/placeholder.svg', 1, 0, 0, '2026-04-22 14:25:46', '2026-04-22 14:25:46'),
(882, 2, 130, 'Вода', 'Вода из категории \"Напитки\" ресторана Burger King.', 310.00, '495 мл', '/uploads/menu/placeholder.svg', 1, 0, 0, '2026-04-22 14:25:46', '2026-04-22 14:25:46'),
(883, 2, 131, 'Сырный', 'Сырный из категории \"Соусы\" ресторана Burger King.', 60.00, '49 г', '/uploads/menu/placeholder.svg', 1, 0, 0, '2026-04-22 14:25:46', '2026-04-22 14:25:46'),
(884, 2, 131, 'Барбекю', 'Барбекю из категории \"Соусы\" ресторана Burger King.', 100.00, '36 г', '/uploads/menu/placeholder.svg', 1, 1, 0, '2026-04-22 14:25:46', '2026-04-22 14:25:46'),
(885, 2, 131, 'Чесночный', 'Чесночный из категории \"Соусы\" ресторана Burger King.', 130.00, '57 г', '/uploads/menu/placeholder.svg', 1, 0, 0, '2026-04-22 14:25:46', '2026-04-22 14:25:46'),
(886, 2, 131, 'Карри', 'Карри из категории \"Соусы\" ресторана Burger King.', 130.00, '36 г', '/uploads/menu/placeholder.svg', 1, 0, 1, '2026-04-22 14:25:46', '2026-04-22 14:25:46'),
(887, 2, 131, 'Горчичный', 'Горчичный из категории \"Соусы\" ресторана Burger King.', 100.00, '35 г', '/uploads/menu/placeholder.svg', 1, 1, 1, '2026-04-22 14:25:46', '2026-04-22 14:25:46'),
(888, 2, 131, 'Терияки', 'Терияки из категории \"Соусы\" ресторана Burger King.', 70.00, '44 г', '/uploads/menu/placeholder.svg', 1, 0, 0, '2026-04-22 14:25:46', '2026-04-22 14:25:46'),
(889, 3, 132, 'Шефбургер', 'Шефбургер из категории \"Бургеры\" ресторана Rostic\'s.', 380.00, '314 г', '/uploads/menu/burger-bbq.svg', 1, 0, 0, '2026-04-22 14:25:46', '2026-04-22 14:25:46'),
(890, 3, 132, 'Шефбургер Де Люкс', 'Шефбургер Де Люкс из категории \"Бургеры\" ресторана Rostic\'s.', 350.00, '379 г', '/uploads/menu/burger-bbq.svg', 1, 0, 0, '2026-04-22 14:25:46', '2026-04-22 14:25:46'),
(891, 3, 132, 'Биг Маэстро', 'Биг Маэстро из категории \"Бургеры\" ресторана Rostic\'s.', 540.00, '244 г', '/uploads/menu/burger-truffle.svg', 1, 0, 0, '2026-04-22 14:25:46', '2026-04-22 14:25:46'),
(892, 3, 132, 'Чикенбургер', 'Чикенбургер из категории \"Бургеры\" ресторана Rostic\'s.', 610.00, '196 г', '/uploads/menu/burger-truffle.svg', 1, 0, 0, '2026-04-22 14:25:46', '2026-04-22 14:25:46'),
(893, 3, 132, 'Лонгер', 'Лонгер из категории \"Бургеры\" ресторана Rostic\'s.', 480.00, '251 г', '/uploads/menu/burger-truffle.svg', 1, 1, 1, '2026-04-22 14:25:46', '2026-04-22 14:25:46'),
(894, 3, 132, 'Чизбургер', 'Чизбургер из категории \"Бургеры\" ресторана Rostic\'s.', 460.00, '397 г', '/uploads/menu/burger-bbq.svg', 1, 0, 0, '2026-04-22 14:25:46', '2026-04-22 14:25:46'),
(895, 3, 133, 'Шеф ролл', 'Шеф ролл из категории \"Роллы\" ресторана Rostic\'s.', 390.00, '245 г', '/uploads/menu/california.svg', 1, 1, 0, '2026-04-22 14:25:46', '2026-04-22 14:25:46'),
(896, 3, 133, 'Острый ролл', 'Острый ролл из категории \"Роллы\" ресторана Rostic\'s.', 880.00, '414 г', '/uploads/menu/california.svg', 1, 0, 0, '2026-04-22 14:25:46', '2026-04-22 14:25:46'),
(897, 3, 133, 'Ай-твистер', 'Ай-твистер из категории \"Роллы\" ресторана Rostic\'s.', 930.00, '189 г', '/uploads/menu/california.svg', 1, 0, 1, '2026-04-22 14:25:46', '2026-04-22 14:25:46'),
(898, 3, 133, 'Твистер', 'Твистер из категории \"Роллы\" ресторана Rostic\'s.', 480.00, '289 г', '/uploads/menu/california.svg', 1, 1, 0, '2026-04-22 14:25:46', '2026-04-22 14:25:46'),
(899, 3, 133, 'Чикен ролл', 'Чикен ролл из категории \"Роллы\" ресторана Rostic\'s.', 820.00, '227 г', '/uploads/menu/california.svg', 1, 0, 0, '2026-04-22 14:25:46', '2026-04-22 14:25:46'),
(900, 3, 133, 'Барбекю ролл', 'Барбекю ролл из категории \"Роллы\" ресторана Rostic\'s.', 990.00, '417 г', '/uploads/menu/philadelphia.svg', 1, 0, 0, '2026-04-22 14:25:46', '2026-04-22 14:25:46'),
(901, 3, 134, 'Крылья', 'Крылья из категории \"Курица\" ресторана Rostic\'s.', 390.00, '377 г', '/uploads/menu/placeholder.svg', 1, 0, 0, '2026-04-22 14:25:46', '2026-04-22 14:25:46'),
(902, 3, 134, 'Стрипсы', 'Стрипсы из категории \"Курица\" ресторана Rostic\'s.', 590.00, '307 г', '/uploads/menu/placeholder.svg', 1, 0, 0, '2026-04-22 14:25:46', '2026-04-22 14:25:46'),
(903, 3, 134, 'Байтсы', 'Байтсы из категории \"Курица\" ресторана Rostic\'s.', 390.00, '374 г', '/uploads/menu/placeholder.svg', 1, 0, 0, '2026-04-22 14:25:46', '2026-04-22 14:25:46'),
(904, 3, 134, 'Ножки', 'Ножки из категории \"Курица\" ресторана Rostic\'s.', 600.00, '155 г', '/uploads/menu/placeholder.svg', 1, 0, 0, '2026-04-22 14:25:46', '2026-04-22 14:25:46'),
(905, 3, 134, 'Баскет L', 'Баскет L из категории \"Курица\" ресторана Rostic\'s.', 220.00, '199 г', '/uploads/menu/placeholder.svg', 1, 0, 0, '2026-04-22 14:25:46', '2026-04-22 14:25:46'),
(906, 3, 134, 'Баскет Дуэт', 'Баскет Дуэт из категории \"Курица\" ресторана Rostic\'s.', 430.00, '347 г', '/uploads/menu/placeholder.svg', 1, 0, 0, '2026-04-22 14:25:46', '2026-04-22 14:25:46'),
(907, 3, 135, 'Картофель фри', 'Картофель фри из категории \"Снеки\" ресторана Rostic\'s.', 200.00, '238 г', '/uploads/menu/bruschetta.svg', 1, 0, 1, '2026-04-22 14:25:46', '2026-04-22 14:25:46'),
(908, 3, 135, 'Дольки', 'Дольки из категории \"Снеки\" ресторана Rostic\'s.', 160.00, '141 г', '/uploads/menu/fries.svg', 1, 1, 0, '2026-04-22 14:25:46', '2026-04-22 14:25:46'),
(909, 3, 135, 'Наггетсы', 'Наггетсы из категории \"Снеки\" ресторана Rostic\'s.', 200.00, '117 г', '/uploads/menu/bruschetta.svg', 1, 0, 0, '2026-04-22 14:25:46', '2026-04-22 14:25:46'),
(910, 3, 135, 'Стрипсы', 'Стрипсы из категории \"Снеки\" ресторана Rostic\'s.', 440.00, '220 г', '/uploads/menu/fries.svg', 1, 1, 0, '2026-04-22 14:25:46', '2026-04-22 14:25:46'),
(911, 3, 135, 'Крылья', 'Крылья из категории \"Снеки\" ресторана Rostic\'s.', 360.00, '169 г', '/uploads/menu/fries.svg', 1, 0, 0, '2026-04-22 14:25:46', '2026-04-22 14:25:46'),
(912, 3, 135, 'Сырные закуски', 'Сырные закуски из категории \"Снеки\" ресторана Rostic\'s.', 500.00, '150 г', '/uploads/menu/bruschetta.svg', 1, 0, 0, '2026-04-22 14:25:46', '2026-04-22 14:25:46'),
(913, 3, 136, 'Cola', 'Cola из категории \"Напитки\" ресторана Rostic\'s.', 240.00, '487 мл', '/uploads/menu/placeholder.svg', 1, 0, 0, '2026-04-22 14:25:46', '2026-04-22 14:25:46'),
(914, 3, 136, 'Ice Tea', 'Ice Tea из категории \"Напитки\" ресторана Rostic\'s.', 150.00, '351 мл', '/uploads/menu/placeholder.svg', 1, 0, 0, '2026-04-22 14:25:46', '2026-04-22 14:25:46'),
(915, 3, 136, 'Кофе', 'Кофе из категории \"Напитки\" ресторана Rostic\'s.', 290.00, '492 мл', '/uploads/menu/placeholder.svg', 1, 0, 0, '2026-04-22 14:25:46', '2026-04-22 14:25:46'),
(916, 3, 136, 'Чай', 'Чай из категории \"Напитки\" ресторана Rostic\'s.', 210.00, '347 мл', '/uploads/menu/placeholder.svg', 1, 1, 1, '2026-04-22 14:25:46', '2026-04-22 14:25:46'),
(917, 3, 136, 'Лимонад', 'Лимонад из категории \"Напитки\" ресторана Rostic\'s.', 230.00, '383 мл', '/uploads/menu/placeholder.svg', 1, 0, 0, '2026-04-22 14:25:46', '2026-04-22 14:25:46'),
(918, 3, 136, 'Вода', 'Вода из категории \"Напитки\" ресторана Rostic\'s.', 230.00, '472 мл', '/uploads/menu/placeholder.svg', 1, 1, 0, '2026-04-22 14:25:46', '2026-04-22 14:25:46'),
(919, 3, 137, 'Сырный', 'Сырный из категории \"Соусы\" ресторана Rostic\'s.', 110.00, '46 г', '/uploads/menu/placeholder.svg', 1, 0, 0, '2026-04-22 14:25:46', '2026-04-22 14:25:46'),
(920, 3, 137, 'Барбекю', 'Барбекю из категории \"Соусы\" ресторана Rostic\'s.', 140.00, '40 г', '/uploads/menu/placeholder.svg', 1, 0, 0, '2026-04-22 14:25:46', '2026-04-22 14:25:46'),
(921, 3, 137, 'Кисло-сладкий', 'Кисло-сладкий из категории \"Соусы\" ресторана Rostic\'s.', 60.00, '30 г', '/uploads/menu/placeholder.svg', 1, 0, 0, '2026-04-22 14:25:46', '2026-04-22 14:25:46'),
(922, 3, 137, 'Чесночный', 'Чесночный из категории \"Соусы\" ресторана Rostic\'s.', 130.00, '39 г', '/uploads/menu/placeholder.svg', 1, 0, 0, '2026-04-22 14:25:46', '2026-04-22 14:25:46'),
(923, 3, 137, 'Карри', 'Карри из категории \"Соусы\" ресторана Rostic\'s.', 90.00, '31 г', '/uploads/menu/placeholder.svg', 1, 0, 0, '2026-04-22 14:25:46', '2026-04-22 14:25:46'),
(924, 3, 137, 'Острый', 'Острый из категории \"Соусы\" ресторана Rostic\'s.', 120.00, '57 г', '/uploads/menu/placeholder.svg', 1, 0, 0, '2026-04-22 14:25:46', '2026-04-22 14:25:46'),
(925, 4, 138, 'Филадельфия', 'Филадельфия из категории \"Роллы\" ресторана Tanuki.', 810.00, '396 г', '/uploads/menu/california.svg', 1, 0, 1, '2026-04-22 14:25:46', '2026-04-22 14:25:46'),
(926, 4, 138, 'Калифорния', 'Калифорния из категории \"Роллы\" ресторана Tanuki.', 940.00, '225 г', '/uploads/menu/philadelphia.svg', 1, 0, 0, '2026-04-22 14:25:46', '2026-04-22 14:25:46'),
(927, 4, 138, 'Дракон', 'Дракон из категории \"Роллы\" ресторана Tanuki.', 630.00, '229 г', '/uploads/menu/philadelphia.svg', 1, 0, 0, '2026-04-22 14:25:46', '2026-04-22 14:25:46'),
(928, 4, 138, 'Аригато', 'Аригато из категории \"Роллы\" ресторана Tanuki.', 760.00, '216 г', '/uploads/menu/california.svg', 1, 0, 0, '2026-04-22 14:25:46', '2026-04-22 14:25:46'),
(929, 4, 138, 'Запеченный краб', 'Запеченный краб из категории \"Роллы\" ресторана Tanuki.', 960.00, '322 г', '/uploads/menu/philadelphia.svg', 1, 0, 0, '2026-04-22 14:25:46', '2026-04-22 14:25:46'),
(930, 4, 138, 'Креветка васаби', 'Креветка васаби из категории \"Роллы\" ресторана Tanuki.', 940.00, '349 г', '/uploads/menu/california.svg', 1, 0, 0, '2026-04-22 14:25:46', '2026-04-22 14:25:46'),
(931, 4, 139, 'Лосось', 'Лосось из категории \"Суши\" ресторана Tanuki.', 560.00, '363 г', '/uploads/menu/california.svg', 1, 0, 1, '2026-04-22 14:25:46', '2026-04-22 14:25:46'),
(932, 4, 139, 'Тунец', 'Тунец из категории \"Суши\" ресторана Tanuki.', 900.00, '219 г', '/uploads/menu/philadelphia.svg', 1, 0, 0, '2026-04-22 14:25:46', '2026-04-22 14:25:46'),
(933, 4, 139, 'Угорь', 'Угорь из категории \"Суши\" ресторана Tanuki.', 600.00, '309 г', '/uploads/menu/california.svg', 1, 0, 0, '2026-04-22 14:25:46', '2026-04-22 14:25:46'),
(934, 4, 139, 'Креветка', 'Креветка из категории \"Суши\" ресторана Tanuki.', 620.00, '205 г', '/uploads/menu/philadelphia.svg', 1, 0, 0, '2026-04-22 14:25:46', '2026-04-22 14:25:46'),
(935, 4, 139, 'Гункан краб', 'Гункан краб из категории \"Суши\" ресторана Tanuki.', 880.00, '181 г', '/uploads/menu/philadelphia.svg', 1, 0, 0, '2026-04-22 14:25:46', '2026-04-22 14:25:46'),
(936, 4, 139, 'Гункан тобико', 'Гункан тобико из категории \"Суши\" ресторана Tanuki.', 870.00, '353 г', '/uploads/menu/philadelphia.svg', 1, 0, 0, '2026-04-22 14:25:46', '2026-04-22 14:25:46'),
(937, 4, 140, 'Тануки сет', 'Тануки сет из категории \"Сеты\" ресторана Tanuki.', 1750.00, '1389 г', '/uploads/menu/set-premium.svg', 1, 1, 1, '2026-04-22 14:25:46', '2026-04-22 14:25:46'),
(938, 4, 140, 'Филадельфия сет', 'Филадельфия сет из категории \"Сеты\" ресторана Tanuki.', 1560.00, '1032 г', '/uploads/menu/set-premium.svg', 1, 0, 0, '2026-04-22 14:25:46', '2026-04-22 14:25:46'),
(939, 4, 140, 'Калифорния сет', 'Калифорния сет из категории \"Сеты\" ресторана Tanuki.', 1110.00, '653 г', '/uploads/menu/set-premium.svg', 1, 0, 0, '2026-04-22 14:25:46', '2026-04-22 14:25:46'),
(940, 4, 140, 'Запеченный сет', 'Запеченный сет из категории \"Сеты\" ресторана Tanuki.', 2200.00, '918 г', '/uploads/menu/set-premium.svg', 1, 1, 0, '2026-04-22 14:25:46', '2026-04-22 14:25:46'),
(941, 4, 140, 'Премиум сет', 'Премиум сет из категории \"Сеты\" ресторана Tanuki.', 1740.00, '1087 г', '/uploads/menu/set-premium.svg', 1, 0, 0, '2026-04-22 14:25:46', '2026-04-22 14:25:46'),
(942, 4, 140, 'Аригато сет', 'Аригато сет из категории \"Сеты\" ресторана Tanuki.', 2540.00, '753 г', '/uploads/menu/set-premium.svg', 1, 0, 0, '2026-04-22 14:25:46', '2026-04-22 14:25:46'),
(943, 4, 141, 'Мисо', 'Мисо из категории \"Супы\" ресторана Tanuki.', 330.00, '394 г', '/uploads/menu/salmon-bowl.svg', 1, 0, 0, '2026-04-22 14:25:46', '2026-04-22 14:25:46'),
(944, 4, 141, 'Том ям', 'Том ям из категории \"Супы\" ресторана Tanuki.', 510.00, '454 г', '/uploads/menu/salmon-bowl.svg', 1, 1, 0, '2026-04-22 14:25:46', '2026-04-22 14:25:46'),
(945, 4, 141, 'Рамен', 'Рамен из категории \"Супы\" ресторана Tanuki.', 380.00, '396 г', '/uploads/menu/salmon-bowl.svg', 1, 1, 0, '2026-04-22 14:25:46', '2026-04-22 14:25:46'),
(946, 4, 141, 'Удон', 'Удон из категории \"Супы\" ресторана Tanuki.', 430.00, '333 г', '/uploads/menu/salmon-bowl.svg', 1, 0, 0, '2026-04-22 14:25:46', '2026-04-22 14:25:46'),
(947, 4, 141, 'Рис', 'Рис из категории \"Супы\" ресторана Tanuki.', 340.00, '308 г', '/uploads/menu/salmon-bowl.svg', 1, 0, 0, '2026-04-22 14:25:46', '2026-04-22 14:25:46'),
(948, 4, 141, 'Овощной суп', 'Овощной суп из категории \"Супы\" ресторана Tanuki.', 270.00, '341 г', '/uploads/menu/salmon-bowl.svg', 1, 0, 0, '2026-04-22 14:25:46', '2026-04-22 14:25:46'),
(949, 4, 142, 'Эдамамэ', 'Эдамамэ из категории \"Закуски\" ресторана Tanuki.', 170.00, '236 г', '/uploads/menu/bruschetta.svg', 1, 1, 0, '2026-04-22 14:25:46', '2026-04-22 14:25:46'),
(950, 4, 142, 'Чука', 'Чука из категории \"Закуски\" ресторана Tanuki.', 170.00, '329 г', '/uploads/menu/fries.svg', 1, 0, 0, '2026-04-22 14:25:46', '2026-04-22 14:25:46'),
(951, 4, 142, 'Гедза', 'Гедза из категории \"Закуски\" ресторана Tanuki.', 250.00, '293 г', '/uploads/menu/bruschetta.svg', 1, 0, 1, '2026-04-22 14:25:46', '2026-04-22 14:25:46'),
(952, 4, 142, 'Битые огурцы', 'Битые огурцы из категории \"Закуски\" ресторана Tanuki.', 300.00, '240 г', '/uploads/menu/fries.svg', 1, 0, 0, '2026-04-22 14:25:46', '2026-04-22 14:25:46'),
(953, 4, 142, 'Салат с курицей', 'Салат с курицей из категории \"Закуски\" ресторана Tanuki.', 260.00, '259 г', '/uploads/menu/bruschetta.svg', 1, 1, 1, '2026-04-22 14:25:46', '2026-04-22 14:25:46'),
(954, 4, 142, 'Салат с овощами', 'Салат с овощами из категории \"Закуски\" ресторана Tanuki.', 380.00, '329 г', '/uploads/menu/fries.svg', 1, 0, 0, '2026-04-22 14:25:46', '2026-04-22 14:25:46'),
(955, 4, 143, 'Чизкейк', 'Чизкейк из категории \"Десерты\" ресторана Tanuki.', 380.00, '182 г', '/uploads/menu/chia-mango.svg', 1, 0, 0, '2026-04-22 14:25:46', '2026-04-22 14:25:46'),
(956, 4, 143, 'Мороженое', 'Мороженое из категории \"Десерты\" ресторана Tanuki.', 400.00, '219 г', '/uploads/menu/chia-mango.svg', 1, 0, 0, '2026-04-22 14:25:46', '2026-04-22 14:25:46'),
(957, 4, 143, 'Сладкие роллы', 'Сладкие роллы из категории \"Десерты\" ресторана Tanuki.', 380.00, '160 г', '/uploads/menu/chia-mango.svg', 1, 0, 0, '2026-04-22 14:25:46', '2026-04-22 14:25:46'),
(958, 4, 143, 'Десерт Року', 'Десерт Року из категории \"Десерты\" ресторана Tanuki.', 290.00, '125 г', '/uploads/menu/chia-mango.svg', 1, 1, 1, '2026-04-22 14:25:46', '2026-04-22 14:25:46'),
(959, 4, 143, 'Фрукты', 'Фрукты из категории \"Десерты\" ресторана Tanuki.', 510.00, '160 г', '/uploads/menu/chia-mango.svg', 1, 0, 0, '2026-04-22 14:25:46', '2026-04-22 14:25:46'),
(960, 4, 143, 'Пирожные', 'Пирожные из категории \"Десерты\" ресторана Tanuki.', 350.00, '159 г', '/uploads/menu/chia-mango.svg', 1, 0, 0, '2026-04-22 14:25:46', '2026-04-22 14:25:46'),
(961, 5, 144, 'Поке с лососем', 'Поке с лососем из категории \"Боулы\" ресторана Pinskiy GO.', 500.00, '284 г', '/uploads/menu/salmon-bowl.svg', 1, 0, 0, '2026-04-22 14:25:46', '2026-04-22 14:25:46'),
(962, 5, 144, 'Поке с тунцом', 'Поке с тунцом из категории \"Боулы\" ресторана Pinskiy GO.', 290.00, '269 г', '/uploads/menu/salmon-bowl.svg', 1, 1, 0, '2026-04-22 14:25:46', '2026-04-22 14:25:46'),
(963, 5, 144, 'Поке с креветками', 'Поке с креветками из категории \"Боулы\" ресторана Pinskiy GO.', 320.00, '301 г', '/uploads/menu/salmon-bowl.svg', 1, 0, 0, '2026-04-22 14:25:46', '2026-04-22 14:25:46'),
(964, 5, 144, 'Боул с курицей', 'Боул с курицей из категории \"Боулы\" ресторана Pinskiy GO.', 250.00, '369 г', '/uploads/menu/salmon-bowl.svg', 1, 0, 0, '2026-04-22 14:25:46', '2026-04-22 14:25:46'),
(965, 5, 144, 'Боул с овощами', 'Боул с овощами из категории \"Боулы\" ресторана Pinskiy GO.', 740.00, '363 г', '/uploads/menu/salmon-bowl.svg', 1, 0, 0, '2026-04-22 14:25:46', '2026-04-22 14:25:46'),
(966, 5, 144, 'Поке с угрем', 'Поке с угрем из категории \"Боулы\" ресторана Pinskiy GO.', 290.00, '270 г', '/uploads/menu/salmon-bowl.svg', 1, 0, 0, '2026-04-22 14:25:46', '2026-04-22 14:25:46'),
(967, 5, 145, 'Греческий', 'Греческий из категории \"Салаты\" ресторана Pinskiy GO.', 270.00, '319 г', '/uploads/menu/salmon-bowl.svg', 1, 0, 0, '2026-04-22 14:25:46', '2026-04-22 14:25:46'),
(968, 5, 145, 'Оливье с лососем', 'Оливье с лососем из категории \"Салаты\" ресторана Pinskiy GO.', 630.00, '185 г', '/uploads/menu/salmon-bowl.svg', 1, 0, 0, '2026-04-22 14:25:46', '2026-04-22 14:25:46'),
(969, 5, 145, 'Зеленый салат', 'Зеленый салат из категории \"Салаты\" ресторана Pinskiy GO.', 360.00, '379 г', '/uploads/menu/salmon-bowl.svg', 1, 0, 0, '2026-04-22 14:25:46', '2026-04-22 14:25:46'),
(970, 5, 145, 'Салат с авокадо', 'Салат с авокадо из категории \"Салаты\" ресторана Pinskiy GO.', 430.00, '179 г', '/uploads/menu/salmon-bowl.svg', 1, 0, 0, '2026-04-22 14:25:46', '2026-04-22 14:25:46'),
(971, 5, 145, 'Салат с курицей', 'Салат с курицей из категории \"Салаты\" ресторана Pinskiy GO.', 620.00, '276 г', '/uploads/menu/salmon-bowl.svg', 1, 0, 0, '2026-04-22 14:25:46', '2026-04-22 14:25:46'),
(972, 5, 145, 'Салат с морепродуктами', 'Салат с морепродуктами из категории \"Салаты\" ресторана Pinskiy GO.', 240.00, '323 г', '/uploads/menu/salmon-bowl.svg', 1, 0, 0, '2026-04-22 14:25:46', '2026-04-22 14:25:46'),
(973, 5, 146, 'Том ям', 'Том ям из категории \"Супы\" ресторана Pinskiy GO.', 350.00, '444 г', '/uploads/menu/salmon-bowl.svg', 1, 0, 0, '2026-04-22 14:25:46', '2026-04-22 14:25:46'),
(974, 5, 146, 'Куриный суп', 'Куриный суп из категории \"Супы\" ресторана Pinskiy GO.', 410.00, '380 г', '/uploads/menu/salmon-bowl.svg', 1, 0, 0, '2026-04-22 14:25:46', '2026-04-22 14:25:46'),
(975, 5, 146, 'Крем-суп грибной', 'Крем-суп грибной из категории \"Супы\" ресторана Pinskiy GO.', 260.00, '417 г', '/uploads/menu/salmon-bowl.svg', 1, 0, 0, '2026-04-22 14:25:46', '2026-04-22 14:25:46'),
(976, 5, 146, 'Овощной суп', 'Овощной суп из категории \"Супы\" ресторана Pinskiy GO.', 350.00, '437 г', '/uploads/menu/salmon-bowl.svg', 1, 0, 0, '2026-04-22 14:25:46', '2026-04-22 14:25:46'),
(977, 5, 146, 'Мисо', 'Мисо из категории \"Супы\" ресторана Pinskiy GO.', 280.00, '336 г', '/uploads/menu/salmon-bowl.svg', 1, 0, 0, '2026-04-22 14:25:46', '2026-04-22 14:25:46'),
(978, 5, 146, 'Рыбный суп', 'Рыбный суп из категории \"Супы\" ресторана Pinskiy GO.', 360.00, '340 г', '/uploads/menu/salmon-bowl.svg', 1, 0, 0, '2026-04-22 14:25:46', '2026-04-22 14:25:46'),
(979, 5, 147, 'Паста карбонара', 'Паста карбонара из категории \"Горячее\" ресторана Pinskiy GO.', 980.00, '401 г', '/uploads/menu/chicken-bowl.svg', 1, 0, 0, '2026-04-22 14:25:46', '2026-04-22 14:25:46'),
(980, 5, 147, 'Паста с морепродуктами', 'Паста с морепродуктами из категории \"Горячее\" ресторана Pinskiy GO.', 360.00, '288 г', '/uploads/menu/salmon-bowl.svg', 1, 0, 0, '2026-04-22 14:25:46', '2026-04-22 14:25:46'),
(981, 5, 147, 'Рис с курицей', 'Рис с курицей из категории \"Горячее\" ресторана Pinskiy GO.', 790.00, '289 г', '/uploads/menu/salmon-bowl.svg', 1, 0, 0, '2026-04-22 14:25:46', '2026-04-22 14:25:46'),
(982, 5, 147, 'Лапша с креветками', 'Лапша с креветками из категории \"Горячее\" ресторана Pinskiy GO.', 990.00, '318 г', '/uploads/menu/salmon-bowl.svg', 1, 0, 0, '2026-04-22 14:25:46', '2026-04-22 14:25:46'),
(983, 5, 147, 'Лапша с курицей', 'Лапша с курицей из категории \"Горячее\" ресторана Pinskiy GO.', 560.00, '330 г', '/uploads/menu/salmon-bowl.svg', 1, 1, 0, '2026-04-22 14:25:46', '2026-04-22 14:25:46'),
(984, 5, 147, 'Рис с овощами', 'Рис с овощами из категории \"Горячее\" ресторана Pinskiy GO.', 670.00, '517 г', '/uploads/menu/chicken-bowl.svg', 1, 0, 0, '2026-04-22 14:25:46', '2026-04-22 14:25:46'),
(985, 5, 148, 'Брускетты', 'Брускетты из категории \"Закуски\" ресторана Pinskiy GO.', 340.00, '275 г', '/uploads/menu/fries.svg', 1, 1, 0, '2026-04-22 14:25:46', '2026-04-22 14:25:46'),
(986, 5, 148, 'Тартар из лосося', 'Тартар из лосося из категории \"Закуски\" ресторана Pinskiy GO.', 460.00, '236 г', '/uploads/menu/fries.svg', 1, 0, 0, '2026-04-22 14:25:46', '2026-04-22 14:25:46'),
(987, 5, 148, 'Карпаччо', 'Карпаччо из категории \"Закуски\" ресторана Pinskiy GO.', 490.00, '105 г', '/uploads/menu/bruschetta.svg', 1, 0, 0, '2026-04-22 14:25:46', '2026-04-22 14:25:46'),
(988, 5, 148, 'Сырные закуски', 'Сырные закуски из категории \"Закуски\" ресторана Pinskiy GO.', 380.00, '201 г', '/uploads/menu/bruschetta.svg', 1, 0, 0, '2026-04-22 14:25:46', '2026-04-22 14:25:46'),
(989, 5, 148, 'Морепродукты', 'Морепродукты из категории \"Закуски\" ресторана Pinskiy GO.', 420.00, '213 г', '/uploads/menu/bruschetta.svg', 1, 0, 0, '2026-04-22 14:25:46', '2026-04-22 14:25:46'),
(990, 5, 148, 'Ассорти закусок', 'Ассорти закусок из категории \"Закуски\" ресторана Pinskiy GO.', 270.00, '358 мл', '/uploads/menu/fries.svg', 1, 0, 0, '2026-04-22 14:25:46', '2026-04-22 14:25:46'),
(991, 5, 149, 'Чизкейк', 'Чизкейк из категории \"Десерты\" ресторана Pinskiy GO.', 460.00, '179 г', '/uploads/menu/chia-mango.svg', 1, 1, 0, '2026-04-22 14:25:46', '2026-04-22 14:25:46'),
(992, 5, 149, 'Эклер', 'Эклер из категории \"Десерты\" ресторана Pinskiy GO.', 230.00, '186 г', '/uploads/menu/chia-mango.svg', 1, 0, 0, '2026-04-22 14:25:46', '2026-04-22 14:25:46'),
(993, 5, 149, 'Шоколадный десерт', 'Шоколадный десерт из категории \"Десерты\" ресторана Pinskiy GO.', 240.00, '211 г', '/uploads/menu/chia-mango.svg', 1, 1, 0, '2026-04-22 14:25:46', '2026-04-22 14:25:46'),
(994, 5, 149, 'Кекс', 'Кекс из категории \"Десерты\" ресторана Pinskiy GO.', 230.00, '220 г', '/uploads/menu/chia-mango.svg', 1, 0, 1, '2026-04-22 14:25:46', '2026-04-22 14:25:46'),
(995, 5, 149, 'Мусс', 'Мусс из категории \"Десерты\" ресторана Pinskiy GO.', 400.00, '159 г', '/uploads/menu/chia-mango.svg', 1, 0, 0, '2026-04-22 14:25:46', '2026-04-22 14:25:46'),
(996, 5, 149, 'Фруктовый десерт', 'Фруктовый десерт из категории \"Десерты\" ресторана Pinskiy GO.', 440.00, '220 г', '/uploads/menu/chia-mango.svg', 1, 0, 0, '2026-04-22 14:25:46', '2026-04-22 14:25:46'),
(997, 6, 150, 'Филадельфия', 'Филадельфия из категории \"Роллы\" ресторана Якитория.', 940.00, '395 г', '/uploads/menu/california.svg', 1, 0, 0, '2026-04-22 14:25:46', '2026-04-22 14:25:46'),
(998, 6, 150, 'Калифорния', 'Калифорния из категории \"Роллы\" ресторана Якитория.', 430.00, '341 г', '/uploads/menu/philadelphia.svg', 1, 0, 0, '2026-04-22 14:25:46', '2026-04-22 14:25:46'),
(999, 6, 150, 'Драгон', 'Драгон из категории \"Роллы\" ресторана Якитория.', 620.00, '230 г', '/uploads/menu/philadelphia.svg', 1, 0, 0, '2026-04-22 14:25:46', '2026-04-22 14:25:46'),
(1000, 6, 150, 'Киото', 'Киото из категории \"Роллы\" ресторана Якитория.', 640.00, '279 г', '/uploads/menu/philadelphia.svg', 1, 0, 0, '2026-04-22 14:25:46', '2026-04-22 14:25:46'),
(1001, 6, 150, 'Бали', 'Бали из категории \"Роллы\" ресторана Якитория.', 570.00, '364 г', '/uploads/menu/california.svg', 1, 0, 0, '2026-04-22 14:25:46', '2026-04-22 14:25:46'),
(1002, 6, 150, 'Ниндзя', 'Ниндзя из категории \"Роллы\" ресторана Якитория.', 350.00, '234 г', '/uploads/menu/california.svg', 1, 0, 0, '2026-04-22 14:25:46', '2026-04-22 14:25:46'),
(1003, 6, 151, 'Лосось', 'Лосось из категории \"Суши\" ресторана Якитория.', 830.00, '211 г', '/uploads/menu/philadelphia.svg', 1, 0, 0, '2026-04-22 14:25:46', '2026-04-22 14:25:46'),
(1004, 6, 151, 'Тунец', 'Тунец из категории \"Суши\" ресторана Якитория.', 710.00, '328 г', '/uploads/menu/philadelphia.svg', 1, 1, 0, '2026-04-22 14:25:46', '2026-04-22 14:25:46'),
(1005, 6, 151, 'Угорь', 'Угорь из категории \"Суши\" ресторана Якитория.', 450.00, '176 г', '/uploads/menu/california.svg', 1, 1, 1, '2026-04-22 14:25:46', '2026-04-22 14:25:46'),
(1006, 6, 151, 'Креветка', 'Креветка из категории \"Суши\" ресторана Якитория.', 860.00, '261 г', '/uploads/menu/california.svg', 1, 1, 0, '2026-04-22 14:25:46', '2026-04-22 14:25:46'),
(1007, 6, 151, 'Гункан краб', 'Гункан краб из категории \"Суши\" ресторана Якитория.', 580.00, '317 г', '/uploads/menu/philadelphia.svg', 1, 0, 0, '2026-04-22 14:25:46', '2026-04-22 14:25:46'),
(1008, 6, 151, 'Гункан спайси', 'Гункан спайси из категории \"Суши\" ресторана Якитория.', 660.00, '298 г', '/uploads/menu/california.svg', 1, 0, 0, '2026-04-22 14:25:46', '2026-04-22 14:25:46'),
(1009, 6, 152, 'Филадельфия', 'Филадельфия из категории \"Сеты\" ресторана Якитория.', 1560.00, '1030 г', '/uploads/menu/set-premium.svg', 1, 0, 0, '2026-04-22 14:25:46', '2026-04-22 14:25:46'),
(1010, 6, 152, 'Калифорния', 'Калифорния из категории \"Сеты\" ресторана Якитория.', 2400.00, '1114 г', '/uploads/menu/set-premium.svg', 1, 1, 0, '2026-04-22 14:25:46', '2026-04-22 14:25:46'),
(1011, 6, 152, 'Драгон', 'Драгон из категории \"Сеты\" ресторана Якитория.', 2250.00, '1356 г', '/uploads/menu/set-premium.svg', 1, 0, 1, '2026-04-22 14:25:46', '2026-04-22 14:25:46'),
(1012, 6, 152, 'Киото', 'Киото из категории \"Сеты\" ресторана Якитория.', 2190.00, '952 г', '/uploads/menu/set-premium.svg', 1, 0, 0, '2026-04-22 14:25:46', '2026-04-22 14:25:46'),
(1013, 6, 152, 'Тайга', 'Тайга из категории \"Сеты\" ресторана Якитория.', 1450.00, '979 г', '/uploads/menu/set-premium.svg', 1, 0, 0, '2026-04-22 14:25:46', '2026-04-22 14:25:46'),
(1014, 6, 152, 'Премиум', 'Премиум из категории \"Сеты\" ресторана Якитория.', 2050.00, '841 г', '/uploads/menu/set-premium.svg', 1, 0, 0, '2026-04-22 14:25:46', '2026-04-22 14:25:46'),
(1015, 6, 153, 'Мисо', 'Мисо из категории \"Супы\" ресторана Якитория.', 250.00, '355 г', '/uploads/menu/salmon-bowl.svg', 1, 0, 0, '2026-04-22 14:25:46', '2026-04-22 14:25:46'),
(1016, 6, 153, 'Том ям', 'Том ям из категории \"Супы\" ресторана Якитория.', 360.00, '449 г', '/uploads/menu/salmon-bowl.svg', 1, 0, 0, '2026-04-22 14:25:46', '2026-04-22 14:25:46'),
(1017, 6, 153, 'Рамен', 'Рамен из категории \"Супы\" ресторана Якитория.', 370.00, '388 г', '/uploads/menu/salmon-bowl.svg', 1, 0, 0, '2026-04-22 14:25:46', '2026-04-22 14:25:46'),
(1018, 6, 153, 'Куриный', 'Куриный из категории \"Супы\" ресторана Якитория.', 250.00, '302 г', '/uploads/menu/salmon-bowl.svg', 1, 1, 0, '2026-04-22 14:25:46', '2026-04-22 14:25:46'),
(1019, 6, 153, 'Морепродукты', 'Морепродукты из категории \"Супы\" ресторана Якитория.', 280.00, '389 г', '/uploads/menu/salmon-bowl.svg', 1, 0, 0, '2026-04-22 14:25:46', '2026-04-22 14:25:46'),
(1020, 6, 153, 'Овощной', 'Овощной из категории \"Супы\" ресторана Якитория.', 390.00, '400 г', '/uploads/menu/salmon-bowl.svg', 1, 0, 1, '2026-04-22 14:25:46', '2026-04-22 14:25:46'),
(1021, 6, 154, 'Удон с курицей', 'Удон с курицей из категории \"Горячее\" ресторана Якитория.', 530.00, '337 г', '/uploads/menu/chicken-bowl.svg', 1, 0, 1, '2026-04-22 14:25:46', '2026-04-22 14:25:46'),
(1022, 6, 154, 'Рис с овощами', 'Рис с овощами из категории \"Горячее\" ресторана Якитория.', 620.00, '517 г', '/uploads/menu/chicken-bowl.svg', 1, 0, 0, '2026-04-22 14:25:46', '2026-04-22 14:25:46'),
(1023, 6, 154, 'Терияки', 'Терияки из категории \"Горячее\" ресторана Якитория.', 470.00, '409 г', '/uploads/menu/salmon-bowl.svg', 1, 0, 0, '2026-04-22 14:25:46', '2026-04-22 14:25:46'),
(1024, 6, 154, 'Лосось', 'Лосось из категории \"Горячее\" ресторана Якитория.', 590.00, '381 г', '/uploads/menu/chicken-bowl.svg', 1, 0, 0, '2026-04-22 14:25:46', '2026-04-22 14:25:46'),
(1025, 6, 154, 'Вок', 'Вок из категории \"Горячее\" ресторана Якитория.', 760.00, '351 г', '/uploads/menu/chicken-bowl.svg', 1, 1, 0, '2026-04-22 14:25:46', '2026-04-22 14:25:46'),
(1026, 6, 154, 'Креветки', 'Креветки из категории \"Горячее\" ресторана Якитория.', 880.00, '427 г', '/uploads/menu/salmon-bowl.svg', 1, 0, 0, '2026-04-22 14:25:46', '2026-04-22 14:25:46'),
(1027, 6, 155, 'Соевый', 'Соевый из категории \"Соусы\" ресторана Якитория.', 90.00, '65 г', '/uploads/menu/placeholder.svg', 1, 0, 0, '2026-04-22 14:25:46', '2026-04-22 14:25:46'),
(1028, 6, 155, 'Терияки', 'Терияки из категории \"Соусы\" ресторана Якитория.', 100.00, '40 г', '/uploads/menu/placeholder.svg', 1, 0, 0, '2026-04-22 14:25:46', '2026-04-22 14:25:46'),
(1029, 6, 155, 'Спайси', 'Спайси из категории \"Соусы\" ресторана Якитория.', 130.00, '61 г', '/uploads/menu/placeholder.svg', 1, 0, 0, '2026-04-22 14:25:46', '2026-04-22 14:25:46'),
(1030, 6, 155, 'Унаги', 'Унаги из категории \"Соусы\" ресторана Якитория.', 80.00, '37 г', '/uploads/menu/placeholder.svg', 1, 0, 0, '2026-04-22 14:25:46', '2026-04-22 14:25:46'),
(1031, 6, 155, 'Ореховый', 'Ореховый из категории \"Соусы\" ресторана Якитория.', 70.00, '57 г', '/uploads/menu/placeholder.svg', 1, 0, 0, '2026-04-22 14:25:46', '2026-04-22 14:25:46'),
(1032, 6, 155, 'Васаби', 'Васаби из категории \"Соусы\" ресторана Якитория.', 90.00, '52 г', '/uploads/menu/placeholder.svg', 1, 0, 0, '2026-04-22 14:25:46', '2026-04-22 14:25:46'),
(1033, 7, 156, 'Пепперони', 'Пепперони из категории \"Пицца\" ресторана Dodo Pizza.', 940.00, '658 г', '/uploads/menu/pizza-margherita.svg', 1, 0, 0, '2026-04-22 14:25:46', '2026-04-22 14:25:46'),
(1034, 7, 156, 'Маргарита', 'Маргарита из категории \"Пицца\" ресторана Dodo Pizza.', 930.00, '528 г', '/uploads/menu/pizza-4cheese.svg', 1, 0, 1, '2026-04-22 14:25:46', '2026-04-22 14:25:46'),
(1035, 7, 156, 'Четыре сыра', 'Четыре сыра из категории \"Пицца\" ресторана Dodo Pizza.', 800.00, '568 г', '/uploads/menu/pizza-margherita.svg', 1, 0, 0, '2026-04-22 14:25:46', '2026-04-22 14:25:46'),
(1036, 7, 156, 'Гавайская', 'Гавайская из категории \"Пицца\" ресторана Dodo Pizza.', 830.00, '676 г', '/uploads/menu/pizza-4cheese.svg', 1, 0, 0, '2026-04-22 14:25:46', '2026-04-22 14:25:46'),
(1037, 7, 156, 'Мексиканская', 'Мексиканская из категории \"Пицца\" ресторана Dodo Pizza.', 1050.00, '513 г', '/uploads/menu/pizza-4cheese.svg', 1, 1, 0, '2026-04-22 14:25:46', '2026-04-22 14:25:46'),
(1038, 7, 156, 'Чизбургер', 'Чизбургер из категории \"Пицца\" ресторана Dodo Pizza.', 890.00, '574 г', '/uploads/menu/pizza-4cheese.svg', 1, 0, 0, '2026-04-22 14:25:46', '2026-04-22 14:25:46'),
(1039, 7, 157, 'Картофель', 'Картофель из категории \"Закуски\" ресторана Dodo Pizza.', 490.00, '316 г', '/uploads/menu/fries.svg', 1, 0, 1, '2026-04-22 14:25:46', '2026-04-22 14:25:46'),
(1040, 7, 157, 'Крылья', 'Крылья из категории \"Закуски\" ресторана Dodo Pizza.', 170.00, '146 г', '/uploads/menu/bruschetta.svg', 1, 0, 0, '2026-04-22 14:25:46', '2026-04-22 14:25:46'),
(1041, 7, 157, 'Наггетсы', 'Наггетсы из категории \"Закуски\" ресторана Dodo Pizza.', 220.00, '134 г', '/uploads/menu/bruschetta.svg', 1, 0, 0, '2026-04-22 14:25:46', '2026-04-22 14:25:46'),
(1042, 7, 157, 'Сырные палочки', 'Сырные палочки из категории \"Закуски\" ресторана Dodo Pizza.', 340.00, '278 г', '/uploads/menu/fries.svg', 1, 0, 0, '2026-04-22 14:25:46', '2026-04-22 14:25:46'),
(1043, 7, 157, 'Хашбрауны', 'Хашбрауны из категории \"Закуски\" ресторана Dodo Pizza.', 490.00, '344 г', '/uploads/menu/bruschetta.svg', 1, 0, 0, '2026-04-22 14:25:46', '2026-04-22 14:25:46'),
(1044, 7, 157, 'Чесночный хлеб', 'Чесночный хлеб из категории \"Закуски\" ресторана Dodo Pizza.', 520.00, '231 г', '/uploads/menu/bruschetta.svg', 1, 1, 0, '2026-04-22 14:25:46', '2026-04-22 14:25:46'),
(1045, 7, 158, 'С курицей', 'С курицей из категории \"Додстеры\" ресторана Dodo Pizza.', 420.00, '198 г', '/uploads/menu/placeholder.svg', 1, 0, 0, '2026-04-22 14:25:46', '2026-04-22 14:25:46'),
(1046, 7, 158, 'Острый', 'Острый из категории \"Додстеры\" ресторана Dodo Pizza.', 300.00, '119 г', '/uploads/menu/placeholder.svg', 1, 0, 0, '2026-04-22 14:25:46', '2026-04-22 14:25:46'),
(1047, 7, 158, 'Барбекю', 'Барбекю из категории \"Додстеры\" ресторана Dodo Pizza.', 170.00, '249 г', '/uploads/menu/placeholder.svg', 1, 1, 0, '2026-04-22 14:25:46', '2026-04-22 14:25:46'),
(1048, 7, 158, 'С сыром', 'С сыром из категории \"Додстеры\" ресторана Dodo Pizza.', 380.00, '226 г', '/uploads/menu/placeholder.svg', 1, 1, 0, '2026-04-22 14:25:46', '2026-04-22 14:25:46'),
(1049, 7, 158, 'С ветчиной', 'С ветчиной из категории \"Додстеры\" ресторана Dodo Pizza.', 420.00, '306 г', '/uploads/menu/placeholder.svg', 1, 0, 1, '2026-04-22 14:25:46', '2026-04-22 14:25:46'),
(1050, 7, 158, 'Мини', 'Мини из категории \"Додстеры\" ресторана Dodo Pizza.', 390.00, '323 г', '/uploads/menu/placeholder.svg', 1, 0, 1, '2026-04-22 14:25:46', '2026-04-22 14:25:46'),
(1051, 7, 159, 'Синнабон', 'Синнабон из категории \"Десерты\" ресторана Dodo Pizza.', 440.00, '188 г', '/uploads/menu/chia-mango.svg', 1, 0, 0, '2026-04-22 14:25:46', '2026-04-22 14:25:46'),
(1052, 7, 159, 'Маффин', 'Маффин из категории \"Десерты\" ресторана Dodo Pizza.', 550.00, '180 г', '/uploads/menu/chia-mango.svg', 1, 0, 1, '2026-04-22 14:25:46', '2026-04-22 14:25:46'),
(1053, 7, 159, 'Чизкейк', 'Чизкейк из категории \"Десерты\" ресторана Dodo Pizza.', 320.00, '176 г', '/uploads/menu/chia-mango.svg', 1, 0, 0, '2026-04-22 14:25:46', '2026-04-22 14:25:46'),
(1054, 7, 159, 'Печенье', 'Печенье из категории \"Десерты\" ресторана Dodo Pizza.', 520.00, '121 г', '/uploads/menu/chia-mango.svg', 1, 0, 0, '2026-04-22 14:25:46', '2026-04-22 14:25:46'),
(1055, 7, 159, 'Шоколад', 'Шоколад из категории \"Десерты\" ресторана Dodo Pizza.', 240.00, '149 г', '/uploads/menu/chia-mango.svg', 1, 0, 0, '2026-04-22 14:25:46', '2026-04-22 14:25:46'),
(1056, 7, 159, 'Роллы сладкие', 'Роллы сладкие из категории \"Десерты\" ресторана Dodo Pizza.', 330.00, '153 г', '/uploads/menu/chia-mango.svg', 1, 0, 0, '2026-04-22 14:25:46', '2026-04-22 14:25:46'),
(1057, 7, 160, 'Coca-Cola', 'Coca-Cola из категории \"Напитки\" ресторана Dodo Pizza.', 130.00, '431 мл', '/uploads/menu/placeholder.svg', 1, 0, 0, '2026-04-22 14:25:46', '2026-04-22 14:25:46'),
(1058, 7, 160, 'Fanta', 'Fanta из категории \"Напитки\" ресторана Dodo Pizza.', 320.00, '497 мл', '/uploads/menu/placeholder.svg', 1, 0, 0, '2026-04-22 14:25:46', '2026-04-22 14:25:46'),
(1059, 7, 160, 'Sprite', 'Sprite из категории \"Напитки\" ресторана Dodo Pizza.', 300.00, '255 мл', '/uploads/menu/placeholder.svg', 1, 0, 0, '2026-04-22 14:25:46', '2026-04-22 14:25:46'),
(1060, 7, 160, 'Соки', 'Соки из категории \"Напитки\" ресторана Dodo Pizza.', 310.00, '303 мл', '/uploads/menu/placeholder.svg', 1, 0, 0, '2026-04-22 14:25:46', '2026-04-22 14:25:46'),
(1061, 7, 160, 'Кофе', 'Кофе из категории \"Напитки\" ресторана Dodo Pizza.', 220.00, '303 мл', '/uploads/menu/placeholder.svg', 1, 0, 0, '2026-04-22 14:25:46', '2026-04-22 14:25:46'),
(1062, 7, 160, 'Чай', 'Чай из категории \"Напитки\" ресторана Dodo Pizza.', 120.00, '256 мл', '/uploads/menu/placeholder.svg', 1, 0, 0, '2026-04-22 14:25:46', '2026-04-22 14:25:46'),
(1063, 8, 161, 'Маргарита', 'Маргарита из категории \"Пицца\" ресторана Pizza City.', 530.00, '673 г', '/uploads/menu/pizza-4cheese.svg', 1, 0, 0, '2026-04-22 14:25:46', '2026-04-22 14:25:46'),
(1064, 8, 161, 'Пепперони', 'Пепперони из категории \"Пицца\" ресторана Pizza City.', 590.00, '441 г', '/uploads/menu/pizza-margherita.svg', 1, 0, 0, '2026-04-22 14:25:46', '2026-04-22 14:25:46'),
(1065, 8, 161, 'Гавайская', 'Гавайская из категории \"Пицца\" ресторана Pizza City.', 860.00, '525 г', '/uploads/menu/pizza-4cheese.svg', 1, 0, 0, '2026-04-22 14:25:46', '2026-04-22 14:25:46'),
(1066, 8, 161, 'Четыре сыра', 'Четыре сыра из категории \"Пицца\" ресторана Pizza City.', 910.00, '543 г', '/uploads/menu/pizza-margherita.svg', 1, 0, 0, '2026-04-22 14:25:46', '2026-04-22 14:25:46'),
(1067, 8, 161, 'BBQ', 'BBQ из категории \"Пицца\" ресторана Pizza City.', 1090.00, '616 г', '/uploads/menu/pizza-4cheese.svg', 1, 0, 0, '2026-04-22 14:25:46', '2026-04-22 14:25:46'),
(1068, 8, 161, 'Мясная', 'Мясная из категории \"Пицца\" ресторана Pizza City.', 800.00, '447 г', '/uploads/menu/pizza-4cheese.svg', 1, 0, 0, '2026-04-22 14:25:46', '2026-04-22 14:25:46'),
(1069, 8, 162, 'Картофель фри', 'Картофель фри из категории \"Закуски\" ресторана Pizza City.', 270.00, '163 г', '/uploads/menu/fries.svg', 1, 0, 0, '2026-04-22 14:25:46', '2026-04-22 14:25:46'),
(1070, 8, 162, 'Крылья', 'Крылья из категории \"Закуски\" ресторана Pizza City.', 440.00, '190 г', '/uploads/menu/fries.svg', 1, 0, 0, '2026-04-22 14:25:46', '2026-04-22 14:25:46'),
(1071, 8, 162, 'Сырные палочки', 'Сырные палочки из категории \"Закуски\" ресторана Pizza City.', 350.00, '337 г', '/uploads/menu/bruschetta.svg', 1, 1, 1, '2026-04-22 14:25:46', '2026-04-22 14:25:46'),
(1072, 8, 162, 'Чесночный хлеб', 'Чесночный хлеб из категории \"Закуски\" ресторана Pizza City.', 510.00, '315 г', '/uploads/menu/fries.svg', 1, 0, 0, '2026-04-22 14:25:46', '2026-04-22 14:25:46'),
(1073, 8, 162, 'Луковые кольца', 'Луковые кольца из категории \"Закуски\" ресторана Pizza City.', 250.00, '243 г', '/uploads/menu/bruschetta.svg', 1, 0, 0, '2026-04-22 14:25:46', '2026-04-22 14:25:46'),
(1074, 8, 162, 'Наггетсы', 'Наггетсы из категории \"Закуски\" ресторана Pizza City.', 400.00, '215 г', '/uploads/menu/fries.svg', 1, 0, 0, '2026-04-22 14:25:46', '2026-04-22 14:25:46'),
(1075, 8, 163, 'Греческий', 'Греческий из категории \"Салаты\" ресторана Pizza City.', 200.00, '251 г', '/uploads/menu/salmon-bowl.svg', 1, 0, 0, '2026-04-22 14:25:46', '2026-04-22 14:25:46'),
(1076, 8, 163, 'Овощной', 'Овощной из категории \"Салаты\" ресторана Pizza City.', 280.00, '300 г', '/uploads/menu/salmon-bowl.svg', 1, 0, 0, '2026-04-22 14:25:46', '2026-04-22 14:25:46'),
(1077, 8, 163, 'С курицей', 'С курицей из категории \"Салаты\" ресторана Pizza City.', 390.00, '241 г', '/uploads/menu/salmon-bowl.svg', 1, 0, 0, '2026-04-22 14:25:46', '2026-04-22 14:25:46'),
(1078, 8, 163, 'С тунцом', 'С тунцом из категории \"Салаты\" ресторана Pizza City.', 460.00, '310 г', '/uploads/menu/salmon-bowl.svg', 1, 0, 0, '2026-04-22 14:25:46', '2026-04-22 14:25:46');
INSERT INTO `menu_items` (`id`, `restaurant_id`, `category_id`, `name`, `description`, `price`, `weight`, `image`, `is_available`, `is_popular`, `is_new`, `created_at`, `updated_at`) VALUES
(1079, 8, 163, 'Зеленый', 'Зеленый из категории \"Салаты\" ресторана Pizza City.', 670.00, '192 г', '/uploads/menu/salmon-bowl.svg', 1, 0, 0, '2026-04-22 14:25:46', '2026-04-22 14:25:46'),
(1080, 8, 163, 'С сыром', 'С сыром из категории \"Салаты\" ресторана Pizza City.', 330.00, '179 г', '/uploads/menu/salmon-bowl.svg', 1, 0, 0, '2026-04-22 14:25:46', '2026-04-22 14:25:46'),
(1081, 8, 164, 'Бургер', 'Бургер из категории \"Горячее\" ресторана Pizza City.', 530.00, '451 г', '/uploads/menu/salmon-bowl.svg', 1, 0, 0, '2026-04-22 14:25:46', '2026-04-22 14:25:46'),
(1082, 8, 164, 'Донер', 'Донер из категории \"Горячее\" ресторана Pizza City.', 770.00, '516 г', '/uploads/menu/chicken-bowl.svg', 1, 0, 0, '2026-04-22 14:25:47', '2026-04-22 14:25:47'),
(1083, 8, 164, 'Кебаб', 'Кебаб из категории \"Горячее\" ресторана Pizza City.', 830.00, '421 г', '/uploads/menu/salmon-bowl.svg', 1, 1, 0, '2026-04-22 14:25:47', '2026-04-22 14:25:47'),
(1084, 8, 164, 'Паста', 'Паста из категории \"Горячее\" ресторана Pizza City.', 820.00, '264 г', '/uploads/menu/salmon-bowl.svg', 1, 0, 0, '2026-04-22 14:25:47', '2026-04-22 14:25:47'),
(1085, 8, 164, 'Мясные блюда', 'Мясные блюда из категории \"Горячее\" ресторана Pizza City.', 840.00, '345 г', '/uploads/menu/chicken-bowl.svg', 1, 0, 0, '2026-04-22 14:25:47', '2026-04-22 14:25:47'),
(1086, 8, 164, 'Курица', 'Курица из категории \"Горячее\" ресторана Pizza City.', 490.00, '328 г', '/uploads/menu/salmon-bowl.svg', 1, 0, 0, '2026-04-22 14:25:47', '2026-04-22 14:25:47'),
(1087, 8, 165, 'Чизкейк', 'Чизкейк из категории \"Десерты\" ресторана Pizza City.', 330.00, '183 г', '/uploads/menu/chia-mango.svg', 1, 0, 0, '2026-04-22 14:25:47', '2026-04-22 14:25:47'),
(1088, 8, 165, 'Донат', 'Донат из категории \"Десерты\" ресторана Pizza City.', 460.00, '126 г', '/uploads/menu/chia-mango.svg', 1, 0, 0, '2026-04-22 14:25:47', '2026-04-22 14:25:47'),
(1089, 8, 165, 'Торт', 'Торт из категории \"Десерты\" ресторана Pizza City.', 530.00, '168 г', '/uploads/menu/chia-mango.svg', 1, 0, 0, '2026-04-22 14:25:47', '2026-04-22 14:25:47'),
(1090, 8, 165, 'Мороженое', 'Мороженое из категории \"Десерты\" ресторана Pizza City.', 480.00, '179 г', '/uploads/menu/chia-mango.svg', 1, 0, 0, '2026-04-22 14:25:47', '2026-04-22 14:25:47'),
(1091, 8, 165, 'Пирожные', 'Пирожные из категории \"Десерты\" ресторана Pizza City.', 500.00, '145 г', '/uploads/menu/chia-mango.svg', 1, 0, 1, '2026-04-22 14:25:47', '2026-04-22 14:25:47'),
(1092, 8, 165, 'Шоколадный десерт', 'Шоколадный десерт из категории \"Десерты\" ресторана Pizza City.', 420.00, '100 г', '/uploads/menu/chia-mango.svg', 1, 1, 0, '2026-04-22 14:25:47', '2026-04-22 14:25:47'),
(1093, 8, 166, 'Coca-Cola', 'Coca-Cola из категории \"Напитки\" ресторана Pizza City.', 170.00, '499 мл', '/uploads/menu/placeholder.svg', 1, 0, 0, '2026-04-22 14:25:47', '2026-04-22 14:25:47'),
(1094, 8, 166, 'Pepsi', 'Pepsi из категории \"Напитки\" ресторана Pizza City.', 220.00, '273 мл', '/uploads/menu/placeholder.svg', 1, 1, 0, '2026-04-22 14:25:47', '2026-04-22 14:25:47'),
(1095, 8, 166, '7UP', '7UP из категории \"Напитки\" ресторана Pizza City.', 310.00, '303 мл', '/uploads/menu/placeholder.svg', 1, 0, 0, '2026-04-22 14:25:47', '2026-04-22 14:25:47'),
(1096, 8, 166, 'Соки', 'Соки из категории \"Напитки\" ресторана Pizza City.', 140.00, '272 мл', '/uploads/menu/placeholder.svg', 1, 0, 0, '2026-04-22 14:25:47', '2026-04-22 14:25:47'),
(1097, 8, 166, 'Вода', 'Вода из категории \"Напитки\" ресторана Pizza City.', 230.00, '319 мл', '/uploads/menu/placeholder.svg', 1, 0, 0, '2026-04-22 14:25:47', '2026-04-22 14:25:47'),
(1098, 8, 166, 'Энергетики', 'Энергетики из категории \"Напитки\" ресторана Pizza City.', 250.00, '279 мл', '/uploads/menu/placeholder.svg', 1, 0, 0, '2026-04-22 14:25:47', '2026-04-22 14:25:47'),
(1099, 9, 167, 'Пепперони', 'Пепперони из категории \"Пицца\" ресторана Domino Pizza.', 920.00, '424 г', '/uploads/menu/pizza-margherita.svg', 1, 0, 0, '2026-04-22 14:25:47', '2026-04-22 14:25:47'),
(1100, 9, 167, 'Маргарита', 'Маргарита из категории \"Пицца\" ресторана Domino Pizza.', 950.00, '475 г', '/uploads/menu/pizza-4cheese.svg', 1, 0, 0, '2026-04-22 14:25:47', '2026-04-22 14:25:47'),
(1101, 9, 167, 'BBQ Chicken', 'BBQ Chicken из категории \"Пицца\" ресторана Domino Pizza.', 960.00, '451 г', '/uploads/menu/pizza-4cheese.svg', 1, 0, 0, '2026-04-22 14:25:47', '2026-04-22 14:25:47'),
(1102, 9, 167, 'Четыре сыра', 'Четыре сыра из категории \"Пицца\" ресторана Domino Pizza.', 600.00, '456 г', '/uploads/menu/pizza-4cheese.svg', 1, 0, 0, '2026-04-22 14:25:47', '2026-04-22 14:25:47'),
(1103, 9, 167, 'Ветчина грибы', 'Ветчина грибы из категории \"Пицца\" ресторана Domino Pizza.', 810.00, '567 г', '/uploads/menu/pizza-4cheese.svg', 1, 0, 0, '2026-04-22 14:25:47', '2026-04-22 14:25:47'),
(1104, 9, 167, 'Мясная', 'Мясная из категории \"Пицца\" ресторана Domino Pizza.', 550.00, '485 г', '/uploads/menu/pizza-margherita.svg', 1, 0, 0, '2026-04-22 14:25:47', '2026-04-22 14:25:47'),
(1105, 9, 168, 'Крылья', 'Крылья из категории \"Закуски\" ресторана Domino Pizza.', 290.00, '332 г', '/uploads/menu/bruschetta.svg', 1, 0, 0, '2026-04-22 14:25:47', '2026-04-22 14:25:47'),
(1106, 9, 168, 'Стрипсы', 'Стрипсы из категории \"Закуски\" ресторана Domino Pizza.', 180.00, '209 г', '/uploads/menu/fries.svg', 1, 0, 0, '2026-04-22 14:25:47', '2026-04-22 14:25:47'),
(1107, 9, 168, 'Картофель дольки', 'Картофель дольки из категории \"Закуски\" ресторана Domino Pizza.', 210.00, '316 г', '/uploads/menu/bruschetta.svg', 1, 1, 0, '2026-04-22 14:25:47', '2026-04-22 14:25:47'),
(1108, 9, 168, 'Чесночный хлеб', 'Чесночный хлеб из категории \"Закуски\" ресторана Domino Pizza.', 330.00, '210 г', '/uploads/menu/bruschetta.svg', 1, 1, 0, '2026-04-22 14:25:47', '2026-04-22 14:25:47'),
(1109, 9, 168, 'Сырные палочки', 'Сырные палочки из категории \"Закуски\" ресторана Domino Pizza.', 210.00, '244 г', '/uploads/menu/fries.svg', 1, 0, 0, '2026-04-22 14:25:47', '2026-04-22 14:25:47'),
(1110, 9, 168, 'Куриные кусочки', 'Куриные кусочки из категории \"Закуски\" ресторана Domino Pizza.', 340.00, '327 г', '/uploads/menu/bruschetta.svg', 1, 0, 0, '2026-04-22 14:25:47', '2026-04-22 14:25:47'),
(1111, 9, 169, 'Карбонара', 'Карбонара из категории \"Паста\" ресторана Domino Pizza.', 550.00, '274 г', '/uploads/menu/chicken-bowl.svg', 1, 0, 0, '2026-04-22 14:25:47', '2026-04-22 14:25:47'),
(1112, 9, 169, 'Болоньезе', 'Болоньезе из категории \"Паста\" ресторана Domino Pizza.', 650.00, '248 г', '/uploads/menu/salmon-bowl.svg', 1, 0, 0, '2026-04-22 14:25:47', '2026-04-22 14:25:47'),
(1113, 9, 169, 'С курицей', 'С курицей из категории \"Паста\" ресторана Domino Pizza.', 640.00, '349 г', '/uploads/menu/salmon-bowl.svg', 1, 0, 0, '2026-04-22 14:25:47', '2026-04-22 14:25:47'),
(1114, 9, 169, 'С сыром', 'С сыром из категории \"Паста\" ресторана Domino Pizza.', 900.00, '499 г', '/uploads/menu/salmon-bowl.svg', 1, 0, 0, '2026-04-22 14:25:47', '2026-04-22 14:25:47'),
(1115, 9, 169, 'Сэндвичи', 'Сэндвичи из категории \"Паста\" ресторана Domino Pizza.', 800.00, '347 г', '/uploads/menu/chicken-bowl.svg', 1, 1, 0, '2026-04-22 14:25:47', '2026-04-22 14:25:47'),
(1116, 9, 169, 'Горячие блюда', 'Горячие блюда из категории \"Паста\" ресторана Domino Pizza.', 590.00, '298 г', '/uploads/menu/salmon-bowl.svg', 1, 0, 0, '2026-04-22 14:25:47', '2026-04-22 14:25:47'),
(1117, 9, 170, 'Брауни', 'Брауни из категории \"Десерты\" ресторана Domino Pizza.', 500.00, '196 г', '/uploads/menu/chia-mango.svg', 1, 0, 0, '2026-04-22 14:25:47', '2026-04-22 14:25:47'),
(1118, 9, 170, 'Чизкейк', 'Чизкейк из категории \"Десерты\" ресторана Domino Pizza.', 500.00, '133 г', '/uploads/menu/chia-mango.svg', 1, 0, 1, '2026-04-22 14:25:47', '2026-04-22 14:25:47'),
(1119, 9, 170, 'Печенье', 'Печенье из категории \"Десерты\" ресторана Domino Pizza.', 470.00, '133 г', '/uploads/menu/chia-mango.svg', 1, 0, 0, '2026-04-22 14:25:47', '2026-04-22 14:25:47'),
(1120, 9, 170, 'Лава кейк', 'Лава кейк из категории \"Десерты\" ресторана Domino Pizza.', 490.00, '91 г', '/uploads/menu/chia-mango.svg', 1, 0, 0, '2026-04-22 14:25:47', '2026-04-22 14:25:47'),
(1121, 9, 170, 'Булочки', 'Булочки из категории \"Десерты\" ресторана Domino Pizza.', 520.00, '181 г', '/uploads/menu/chia-mango.svg', 1, 0, 0, '2026-04-22 14:25:47', '2026-04-22 14:25:47'),
(1122, 9, 170, 'Шоколадный десерт', 'Шоколадный десерт из категории \"Десерты\" ресторана Domino Pizza.', 230.00, '196 г', '/uploads/menu/chia-mango.svg', 1, 0, 0, '2026-04-22 14:25:47', '2026-04-22 14:25:47'),
(1123, 9, 171, 'Coca-Cola', 'Coca-Cola из категории \"Напитки\" ресторана Domino Pizza.', 130.00, '257 мл', '/uploads/menu/placeholder.svg', 1, 1, 0, '2026-04-22 14:25:47', '2026-04-22 14:25:47'),
(1124, 9, 171, 'Fanta', 'Fanta из категории \"Напитки\" ресторана Domino Pizza.', 240.00, '399 мл', '/uploads/menu/placeholder.svg', 1, 0, 0, '2026-04-22 14:25:47', '2026-04-22 14:25:47'),
(1125, 9, 171, 'Sprite', 'Sprite из категории \"Напитки\" ресторана Domino Pizza.', 310.00, '353 мл', '/uploads/menu/placeholder.svg', 1, 0, 0, '2026-04-22 14:25:47', '2026-04-22 14:25:47'),
(1126, 9, 171, 'Соки', 'Соки из категории \"Напитки\" ресторана Domino Pizza.', 200.00, '435 мл', '/uploads/menu/placeholder.svg', 1, 0, 0, '2026-04-22 14:25:47', '2026-04-22 14:25:47'),
(1127, 9, 171, 'Вода', 'Вода из категории \"Напитки\" ресторана Domino Pizza.', 320.00, '392 мл', '/uploads/menu/placeholder.svg', 1, 0, 0, '2026-04-22 14:25:47', '2026-04-22 14:25:47'),
(1128, 9, 171, 'Чай', 'Чай из категории \"Напитки\" ресторана Domino Pizza.', 170.00, '496 мл', '/uploads/menu/placeholder.svg', 1, 1, 0, '2026-04-22 14:25:47', '2026-04-22 14:25:47'),
(1129, 9, 172, 'Барбекю', 'Барбекю из категории \"Соусы\" ресторана Domino Pizza.', 60.00, '41 г', '/uploads/menu/placeholder.svg', 1, 0, 0, '2026-04-22 14:25:47', '2026-04-22 14:25:47'),
(1130, 9, 172, 'Сырный', 'Сырный из категории \"Соусы\" ресторана Domino Pizza.', 120.00, '68 г', '/uploads/menu/placeholder.svg', 1, 0, 0, '2026-04-22 14:25:47', '2026-04-22 14:25:47'),
(1131, 9, 172, 'Чесночный', 'Чесночный из категории \"Соусы\" ресторана Domino Pizza.', 90.00, '63 г', '/uploads/menu/placeholder.svg', 1, 1, 0, '2026-04-22 14:25:47', '2026-04-22 14:25:47'),
(1132, 9, 172, 'Острый', 'Острый из категории \"Соусы\" ресторана Domino Pizza.', 60.00, '61 г', '/uploads/menu/placeholder.svg', 1, 1, 0, '2026-04-22 14:25:47', '2026-04-22 14:25:47'),
(1133, 9, 172, 'Томатный', 'Томатный из категории \"Соусы\" ресторана Domino Pizza.', 60.00, '46 г', '/uploads/menu/placeholder.svg', 1, 1, 0, '2026-04-22 14:25:47', '2026-04-22 14:25:47'),
(1134, 9, 172, 'Кисло-сладкий', 'Кисло-сладкий из категории \"Соусы\" ресторана Domino Pizza.', 80.00, '45 г', '/uploads/menu/placeholder.svg', 1, 0, 0, '2026-04-22 14:25:47', '2026-04-22 14:25:47'),
(1135, 10, 173, 'Ван Лав', 'Ван Лав из категории \"Трайфлы\" ресторана One Love.', 320.00, '203 г', '/uploads/menu/placeholder.svg', 1, 0, 0, '2026-04-22 14:25:47', '2026-04-22 14:25:47'),
(1136, 10, 173, 'Сникерлав', 'Сникерлав из категории \"Трайфлы\" ресторана One Love.', 370.00, '285 г', '/uploads/menu/placeholder.svg', 1, 0, 0, '2026-04-22 14:25:47', '2026-04-22 14:25:47'),
(1137, 10, 173, 'Клубника банан', 'Клубника банан из категории \"Трайфлы\" ресторана One Love.', 580.00, '332 г', '/uploads/menu/placeholder.svg', 1, 0, 0, '2026-04-22 14:25:47', '2026-04-22 14:25:47'),
(1138, 10, 173, 'Шоколад', 'Шоколад из категории \"Трайфлы\" ресторана One Love.', 230.00, '283 г', '/uploads/menu/placeholder.svg', 1, 0, 0, '2026-04-22 14:25:47', '2026-04-22 14:25:47'),
(1139, 10, 173, 'Карамель', 'Карамель из категории \"Трайфлы\" ресторана One Love.', 280.00, '196 г', '/uploads/menu/placeholder.svg', 1, 1, 0, '2026-04-22 14:25:47', '2026-04-22 14:25:47'),
(1140, 10, 173, 'Ягоды', 'Ягоды из категории \"Трайфлы\" ресторана One Love.', 630.00, '187 г', '/uploads/menu/placeholder.svg', 1, 0, 0, '2026-04-22 14:25:47', '2026-04-22 14:25:47'),
(1141, 10, 174, 'Клубника', 'Клубника из категории \"Шоколад\" ресторана One Love.', 460.00, '159 г', '/uploads/menu/placeholder.svg', 1, 1, 0, '2026-04-22 14:25:47', '2026-04-22 14:25:47'),
(1142, 10, 174, 'Банан', 'Банан из категории \"Шоколад\" ресторана One Love.', 540.00, '183 г', '/uploads/menu/placeholder.svg', 1, 0, 0, '2026-04-22 14:25:47', '2026-04-22 14:25:47'),
(1143, 10, 174, 'Ягоды', 'Ягоды из категории \"Шоколад\" ресторана One Love.', 200.00, '117 г', '/uploads/menu/placeholder.svg', 1, 0, 0, '2026-04-22 14:25:47', '2026-04-22 14:25:47'),
(1144, 10, 174, 'Ассорти', 'Ассорти из категории \"Шоколад\" ресторана One Love.', 370.00, '191 г', '/uploads/menu/placeholder.svg', 1, 0, 0, '2026-04-22 14:25:47', '2026-04-22 14:25:47'),
(1145, 10, 174, 'Белый шоколад', 'Белый шоколад из категории \"Шоколад\" ресторана One Love.', 310.00, '188 г', '/uploads/menu/placeholder.svg', 1, 0, 0, '2026-04-22 14:25:47', '2026-04-22 14:25:47'),
(1146, 10, 174, 'Фрукты', 'Фрукты из категории \"Шоколад\" ресторана One Love.', 270.00, '169 г', '/uploads/menu/placeholder.svg', 1, 0, 1, '2026-04-22 14:25:47', '2026-04-22 14:25:47'),
(1147, 10, 175, 'Ваниль', 'Ваниль из категории \"Эклеры\" ресторана One Love.', 390.00, '199 г', '/uploads/menu/chia-mango.svg', 1, 0, 0, '2026-04-22 14:25:47', '2026-04-22 14:25:47'),
(1148, 10, 175, 'Шоколад', 'Шоколад из категории \"Эклеры\" ресторана One Love.', 490.00, '186 г', '/uploads/menu/chia-mango.svg', 1, 1, 0, '2026-04-22 14:25:47', '2026-04-22 14:25:47'),
(1149, 10, 175, 'Карамель', 'Карамель из категории \"Эклеры\" ресторана One Love.', 360.00, '90 г', '/uploads/menu/chia-mango.svg', 1, 0, 0, '2026-04-22 14:25:47', '2026-04-22 14:25:47'),
(1150, 10, 175, 'Клубника', 'Клубника из категории \"Эклеры\" ресторана One Love.', 330.00, '187 г', '/uploads/menu/chia-mango.svg', 1, 1, 0, '2026-04-22 14:25:47', '2026-04-22 14:25:47'),
(1151, 10, 175, 'Манго', 'Манго из категории \"Эклеры\" ресторана One Love.', 380.00, '119 г', '/uploads/menu/chia-mango.svg', 1, 0, 0, '2026-04-22 14:25:47', '2026-04-22 14:25:47'),
(1152, 10, 175, 'Классика', 'Классика из категории \"Эклеры\" ресторана One Love.', 310.00, '105 г', '/uploads/menu/chia-mango.svg', 1, 0, 0, '2026-04-22 14:25:47', '2026-04-22 14:25:47'),
(1153, 10, 176, 'Бенто', 'Бенто из категории \"Торты\" ресторана One Love.', 270.00, '140 г', '/uploads/menu/chia-mango.svg', 1, 0, 0, '2026-04-22 14:25:47', '2026-04-22 14:25:47'),
(1154, 10, 176, 'Шоколадный', 'Шоколадный из категории \"Торты\" ресторана One Love.', 380.00, '219 г', '/uploads/menu/chia-mango.svg', 1, 0, 0, '2026-04-22 14:25:47', '2026-04-22 14:25:47'),
(1155, 10, 176, 'Ягодный', 'Ягодный из категории \"Торты\" ресторана One Love.', 270.00, '133 г', '/uploads/menu/chia-mango.svg', 1, 0, 0, '2026-04-22 14:25:47', '2026-04-22 14:25:47'),
(1156, 10, 176, 'Мини', 'Мини из категории \"Торты\" ресторана One Love.', 350.00, '112 г', '/uploads/menu/chia-mango.svg', 1, 0, 0, '2026-04-22 14:25:47', '2026-04-22 14:25:47'),
(1157, 10, 176, 'Кремовый', 'Кремовый из категории \"Торты\" ресторана One Love.', 500.00, '169 г', '/uploads/menu/chia-mango.svg', 1, 0, 0, '2026-04-22 14:25:47', '2026-04-22 14:25:47'),
(1158, 10, 176, 'Авторский', 'Авторский из категории \"Торты\" ресторана One Love.', 530.00, '172 г', '/uploads/menu/chia-mango.svg', 1, 1, 0, '2026-04-22 14:25:47', '2026-04-22 14:25:47'),
(1159, 11, 177, 'Прага', 'Прага из категории \"Десерты\" ресторана 11/47 Bakery.', 520.00, '202 г', '/uploads/menu/chia-mango.svg', 1, 0, 0, '2026-04-22 14:25:47', '2026-04-22 14:25:47'),
(1160, 11, 177, 'Птичье молоко', 'Птичье молоко из категории \"Десерты\" ресторана 11/47 Bakery.', 330.00, '216 г', '/uploads/menu/chia-mango.svg', 1, 0, 0, '2026-04-22 14:25:47', '2026-04-22 14:25:47'),
(1161, 11, 177, 'Три шоколада', 'Три шоколада из категории \"Десерты\" ресторана 11/47 Bakery.', 340.00, '115 г', '/uploads/menu/chia-mango.svg', 1, 0, 0, '2026-04-22 14:25:47', '2026-04-22 14:25:47'),
(1162, 11, 177, 'Эклер', 'Эклер из категории \"Десерты\" ресторана 11/47 Bakery.', 210.00, '103 г', '/uploads/menu/chia-mango.svg', 1, 0, 1, '2026-04-22 14:25:47', '2026-04-22 14:25:47'),
(1163, 11, 177, 'Чизкейк', 'Чизкейк из категории \"Десерты\" ресторана 11/47 Bakery.', 540.00, '196 г', '/uploads/menu/chia-mango.svg', 1, 1, 0, '2026-04-22 14:25:47', '2026-04-22 14:25:47'),
(1164, 11, 177, 'Сочник', 'Сочник из категории \"Десерты\" ресторана 11/47 Bakery.', 480.00, '129 г', '/uploads/menu/chia-mango.svg', 1, 0, 0, '2026-04-22 14:25:47', '2026-04-22 14:25:47'),
(1165, 11, 178, 'Классический', 'Классический из категории \"Круассаны\" ресторана 11/47 Bakery.', 230.00, '213 г', '/uploads/menu/chia-mango.svg', 1, 0, 0, '2026-04-22 14:25:47', '2026-04-22 14:25:47'),
(1166, 11, 178, 'С шоколадом', 'С шоколадом из категории \"Круассаны\" ресторана 11/47 Bakery.', 430.00, '165 г', '/uploads/menu/chia-mango.svg', 1, 0, 0, '2026-04-22 14:25:47', '2026-04-22 14:25:47'),
(1167, 11, 178, 'С малиной', 'С малиной из категории \"Круассаны\" ресторана 11/47 Bakery.', 210.00, '105 г', '/uploads/menu/chia-mango.svg', 1, 0, 0, '2026-04-22 14:25:47', '2026-04-22 14:25:47'),
(1168, 11, 178, 'С карамелью', 'С карамелью из категории \"Круассаны\" ресторана 11/47 Bakery.', 200.00, '219 г', '/uploads/menu/chia-mango.svg', 1, 0, 0, '2026-04-22 14:25:47', '2026-04-22 14:25:47'),
(1169, 11, 178, 'С орехами', 'С орехами из категории \"Круассаны\" ресторана 11/47 Bakery.', 230.00, '143 г', '/uploads/menu/chia-mango.svg', 1, 0, 0, '2026-04-22 14:25:47', '2026-04-22 14:25:47'),
(1170, 11, 178, 'С кремом', 'С кремом из категории \"Круассаны\" ресторана 11/47 Bakery.', 300.00, '90 г', '/uploads/menu/chia-mango.svg', 1, 0, 1, '2026-04-22 14:25:47', '2026-04-22 14:25:47'),
(1171, 11, 179, 'Сырники', 'Сырники из категории \"Завтраки\" ресторана 11/47 Bakery.', 560.00, '281 г', '/uploads/menu/placeholder.svg', 1, 0, 0, '2026-04-22 14:25:47', '2026-04-22 14:25:47'),
(1172, 11, 179, 'Каша', 'Каша из категории \"Завтраки\" ресторана 11/47 Bakery.', 240.00, '159 г', '/uploads/menu/placeholder.svg', 1, 0, 0, '2026-04-22 14:25:47', '2026-04-22 14:25:47'),
(1173, 11, 179, 'Омлет', 'Омлет из категории \"Завтраки\" ресторана 11/47 Bakery.', 570.00, '285 г', '/uploads/menu/placeholder.svg', 1, 0, 0, '2026-04-22 14:25:47', '2026-04-22 14:25:47'),
(1174, 11, 179, 'Яичница', 'Яичница из категории \"Завтраки\" ресторана 11/47 Bakery.', 690.00, '180 г', '/uploads/menu/placeholder.svg', 1, 0, 0, '2026-04-22 14:25:47', '2026-04-22 14:25:47'),
(1175, 11, 179, 'Бриошь', 'Бриошь из категории \"Завтраки\" ресторана 11/47 Bakery.', 530.00, '352 г', '/uploads/menu/placeholder.svg', 1, 0, 0, '2026-04-22 14:25:47', '2026-04-22 14:25:47'),
(1176, 11, 179, 'Яйцо пашот', 'Яйцо пашот из категории \"Завтраки\" ресторана 11/47 Bakery.', 530.00, '220 г', '/uploads/menu/placeholder.svg', 1, 0, 0, '2026-04-22 14:25:47', '2026-04-22 14:25:47'),
(1177, 11, 180, 'С беконом', 'С беконом из категории \"Сэндвичи\" ресторана 11/47 Bakery.', 630.00, '317 г', '/uploads/menu/placeholder.svg', 1, 0, 0, '2026-04-22 14:25:47', '2026-04-22 14:25:47'),
(1178, 11, 180, 'С лососем', 'С лососем из категории \"Сэндвичи\" ресторана 11/47 Bakery.', 660.00, '151 г', '/uploads/menu/placeholder.svg', 1, 0, 0, '2026-04-22 14:25:47', '2026-04-22 14:25:47'),
(1179, 11, 180, 'С говядиной', 'С говядиной из категории \"Сэндвичи\" ресторана 11/47 Bakery.', 710.00, '161 г', '/uploads/menu/placeholder.svg', 1, 0, 1, '2026-04-22 14:25:47', '2026-04-22 14:25:47'),
(1180, 11, 180, 'Клаб-сэндвич', 'Клаб-сэндвич из категории \"Сэндвичи\" ресторана 11/47 Bakery.', 730.00, '380 г', '/uploads/menu/placeholder.svg', 1, 1, 0, '2026-04-22 14:25:47', '2026-04-22 14:25:47'),
(1181, 11, 180, 'С пастрами', 'С пастрами из категории \"Сэндвичи\" ресторана 11/47 Bakery.', 300.00, '377 г', '/uploads/menu/placeholder.svg', 1, 0, 0, '2026-04-22 14:25:47', '2026-04-22 14:25:47'),
(1182, 11, 180, 'С индейкой', 'С индейкой из категории \"Сэндвичи\" ресторана 11/47 Bakery.', 210.00, '195 г', '/uploads/menu/placeholder.svg', 1, 1, 0, '2026-04-22 14:25:47', '2026-04-22 14:25:47'),
(1183, 12, 181, 'Классический', 'Классический из категории \"Наполеон\" ресторана Special Napoleon.', 580.00, '236 г', '/uploads/menu/placeholder.svg', 1, 0, 0, '2026-04-22 14:25:47', '2026-04-22 14:25:47'),
(1184, 12, 181, 'С клубникой', 'С клубникой из категории \"Наполеон\" ресторана Special Napoleon.', 440.00, '228 г', '/uploads/menu/placeholder.svg', 1, 0, 0, '2026-04-22 14:25:47', '2026-04-22 14:25:47'),
(1185, 12, 181, 'С малиной', 'С малиной из категории \"Наполеон\" ресторана Special Napoleon.', 440.00, '293 г', '/uploads/menu/placeholder.svg', 1, 0, 1, '2026-04-22 14:25:47', '2026-04-22 14:25:47'),
(1186, 12, 181, 'С ягодами', 'С ягодами из категории \"Наполеон\" ресторана Special Napoleon.', 240.00, '159 г', '/uploads/menu/placeholder.svg', 1, 0, 0, '2026-04-22 14:25:47', '2026-04-22 14:25:47'),
(1187, 12, 181, 'Маленький', 'Маленький из категории \"Наполеон\" ресторана Special Napoleon.', 370.00, '222 г', '/uploads/menu/placeholder.svg', 1, 0, 0, '2026-04-22 14:25:47', '2026-04-22 14:25:47'),
(1188, 12, 181, 'Большой', 'Большой из категории \"Наполеон\" ресторана Special Napoleon.', 750.00, '267 г', '/uploads/menu/placeholder.svg', 1, 0, 0, '2026-04-22 14:25:47', '2026-04-22 14:25:47'),
(1189, 12, 182, 'Классический', 'Классический из категории \"Медовик\" ресторана Special Napoleon.', 510.00, '291 г', '/uploads/menu/placeholder.svg', 1, 0, 0, '2026-04-22 14:25:47', '2026-04-22 14:25:47'),
(1190, 12, 182, 'Со сгущенкой', 'Со сгущенкой из категории \"Медовик\" ресторана Special Napoleon.', 290.00, '376 г', '/uploads/menu/placeholder.svg', 1, 0, 0, '2026-04-22 14:25:47', '2026-04-22 14:25:47'),
(1191, 12, 182, 'С ягодами', 'С ягодами из категории \"Медовик\" ресторана Special Napoleon.', 620.00, '303 г', '/uploads/menu/placeholder.svg', 1, 0, 0, '2026-04-22 14:25:47', '2026-04-22 14:25:47'),
(1192, 12, 182, 'С клубникой', 'С клубникой из категории \"Медовик\" ресторана Special Napoleon.', 490.00, '345 г', '/uploads/menu/placeholder.svg', 1, 1, 0, '2026-04-22 14:25:47', '2026-04-22 14:25:47'),
(1193, 12, 182, 'Сметанный', 'Сметанный из категории \"Медовик\" ресторана Special Napoleon.', 640.00, '358 г', '/uploads/menu/placeholder.svg', 1, 0, 0, '2026-04-22 14:25:47', '2026-04-22 14:25:47'),
(1194, 12, 182, 'Порционный', 'Порционный из категории \"Медовик\" ресторана Special Napoleon.', 550.00, '336 г', '/uploads/menu/placeholder.svg', 1, 0, 0, '2026-04-22 14:25:47', '2026-04-22 14:25:47'),
(1195, 12, 183, 'Прага', 'Прага из категории \"Торты\" ресторана Special Napoleon.', 360.00, '135 г', '/uploads/menu/chia-mango.svg', 1, 1, 0, '2026-04-22 14:25:47', '2026-04-22 14:25:47'),
(1196, 12, 183, 'Эстерхази', 'Эстерхази из категории \"Торты\" ресторана Special Napoleon.', 490.00, '97 г', '/uploads/menu/chia-mango.svg', 1, 1, 0, '2026-04-22 14:25:47', '2026-04-22 14:25:47'),
(1197, 12, 183, 'Опера', 'Опера из категории \"Торты\" ресторана Special Napoleon.', 310.00, '116 г', '/uploads/menu/chia-mango.svg', 1, 1, 0, '2026-04-22 14:25:47', '2026-04-22 14:25:47'),
(1198, 12, 183, 'Трио', 'Трио из категории \"Торты\" ресторана Special Napoleon.', 550.00, '103 г', '/uploads/menu/chia-mango.svg', 1, 1, 0, '2026-04-22 14:25:47', '2026-04-22 14:25:47'),
(1199, 12, 183, 'Четыре вкуса', 'Четыре вкуса из категории \"Торты\" ресторана Special Napoleon.', 350.00, '215 г', '/uploads/menu/chia-mango.svg', 1, 0, 0, '2026-04-22 14:25:47', '2026-04-22 14:25:47'),
(1200, 12, 183, 'Комбинированный', 'Комбинированный из категории \"Торты\" ресторана Special Napoleon.', 420.00, '194 г', '/uploads/menu/chia-mango.svg', 1, 0, 0, '2026-04-22 14:25:47', '2026-04-22 14:25:47'),
(1201, 12, 184, 'Картошка', 'Картошка из категории \"Десерты\" ресторана Special Napoleon.', 540.00, '206 г', '/uploads/menu/chia-mango.svg', 1, 0, 0, '2026-04-22 14:25:47', '2026-04-22 14:25:47'),
(1202, 12, 184, 'Меренговый рулет', 'Меренговый рулет из категории \"Десерты\" ресторана Special Napoleon.', 430.00, '212 г', '/uploads/menu/chia-mango.svg', 1, 0, 0, '2026-04-22 14:25:47', '2026-04-22 14:25:47'),
(1203, 12, 184, 'Трубочка', 'Трубочка из категории \"Десерты\" ресторана Special Napoleon.', 490.00, '152 г', '/uploads/menu/chia-mango.svg', 1, 0, 0, '2026-04-22 14:25:47', '2026-04-22 14:25:47'),
(1204, 12, 184, 'Эклер', 'Эклер из категории \"Десерты\" ресторана Special Napoleon.', 540.00, '199 г', '/uploads/menu/chia-mango.svg', 1, 0, 0, '2026-04-22 14:25:47', '2026-04-22 14:25:47'),
(1205, 12, 184, 'Пирожное', 'Пирожное из категории \"Десерты\" ресторана Special Napoleon.', 410.00, '161 г', '/uploads/menu/chia-mango.svg', 1, 0, 0, '2026-04-22 14:25:47', '2026-04-22 14:25:47'),
(1206, 12, 184, 'Ассорти', 'Ассорти из категории \"Десерты\" ресторана Special Napoleon.', 450.00, '213 г', '/uploads/menu/chia-mango.svg', 1, 0, 1, '2026-04-22 14:25:47', '2026-04-22 14:25:47'),
(1207, 16, 185, 'Гравлакс', 'Гравлакс из категории \"Закуски\" ресторана Культура Встречи.', 310.00, '115 г', '/uploads/menu/bruschetta.svg', 1, 1, 0, '2026-04-22 14:25:47', '2026-04-22 14:25:47'),
(1208, 16, 185, 'Тартар', 'Тартар из категории \"Закуски\" ресторана Культура Встречи.', 240.00, '118 г', '/uploads/menu/fries.svg', 1, 0, 0, '2026-04-22 14:25:47', '2026-04-22 14:25:47'),
(1209, 16, 185, 'Овощной салат', 'Овощной салат из категории \"Закуски\" ресторана Культура Встречи.', 240.00, '102 г', '/uploads/menu/bruschetta.svg', 1, 0, 0, '2026-04-22 14:25:47', '2026-04-22 14:25:47'),
(1210, 16, 185, 'Салат с сыром', 'Салат с сыром из категории \"Закуски\" ресторана Культура Встречи.', 320.00, '310 г', '/uploads/menu/bruschetta.svg', 1, 1, 0, '2026-04-22 14:25:47', '2026-04-22 14:25:47'),
(1211, 16, 185, 'Салат с зеленью', 'Салат с зеленью из категории \"Закуски\" ресторана Культура Встречи.', 450.00, '165 г', '/uploads/menu/fries.svg', 1, 0, 0, '2026-04-22 14:25:47', '2026-04-22 14:25:47'),
(1212, 16, 185, 'Рыбные закуски', 'Рыбные закуски из категории \"Закуски\" ресторана Культура Встречи.', 380.00, '243 г', '/uploads/menu/bruschetta.svg', 1, 0, 1, '2026-04-22 14:25:47', '2026-04-22 14:25:47'),
(1213, 16, 186, 'Борщ', 'Борщ из категории \"Супы\" ресторана Культура Встречи.', 440.00, '291 г', '/uploads/menu/salmon-bowl.svg', 1, 0, 0, '2026-04-22 14:25:47', '2026-04-22 14:25:47'),
(1214, 16, 186, 'Рыбный суп', 'Рыбный суп из категории \"Супы\" ресторана Культура Встречи.', 480.00, '325 г', '/uploads/menu/salmon-bowl.svg', 1, 0, 0, '2026-04-22 14:25:47', '2026-04-22 14:25:47'),
(1215, 16, 186, 'Куриный бульон', 'Куриный бульон из категории \"Супы\" ресторана Культура Встречи.', 450.00, '314 г', '/uploads/menu/salmon-bowl.svg', 1, 0, 0, '2026-04-22 14:25:47', '2026-04-22 14:25:47'),
(1216, 16, 186, 'Грибной суп', 'Грибной суп из категории \"Супы\" ресторана Культура Встречи.', 450.00, '394 г', '/uploads/menu/salmon-bowl.svg', 1, 0, 0, '2026-04-22 14:25:47', '2026-04-22 14:25:47'),
(1217, 16, 186, 'Овощной суп', 'Овощной суп из категории \"Супы\" ресторана Культура Встречи.', 260.00, '282 г', '/uploads/menu/salmon-bowl.svg', 1, 0, 0, '2026-04-22 14:25:47', '2026-04-22 14:25:47'),
(1218, 16, 186, 'Суп дня', 'Суп дня из категории \"Супы\" ресторана Культура Встречи.', 440.00, '281 г', '/uploads/menu/salmon-bowl.svg', 1, 0, 0, '2026-04-22 14:25:47', '2026-04-22 14:25:47'),
(1219, 16, 187, 'Голубцы', 'Голубцы из категории \"Горячее\" ресторана Культура Встречи.', 870.00, '270 г', '/uploads/menu/chicken-bowl.svg', 1, 0, 0, '2026-04-22 14:25:47', '2026-04-22 14:25:47'),
(1220, 16, 187, 'Вареники', 'Вареники из категории \"Горячее\" ресторана Культура Встречи.', 700.00, '338 г', '/uploads/menu/salmon-bowl.svg', 1, 0, 0, '2026-04-22 14:25:47', '2026-04-22 14:25:47'),
(1221, 16, 187, 'Пельмени', 'Пельмени из категории \"Горячее\" ресторана Культура Встречи.', 770.00, '395 г', '/uploads/menu/chicken-bowl.svg', 1, 1, 0, '2026-04-22 14:25:47', '2026-04-22 14:25:47'),
(1222, 16, 187, 'Блюда из мяса', 'Блюда из мяса из категории \"Горячее\" ресторана Культура Встречи.', 450.00, '227 г', '/uploads/menu/salmon-bowl.svg', 1, 0, 0, '2026-04-22 14:25:47', '2026-04-22 14:25:47'),
(1223, 16, 187, 'Блюда из рыбы', 'Блюда из рыбы из категории \"Горячее\" ресторана Культура Встречи.', 810.00, '488 г', '/uploads/menu/salmon-bowl.svg', 1, 1, 0, '2026-04-22 14:25:47', '2026-04-22 14:25:47'),
(1224, 16, 187, 'Тушеные блюда', 'Тушеные блюда из категории \"Горячее\" ресторана Культура Встречи.', 900.00, '353 г', '/uploads/menu/chicken-bowl.svg', 1, 0, 1, '2026-04-22 14:25:47', '2026-04-22 14:25:47'),
(1225, 16, 188, 'Медовик', 'Медовик из категории \"Десерты\" ресторана Культура Встречи.', 350.00, '210 г', '/uploads/menu/chia-mango.svg', 1, 0, 0, '2026-04-22 14:25:47', '2026-04-22 14:25:47'),
(1226, 16, 188, 'Творожный десерт', 'Творожный десерт из категории \"Десерты\" ресторана Культура Встречи.', 440.00, '174 г', '/uploads/menu/chia-mango.svg', 1, 0, 0, '2026-04-22 14:25:47', '2026-04-22 14:25:47'),
(1227, 16, 188, 'Конфеты', 'Конфеты из категории \"Десерты\" ресторана Культура Встречи.', 350.00, '111 г', '/uploads/menu/chia-mango.svg', 1, 0, 0, '2026-04-22 14:25:47', '2026-04-22 14:25:47'),
(1228, 16, 188, 'Пирожные', 'Пирожные из категории \"Десерты\" ресторана Культура Встречи.', 440.00, '187 г', '/uploads/menu/chia-mango.svg', 1, 0, 0, '2026-04-22 14:25:47', '2026-04-22 14:25:47'),
(1229, 16, 188, 'Авторские десерты', 'Авторские десерты из категории \"Десерты\" ресторана Культура Встречи.', 280.00, '175 г', '/uploads/menu/chia-mango.svg', 1, 0, 0, '2026-04-22 14:25:47', '2026-04-22 14:25:47'),
(1230, 16, 188, 'Русские сладости', 'Русские сладости из категории \"Десерты\" ресторана Культура Встречи.', 500.00, '97 г', '/uploads/menu/chia-mango.svg', 1, 0, 0, '2026-04-22 14:25:47', '2026-04-22 14:25:47'),
(1231, 17, 189, 'Яйца Бенедикт', 'Яйца Бенедикт из категории \"Завтраки\" ресторана Кофемания.', 300.00, '215 г', '/uploads/menu/placeholder.svg', 1, 1, 0, '2026-04-22 14:25:47', '2026-04-22 14:25:47'),
(1232, 17, 189, 'Омлет', 'Омлет из категории \"Завтраки\" ресторана Кофемания.', 640.00, '293 г', '/uploads/menu/placeholder.svg', 1, 0, 1, '2026-04-22 14:25:47', '2026-04-22 14:25:47'),
(1233, 17, 189, 'Яичница', 'Яичница из категории \"Завтраки\" ресторана Кофемания.', 330.00, '178 г', '/uploads/menu/placeholder.svg', 1, 0, 0, '2026-04-22 14:25:47', '2026-04-22 14:25:47'),
(1234, 17, 189, 'Сырники', 'Сырники из категории \"Завтраки\" ресторана Кофемания.', 350.00, '172 г', '/uploads/menu/placeholder.svg', 1, 0, 1, '2026-04-22 14:25:47', '2026-04-22 14:25:47'),
(1235, 17, 189, 'Каша', 'Каша из категории \"Завтраки\" ресторана Кофемания.', 390.00, '275 г', '/uploads/menu/placeholder.svg', 1, 0, 0, '2026-04-22 14:25:47', '2026-04-22 14:25:47'),
(1236, 17, 189, 'Блины', 'Блины из категории \"Завтраки\" ресторана Кофемания.', 660.00, '314 г', '/uploads/menu/placeholder.svg', 1, 1, 0, '2026-04-22 14:25:47', '2026-04-22 14:25:47'),
(1237, 17, 190, 'Оливье', 'Оливье из категории \"Салаты\" ресторана Кофемания.', 640.00, '257 г', '/uploads/menu/salmon-bowl.svg', 1, 0, 0, '2026-04-22 14:25:47', '2026-04-22 14:25:47'),
(1238, 17, 190, 'С крабом', 'С крабом из категории \"Салаты\" ресторана Кофемания.', 520.00, '304 г', '/uploads/menu/salmon-bowl.svg', 1, 1, 1, '2026-04-22 14:25:47', '2026-04-22 14:25:47'),
(1239, 17, 190, 'С авокадо', 'С авокадо из категории \"Салаты\" ресторана Кофемания.', 440.00, '354 г', '/uploads/menu/salmon-bowl.svg', 1, 0, 0, '2026-04-22 14:25:47', '2026-04-22 14:25:47'),
(1240, 17, 190, 'Зеленый салат', 'Зеленый салат из категории \"Салаты\" ресторана Кофемания.', 710.00, '164 г', '/uploads/menu/salmon-bowl.svg', 1, 0, 0, '2026-04-22 14:25:47', '2026-04-22 14:25:47'),
(1241, 17, 190, 'Буррата', 'Буррата из категории \"Салаты\" ресторана Кофемания.', 350.00, '231 г', '/uploads/menu/salmon-bowl.svg', 1, 0, 0, '2026-04-22 14:25:47', '2026-04-22 14:25:47'),
(1242, 17, 190, 'Хумус', 'Хумус из категории \"Салаты\" ресторана Кофемания.', 210.00, '229 г', '/uploads/menu/salmon-bowl.svg', 1, 0, 0, '2026-04-22 14:25:47', '2026-04-22 14:25:47'),
(1243, 17, 191, 'Борщ', 'Борщ из категории \"Супы\" ресторана Кофемания.', 420.00, '440 г', '/uploads/menu/salmon-bowl.svg', 1, 0, 0, '2026-04-22 14:25:47', '2026-04-22 14:25:47'),
(1244, 17, 191, 'Окрошка', 'Окрошка из категории \"Супы\" ресторана Кофемания.', 310.00, '401 г', '/uploads/menu/salmon-bowl.svg', 1, 0, 0, '2026-04-22 14:25:47', '2026-04-22 14:25:47'),
(1245, 17, 191, 'Грибной суп', 'Грибной суп из категории \"Супы\" ресторана Кофемания.', 260.00, '365 г', '/uploads/menu/salmon-bowl.svg', 1, 0, 0, '2026-04-22 14:25:47', '2026-04-22 14:25:47'),
(1246, 17, 191, 'Куриный бульон', 'Куриный бульон из категории \"Супы\" ресторана Кофемания.', 400.00, '457 г', '/uploads/menu/salmon-bowl.svg', 1, 0, 0, '2026-04-22 14:25:47', '2026-04-22 14:25:47'),
(1247, 17, 191, 'Томатный суп', 'Томатный суп из категории \"Супы\" ресторана Кофемания.', 330.00, '408 г', '/uploads/menu/salmon-bowl.svg', 1, 0, 0, '2026-04-22 14:25:47', '2026-04-22 14:25:47'),
(1248, 17, 191, 'Щавелевый', 'Щавелевый из категории \"Супы\" ресторана Кофемания.', 450.00, '300 г', '/uploads/menu/salmon-bowl.svg', 1, 0, 0, '2026-04-22 14:25:47', '2026-04-22 14:25:47'),
(1249, 17, 192, 'Бефстроганов', 'Бефстроганов из категории \"Горячее\" ресторана Кофемания.', 840.00, '286 г', '/uploads/menu/salmon-bowl.svg', 1, 0, 0, '2026-04-22 14:25:47', '2026-04-22 14:25:47'),
(1250, 17, 192, 'Котлеты', 'Котлеты из категории \"Горячее\" ресторана Кофемания.', 340.00, '296 г', '/uploads/menu/chicken-bowl.svg', 1, 0, 0, '2026-04-22 14:25:47', '2026-04-22 14:25:47'),
(1251, 17, 192, 'Индейка', 'Индейка из категории \"Горячее\" ресторана Кофемания.', 780.00, '256 г', '/uploads/menu/chicken-bowl.svg', 1, 0, 1, '2026-04-22 14:25:47', '2026-04-22 14:25:47'),
(1252, 17, 192, 'Рыба', 'Рыба из категории \"Горячее\" ресторана Кофемания.', 530.00, '376 г', '/uploads/menu/chicken-bowl.svg', 1, 0, 0, '2026-04-22 14:25:47', '2026-04-22 14:25:47'),
(1253, 17, 192, 'Бургер', 'Бургер из категории \"Горячее\" ресторана Кофемания.', 450.00, '460 г', '/uploads/menu/salmon-bowl.svg', 1, 1, 0, '2026-04-22 14:25:47', '2026-04-22 14:25:47'),
(1254, 17, 192, 'Драники', 'Драники из категории \"Горячее\" ресторана Кофемания.', 700.00, '461 г', '/uploads/menu/chicken-bowl.svg', 1, 0, 0, '2026-04-22 14:25:47', '2026-04-22 14:25:47'),
(1255, 17, 193, 'Чизкейк', 'Чизкейк из категории \"Десерты\" ресторана Кофемания.', 500.00, '202 г', '/uploads/menu/chia-mango.svg', 1, 1, 0, '2026-04-22 14:25:47', '2026-04-22 14:25:47'),
(1256, 17, 193, 'Эклер', 'Эклер из категории \"Десерты\" ресторана Кофемания.', 290.00, '126 г', '/uploads/menu/chia-mango.svg', 1, 0, 1, '2026-04-22 14:25:47', '2026-04-22 14:25:47'),
(1257, 17, 193, 'Штрудель', 'Штрудель из категории \"Десерты\" ресторана Кофемания.', 490.00, '125 г', '/uploads/menu/chia-mango.svg', 1, 0, 0, '2026-04-22 14:25:47', '2026-04-22 14:25:47'),
(1258, 17, 193, 'Панна котта', 'Панна котта из категории \"Десерты\" ресторана Кофемания.', 280.00, '144 г', '/uploads/menu/chia-mango.svg', 1, 0, 0, '2026-04-22 14:25:47', '2026-04-22 14:25:47'),
(1259, 17, 193, 'Вареники', 'Вареники из категории \"Десерты\" ресторана Кофемания.', 230.00, '156 г', '/uploads/menu/chia-mango.svg', 1, 0, 0, '2026-04-22 14:25:47', '2026-04-22 14:25:47'),
(1260, 17, 193, 'Пироги', 'Пироги из категории \"Десерты\" ресторана Кофемания.', 430.00, '136 г', '/uploads/menu/chia-mango.svg', 1, 0, 0, '2026-04-22 14:25:47', '2026-04-22 14:25:47'),
(1261, 17, 194, 'Капучино', 'Капучино из категории \"Напитки\" ресторана Кофемания.', 140.00, '414 мл', '/uploads/menu/placeholder.svg', 1, 0, 0, '2026-04-22 14:25:47', '2026-04-22 14:25:47'),
(1262, 17, 194, 'Латте', 'Латте из категории \"Напитки\" ресторана Кофемания.', 140.00, '473 мл', '/uploads/menu/placeholder.svg', 1, 0, 0, '2026-04-22 14:25:47', '2026-04-22 14:25:47'),
(1263, 17, 194, 'Раф', 'Раф из категории \"Напитки\" ресторана Кофемания.', 260.00, '448 мл', '/uploads/menu/placeholder.svg', 1, 1, 0, '2026-04-22 14:25:47', '2026-04-22 14:25:47'),
(1264, 17, 194, 'Чай', 'Чай из категории \"Напитки\" ресторана Кофемания.', 230.00, '354 мл', '/uploads/menu/placeholder.svg', 1, 1, 0, '2026-04-22 14:25:47', '2026-04-22 14:25:47'),
(1265, 17, 194, 'Соки', 'Соки из категории \"Напитки\" ресторана Кофемания.', 200.00, '313 мл', '/uploads/menu/placeholder.svg', 1, 0, 0, '2026-04-22 14:25:47', '2026-04-22 14:25:47'),
(1266, 17, 194, 'Вода', 'Вода из категории \"Напитки\" ресторана Кофемания.', 210.00, '331 мл', '/uploads/menu/placeholder.svg', 1, 0, 0, '2026-04-22 14:25:47', '2026-04-22 14:25:47'),
(1267, 18, 195, 'Алеша Попович', 'Алеша Попович из категории \"Блины\" ресторана Теремок.', 570.00, '461 г', '/uploads/menu/placeholder.svg', 1, 0, 0, '2026-04-22 14:25:47', '2026-04-22 14:25:47'),
(1268, 18, 195, 'Добрыня', 'Добрыня из категории \"Блины\" ресторана Теремок.', 720.00, '332 г', '/uploads/menu/placeholder.svg', 1, 0, 0, '2026-04-22 14:25:47', '2026-04-22 14:25:47'),
(1269, 18, 195, 'Илья Муромец', 'Илья Муромец из категории \"Блины\" ресторана Теремок.', 570.00, '341 г', '/uploads/menu/placeholder.svg', 1, 0, 0, '2026-04-22 14:25:47', '2026-04-22 14:25:47'),
(1270, 18, 195, 'С ветчиной', 'С ветчиной из категории \"Блины\" ресторана Теремок.', 530.00, '494 г', '/uploads/menu/placeholder.svg', 1, 0, 0, '2026-04-22 14:25:47', '2026-04-22 14:25:47'),
(1271, 18, 195, 'С грибами', 'С грибами из категории \"Блины\" ресторана Теремок.', 370.00, '403 г', '/uploads/menu/placeholder.svg', 1, 0, 0, '2026-04-22 14:25:47', '2026-04-22 14:25:47'),
(1272, 18, 195, 'С креветками', 'С креветками из категории \"Блины\" ресторана Теремок.', 470.00, '323 г', '/uploads/menu/placeholder.svg', 1, 0, 1, '2026-04-22 14:25:47', '2026-04-22 14:25:47'),
(1273, 18, 196, 'Сгущенка', 'Сгущенка из категории \"Сладкие блины\" ресторана Теремок.', 510.00, '390 г', '/uploads/menu/placeholder.svg', 1, 0, 0, '2026-04-22 14:25:47', '2026-04-22 14:25:47'),
(1274, 18, 196, 'Шоколад банан', 'Шоколад банан из категории \"Сладкие блины\" ресторана Теремок.', 700.00, '235 г', '/uploads/menu/placeholder.svg', 1, 0, 0, '2026-04-22 14:25:47', '2026-04-22 14:25:47'),
(1275, 18, 196, 'Карамель яблоко', 'Карамель яблоко из категории \"Сладкие блины\" ресторана Теремок.', 820.00, '449 г', '/uploads/menu/placeholder.svg', 1, 0, 0, '2026-04-22 14:25:47', '2026-04-22 14:25:47'),
(1276, 18, 196, 'Варенье', 'Варенье из категории \"Сладкие блины\" ресторана Теремок.', 390.00, '491 г', '/uploads/menu/placeholder.svg', 1, 0, 0, '2026-04-22 14:25:47', '2026-04-22 14:25:47'),
(1277, 18, 196, 'Малина', 'Малина из категории \"Сладкие блины\" ресторана Теремок.', 650.00, '430 г', '/uploads/menu/placeholder.svg', 1, 0, 0, '2026-04-22 14:25:47', '2026-04-22 14:25:47'),
(1278, 18, 196, 'Сахар', 'Сахар из категории \"Сладкие блины\" ресторана Теремок.', 720.00, '236 г', '/uploads/menu/placeholder.svg', 1, 0, 0, '2026-04-22 14:25:47', '2026-04-22 14:25:47'),
(1279, 18, 197, 'Борщ', 'Борщ из категории \"Супы\" ресторана Теремок.', 260.00, '368 г', '/uploads/menu/salmon-bowl.svg', 1, 0, 0, '2026-04-22 14:25:47', '2026-04-22 14:25:47'),
(1280, 18, 197, 'Лапша', 'Лапша из категории \"Супы\" ресторана Теремок.', 450.00, '295 г', '/uploads/menu/salmon-bowl.svg', 1, 0, 0, '2026-04-22 14:25:47', '2026-04-22 14:25:47'),
(1281, 18, 197, 'Гороховый', 'Гороховый из категории \"Супы\" ресторана Теремок.', 310.00, '280 г', '/uploads/menu/salmon-bowl.svg', 1, 0, 0, '2026-04-22 14:25:48', '2026-04-22 14:25:48'),
(1282, 18, 197, 'Грибной', 'Грибной из категории \"Супы\" ресторана Теремок.', 350.00, '307 г', '/uploads/menu/salmon-bowl.svg', 1, 0, 1, '2026-04-22 14:25:48', '2026-04-22 14:25:48'),
(1283, 18, 197, 'Куриный', 'Куриный из категории \"Супы\" ресторана Теремок.', 490.00, '423 г', '/uploads/menu/salmon-bowl.svg', 1, 0, 0, '2026-04-22 14:25:48', '2026-04-22 14:25:48'),
(1284, 18, 197, 'Овощной', 'Овощной из категории \"Супы\" ресторана Теремок.', 400.00, '302 г', '/uploads/menu/salmon-bowl.svg', 1, 1, 0, '2026-04-22 14:25:48', '2026-04-22 14:25:48'),
(1285, 18, 198, 'Пельмени', 'Пельмени из категории \"Горячее\" ресторана Теремок.', 860.00, '242 г', '/uploads/menu/chicken-bowl.svg', 1, 0, 0, '2026-04-22 14:25:48', '2026-04-22 14:25:48'),
(1286, 18, 198, 'Вареники', 'Вареники из категории \"Горячее\" ресторана Теремок.', 830.00, '496 г', '/uploads/menu/salmon-bowl.svg', 1, 0, 0, '2026-04-22 14:25:48', '2026-04-22 14:25:48'),
(1287, 18, 198, 'Гречка', 'Гречка из категории \"Горячее\" ресторана Теремок.', 920.00, '293 г', '/uploads/menu/chicken-bowl.svg', 1, 0, 0, '2026-04-22 14:25:48', '2026-04-22 14:25:48'),
(1288, 18, 198, 'Картофель', 'Картофель из категории \"Горячее\" ресторана Теремок.', 690.00, '350 г', '/uploads/menu/chicken-bowl.svg', 1, 1, 0, '2026-04-22 14:25:48', '2026-04-22 14:25:48'),
(1289, 18, 198, 'Мясо', 'Мясо из категории \"Горячее\" ресторана Теремок.', 340.00, '281 г', '/uploads/menu/salmon-bowl.svg', 1, 0, 0, '2026-04-22 14:25:48', '2026-04-22 14:25:48'),
(1290, 18, 198, 'Овощи', 'Овощи из категории \"Горячее\" ресторана Теремок.', 710.00, '411 г', '/uploads/menu/salmon-bowl.svg', 1, 1, 0, '2026-04-22 14:25:48', '2026-04-22 14:25:48'),
(1291, 18, 199, 'Морс', 'Морс из категории \"Напитки\" ресторана Теремок.', 280.00, '425 мл', '/uploads/menu/placeholder.svg', 1, 1, 0, '2026-04-22 14:25:48', '2026-04-22 14:25:48'),
(1292, 18, 199, 'Квас', 'Квас из категории \"Напитки\" ресторана Теремок.', 310.00, '449 мл', '/uploads/menu/placeholder.svg', 1, 0, 0, '2026-04-22 14:25:48', '2026-04-22 14:25:48'),
(1293, 18, 199, 'Узвар', 'Узвар из категории \"Напитки\" ресторана Теремок.', 290.00, '490 мл', '/uploads/menu/placeholder.svg', 1, 0, 0, '2026-04-22 14:25:48', '2026-04-22 14:25:48'),
(1294, 18, 199, 'Чай', 'Чай из категории \"Напитки\" ресторана Теремок.', 270.00, '379 мл', '/uploads/menu/placeholder.svg', 1, 0, 0, '2026-04-22 14:25:48', '2026-04-22 14:25:48'),
(1295, 18, 199, 'Кофе', 'Кофе из категории \"Напитки\" ресторана Теремок.', 200.00, '313 мл', '/uploads/menu/placeholder.svg', 1, 0, 1, '2026-04-22 14:25:48', '2026-04-22 14:25:48'),
(1296, 18, 199, 'Вода', 'Вода из категории \"Напитки\" ресторана Теремок.', 270.00, '494 мл', '/uploads/menu/placeholder.svg', 1, 0, 0, '2026-04-22 14:25:48', '2026-04-22 14:25:48'),
(1297, 13, 200, 'Антипасти', 'Антипасти из категории \"Закуски\" ресторана Osteria Amici.', 230.00, '140 г', '/uploads/menu/fries.svg', 1, 1, 0, '2026-04-22 14:25:48', '2026-04-22 14:25:48'),
(1298, 13, 200, 'Брускетта с томатами', 'Брускетта с томатами из категории \"Закуски\" ресторана Osteria Amici.', 230.00, '295 г', '/uploads/menu/bruschetta.svg', 1, 0, 0, '2026-04-22 14:25:48', '2026-04-22 14:25:48'),
(1299, 13, 200, 'Брускетта с лососем', 'Брускетта с лососем из категории \"Закуски\" ресторана Osteria Amici.', 500.00, '221 г', '/uploads/menu/bruschetta.svg', 1, 0, 0, '2026-04-22 14:25:48', '2026-04-22 14:25:48'),
(1300, 13, 200, 'Сырная тарелка', 'Сырная тарелка из категории \"Закуски\" ресторана Osteria Amici.', 400.00, '317 г', '/uploads/menu/fries.svg', 1, 0, 0, '2026-04-22 14:25:48', '2026-04-22 14:25:48'),
(1301, 13, 200, 'Вителло тоннато', 'Вителло тоннато из категории \"Закуски\" ресторана Osteria Amici.', 290.00, '108 г', '/uploads/menu/fries.svg', 1, 1, 0, '2026-04-22 14:25:48', '2026-04-22 14:25:48'),
(1302, 13, 200, 'Тартар из лосося', 'Тартар из лосося из категории \"Закуски\" ресторана Osteria Amici.', 450.00, '176 г', '/uploads/menu/fries.svg', 1, 1, 1, '2026-04-22 14:25:48', '2026-04-22 14:25:48'),
(1303, 13, 201, 'Капрезе', 'Капрезе из категории \"Салаты\" ресторана Osteria Amici.', 470.00, '349 г', '/uploads/menu/salmon-bowl.svg', 1, 0, 0, '2026-04-22 14:25:48', '2026-04-22 14:25:48'),
(1304, 13, 201, 'Буррата с томатами', 'Буррата с томатами из категории \"Салаты\" ресторана Osteria Amici.', 210.00, '157 г', '/uploads/menu/salmon-bowl.svg', 1, 0, 0, '2026-04-22 14:25:48', '2026-04-22 14:25:48'),
(1305, 13, 201, 'Салат с уткой', 'Салат с уткой из категории \"Салаты\" ресторана Osteria Amici.', 510.00, '259 г', '/uploads/menu/salmon-bowl.svg', 1, 0, 0, '2026-04-22 14:25:48', '2026-04-22 14:25:48'),
(1306, 13, 201, 'Зеленый салат', 'Зеленый салат из категории \"Салаты\" ресторана Osteria Amici.', 730.00, '353 г', '/uploads/menu/salmon-bowl.svg', 1, 1, 0, '2026-04-22 14:25:48', '2026-04-22 14:25:48'),
(1307, 13, 201, 'Салат с морепродуктами', 'Салат с морепродуктами из категории \"Салаты\" ресторана Osteria Amici.', 700.00, '352 г', '/uploads/menu/salmon-bowl.svg', 1, 0, 0, '2026-04-22 14:25:48', '2026-04-22 14:25:48'),
(1308, 13, 201, 'Салат с грибами', 'Салат с грибами из категории \"Салаты\" ресторана Osteria Amici.', 730.00, '151 г', '/uploads/menu/salmon-bowl.svg', 1, 0, 0, '2026-04-22 14:25:48', '2026-04-22 14:25:48'),
(1309, 13, 202, 'Минестроне', 'Минестроне из категории \"Супы\" ресторана Osteria Amici.', 290.00, '388 г', '/uploads/menu/salmon-bowl.svg', 1, 0, 0, '2026-04-22 14:25:48', '2026-04-22 14:25:48'),
(1310, 13, 202, 'Гаспачо', 'Гаспачо из категории \"Супы\" ресторана Osteria Amici.', 280.00, '295 г', '/uploads/menu/salmon-bowl.svg', 1, 0, 0, '2026-04-22 14:25:48', '2026-04-22 14:25:48'),
(1311, 13, 202, 'Суп с морепродуктами', 'Суп с морепродуктами из категории \"Супы\" ресторана Osteria Amici.', 290.00, '315 г', '/uploads/menu/salmon-bowl.svg', 1, 0, 0, '2026-04-22 14:25:48', '2026-04-22 14:25:48'),
(1312, 13, 202, 'Щавелевый суп', 'Щавелевый суп из категории \"Супы\" ресторана Osteria Amici.', 520.00, '310 г', '/uploads/menu/salmon-bowl.svg', 1, 0, 0, '2026-04-22 14:25:48', '2026-04-22 14:25:48'),
(1313, 13, 202, 'Окрошка', 'Окрошка из категории \"Супы\" ресторана Osteria Amici.', 440.00, '330 г', '/uploads/menu/salmon-bowl.svg', 1, 0, 0, '2026-04-22 14:25:48', '2026-04-22 14:25:48'),
(1314, 13, 202, 'Суп дня', 'Суп дня из категории \"Супы\" ресторана Osteria Amici.', 280.00, '377 г', '/uploads/menu/salmon-bowl.svg', 1, 0, 0, '2026-04-22 14:25:48', '2026-04-22 14:25:48'),
(1315, 13, 203, 'Карбонара', 'Карбонара из категории \"Паста\" ресторана Osteria Amici.', 930.00, '481 г', '/uploads/menu/salmon-bowl.svg', 1, 0, 0, '2026-04-22 14:25:48', '2026-04-22 14:25:48'),
(1316, 13, 203, 'Паста с грибами', 'Паста с грибами из категории \"Паста\" ресторана Osteria Amici.', 410.00, '517 г', '/uploads/menu/chicken-bowl.svg', 1, 0, 0, '2026-04-22 14:25:48', '2026-04-22 14:25:48'),
(1317, 13, 203, 'Паста с морепродуктами', 'Паста с морепродуктами из категории \"Паста\" ресторана Osteria Amici.', 510.00, '505 г', '/uploads/menu/salmon-bowl.svg', 1, 0, 0, '2026-04-22 14:25:48', '2026-04-22 14:25:48'),
(1318, 13, 203, 'Равиоли', 'Равиоли из категории \"Паста\" ресторана Osteria Amici.', 810.00, '470 г', '/uploads/menu/chicken-bowl.svg', 1, 0, 0, '2026-04-22 14:25:48', '2026-04-22 14:25:48'),
(1319, 13, 203, 'Ризотто с грибами', 'Ризотто с грибами из категории \"Паста\" ресторана Osteria Amici.', 890.00, '302 г', '/uploads/menu/salmon-bowl.svg', 1, 0, 0, '2026-04-22 14:25:48', '2026-04-22 14:25:48'),
(1320, 13, 203, 'Паста с тунцом', 'Паста с тунцом из категории \"Паста\" ресторана Osteria Amici.', 710.00, '474 г', '/uploads/menu/salmon-bowl.svg', 1, 0, 0, '2026-04-22 14:25:48', '2026-04-22 14:25:48'),
(1321, 13, 204, 'Пицца с мортаделлой', 'Пицца с мортаделлой из категории \"Пицца\" ресторана Osteria Amici.', 1000.00, '477 г', '/uploads/menu/pizza-4cheese.svg', 1, 0, 0, '2026-04-22 14:25:48', '2026-04-22 14:25:48'),
(1322, 13, 204, 'Пицца с грибами', 'Пицца с грибами из категории \"Пицца\" ресторана Osteria Amici.', 850.00, '604 г', '/uploads/menu/pizza-margherita.svg', 1, 1, 0, '2026-04-22 14:25:48', '2026-04-22 14:25:48'),
(1323, 13, 204, 'Пицца с морепродуктами', 'Пицца с морепродуктами из категории \"Пицца\" ресторана Osteria Amici.', 740.00, '635 г', '/uploads/menu/pizza-margherita.svg', 1, 0, 0, '2026-04-22 14:25:48', '2026-04-22 14:25:48'),
(1324, 13, 204, 'Маргарита', 'Маргарита из категории \"Пицца\" ресторана Osteria Amici.', 900.00, '425 г', '/uploads/menu/pizza-margherita.svg', 1, 1, 1, '2026-04-22 14:25:48', '2026-04-22 14:25:48'),
(1325, 13, 204, 'Пепперони', 'Пепперони из категории \"Пицца\" ресторана Osteria Amici.', 780.00, '430 г', '/uploads/menu/pizza-4cheese.svg', 1, 0, 0, '2026-04-22 14:25:48', '2026-04-22 14:25:48'),
(1326, 13, 204, 'Четыре сыра', 'Четыре сыра из категории \"Пицца\" ресторана Osteria Amici.', 710.00, '614 г', '/uploads/menu/pizza-4cheese.svg', 1, 1, 0, '2026-04-22 14:25:48', '2026-04-22 14:25:48'),
(1327, 13, 205, 'Рибай', 'Рибай из категории \"Горячее\" ресторана Osteria Amici.', 980.00, '501 г', '/uploads/menu/chicken-bowl.svg', 1, 0, 0, '2026-04-22 14:25:48', '2026-04-22 14:25:48'),
(1328, 13, 205, 'Филе миньон', 'Филе миньон из категории \"Горячее\" ресторана Osteria Amici.', 930.00, '462 г', '/uploads/menu/chicken-bowl.svg', 1, 0, 0, '2026-04-22 14:25:48', '2026-04-22 14:25:48'),
(1329, 13, 205, 'Бефстроганов', 'Бефстроганов из категории \"Горячее\" ресторана Osteria Amici.', 810.00, '304 г', '/uploads/menu/salmon-bowl.svg', 1, 0, 0, '2026-04-22 14:25:48', '2026-04-22 14:25:48'),
(1330, 13, 205, 'Лосось на гриле', 'Лосось на гриле из категории \"Горячее\" ресторана Osteria Amici.', 680.00, '442 г', '/uploads/menu/salmon-bowl.svg', 1, 0, 0, '2026-04-22 14:25:48', '2026-04-22 14:25:48'),
(1331, 13, 205, 'Осьминог', 'Осьминог из категории \"Горячее\" ресторана Osteria Amici.', 390.00, '279 г', '/uploads/menu/salmon-bowl.svg', 1, 0, 0, '2026-04-22 14:25:48', '2026-04-22 14:25:48'),
(1332, 13, 205, 'Морепродукты', 'Морепродукты из категории \"Горячее\" ресторана Osteria Amici.', 410.00, '323 г', '/uploads/menu/chicken-bowl.svg', 1, 0, 0, '2026-04-22 14:25:48', '2026-04-22 14:25:48'),
(1333, 13, 206, 'Тирамису', 'Тирамису из категории \"Десерты\" ресторана Osteria Amici.', 260.00, '173 г', '/uploads/menu/chia-mango.svg', 1, 1, 0, '2026-04-22 14:25:48', '2026-04-22 14:25:48'),
(1334, 13, 206, 'Панна котта', 'Панна котта из категории \"Десерты\" ресторана Osteria Amici.', 380.00, '215 г', '/uploads/menu/chia-mango.svg', 1, 0, 0, '2026-04-22 14:25:48', '2026-04-22 14:25:48'),
(1335, 13, 206, 'Чизкейк', 'Чизкейк из категории \"Десерты\" ресторана Osteria Amici.', 190.00, '99 г', '/uploads/menu/chia-mango.svg', 1, 0, 0, '2026-04-22 14:25:48', '2026-04-22 14:25:48');
INSERT INTO `menu_items` (`id`, `restaurant_id`, `category_id`, `name`, `description`, `price`, `weight`, `image`, `is_available`, `is_popular`, `is_new`, `created_at`, `updated_at`) VALUES
(1336, 13, 206, 'Эклер', 'Эклер из категории \"Десерты\" ресторана Osteria Amici.', 530.00, '208 г', '/uploads/menu/chia-mango.svg', 1, 1, 0, '2026-04-22 14:25:48', '2026-04-22 14:25:48'),
(1337, 13, 206, 'Шоколадный фондан', 'Шоколадный фондан из категории \"Десерты\" ресторана Osteria Amici.', 260.00, '215 г', '/uploads/menu/chia-mango.svg', 1, 1, 0, '2026-04-22 14:25:48', '2026-04-22 14:25:48'),
(1338, 13, 206, 'Авторские десерты', 'Авторские десерты из категории \"Десерты\" ресторана Osteria Amici.', 490.00, '94 г', '/uploads/menu/chia-mango.svg', 1, 0, 0, '2026-04-22 14:25:48', '2026-04-22 14:25:48'),
(1339, 14, 207, 'Карпаччо', 'Карпаччо из категории \"Закуски\" ресторана Fattoria Marian.', 480.00, '336 г', '/uploads/menu/fries.svg', 1, 0, 0, '2026-04-22 14:25:48', '2026-04-22 14:25:48'),
(1340, 14, 207, 'Сырная тарелка', 'Сырная тарелка из категории \"Закуски\" ресторана Fattoria Marian.', 170.00, '221 г', '/uploads/menu/bruschetta.svg', 1, 0, 0, '2026-04-22 14:25:48', '2026-04-22 14:25:48'),
(1341, 14, 207, 'Мясная тарелка', 'Мясная тарелка из категории \"Закуски\" ресторана Fattoria Marian.', 220.00, '120 г', '/uploads/menu/bruschetta.svg', 1, 0, 0, '2026-04-22 14:25:48', '2026-04-22 14:25:48'),
(1342, 14, 207, 'Брускетта', 'Брускетта из категории \"Закуски\" ресторана Fattoria Marian.', 260.00, '331 г', '/uploads/menu/bruschetta.svg', 1, 0, 0, '2026-04-22 14:25:48', '2026-04-22 14:25:48'),
(1343, 14, 207, 'Фермерские закуски', 'Фермерские закуски из категории \"Закуски\" ресторана Fattoria Marian.', 260.00, '122 г', '/uploads/menu/bruschetta.svg', 1, 0, 0, '2026-04-22 14:25:48', '2026-04-22 14:25:48'),
(1344, 14, 207, 'Оливки', 'Оливки из категории \"Закуски\" ресторана Fattoria Marian.', 290.00, '199 г', '/uploads/menu/bruschetta.svg', 1, 0, 0, '2026-04-22 14:25:48', '2026-04-22 14:25:48'),
(1345, 14, 208, 'С бурратой и грушей', 'С бурратой и грушей из категории \"Салаты\" ресторана Fattoria Marian.', 700.00, '222 г', '/uploads/menu/salmon-bowl.svg', 1, 0, 0, '2026-04-22 14:25:48', '2026-04-22 14:25:48'),
(1346, 14, 208, 'Зеленый салат', 'Зеленый салат из категории \"Салаты\" ресторана Fattoria Marian.', 280.00, '230 г', '/uploads/menu/salmon-bowl.svg', 1, 0, 0, '2026-04-22 14:25:48', '2026-04-22 14:25:48'),
(1347, 14, 208, 'С овощами', 'С овощами из категории \"Салаты\" ресторана Fattoria Marian.', 560.00, '209 г', '/uploads/menu/salmon-bowl.svg', 1, 0, 0, '2026-04-22 14:25:48', '2026-04-22 14:25:48'),
(1348, 14, 208, 'С сыром', 'С сыром из категории \"Салаты\" ресторана Fattoria Marian.', 720.00, '302 г', '/uploads/menu/salmon-bowl.svg', 1, 1, 0, '2026-04-22 14:25:48', '2026-04-22 14:25:48'),
(1349, 14, 208, 'С мясом', 'С мясом из категории \"Салаты\" ресторана Fattoria Marian.', 530.00, '283 г', '/uploads/menu/salmon-bowl.svg', 1, 0, 0, '2026-04-22 14:25:48', '2026-04-22 14:25:48'),
(1350, 14, 208, 'С морепродуктами', 'С морепродуктами из категории \"Салаты\" ресторана Fattoria Marian.', 500.00, '182 г', '/uploads/menu/salmon-bowl.svg', 1, 0, 0, '2026-04-22 14:25:48', '2026-04-22 14:25:48'),
(1351, 14, 209, 'Тыквенный суп', 'Тыквенный суп из категории \"Супы\" ресторана Fattoria Marian.', 280.00, '308 г', '/uploads/menu/salmon-bowl.svg', 1, 0, 1, '2026-04-22 14:25:48', '2026-04-22 14:25:48'),
(1352, 14, 209, 'Куриный бульон', 'Куриный бульон из категории \"Супы\" ресторана Fattoria Marian.', 460.00, '389 г', '/uploads/menu/salmon-bowl.svg', 1, 1, 0, '2026-04-22 14:25:48', '2026-04-22 14:25:48'),
(1353, 14, 209, 'Овощной суп', 'Овощной суп из категории \"Супы\" ресторана Fattoria Marian.', 410.00, '420 г', '/uploads/menu/salmon-bowl.svg', 1, 0, 0, '2026-04-22 14:25:48', '2026-04-22 14:25:48'),
(1354, 14, 209, 'Крем-суп', 'Крем-суп из категории \"Супы\" ресторана Fattoria Marian.', 490.00, '447 г', '/uploads/menu/salmon-bowl.svg', 1, 0, 0, '2026-04-22 14:25:48', '2026-04-22 14:25:48'),
(1355, 14, 209, 'Суп с мясом', 'Суп с мясом из категории \"Супы\" ресторана Fattoria Marian.', 370.00, '418 г', '/uploads/menu/salmon-bowl.svg', 1, 0, 0, '2026-04-22 14:25:48', '2026-04-22 14:25:48'),
(1356, 14, 209, 'Сезонный суп', 'Сезонный суп из категории \"Супы\" ресторана Fattoria Marian.', 390.00, '453 г', '/uploads/menu/salmon-bowl.svg', 1, 0, 0, '2026-04-22 14:25:48', '2026-04-22 14:25:48'),
(1357, 14, 210, 'Паста с креветками', 'Паста с креветками из категории \"Паста\" ресторана Fattoria Marian.', 770.00, '391 г', '/uploads/menu/chicken-bowl.svg', 1, 0, 0, '2026-04-22 14:25:48', '2026-04-22 14:25:48'),
(1358, 14, 210, 'Равиоли с говядиной', 'Равиоли с говядиной из категории \"Паста\" ресторана Fattoria Marian.', 430.00, '394 г', '/uploads/menu/chicken-bowl.svg', 1, 0, 0, '2026-04-22 14:25:48', '2026-04-22 14:25:48'),
(1359, 14, 210, 'Ризотто с грибами', 'Ризотто с грибами из категории \"Паста\" ресторана Fattoria Marian.', 430.00, '371 г', '/uploads/menu/salmon-bowl.svg', 1, 0, 0, '2026-04-22 14:25:48', '2026-04-22 14:25:48'),
(1360, 14, 210, 'Паста с сыром', 'Паста с сыром из категории \"Паста\" ресторана Fattoria Marian.', 590.00, '279 г', '/uploads/menu/salmon-bowl.svg', 1, 0, 0, '2026-04-22 14:25:48', '2026-04-22 14:25:48'),
(1361, 14, 210, 'Паста с мясом', 'Паста с мясом из категории \"Паста\" ресторана Fattoria Marian.', 940.00, '311 г', '/uploads/menu/salmon-bowl.svg', 1, 0, 0, '2026-04-22 14:25:48', '2026-04-22 14:25:48'),
(1362, 14, 210, 'Паста с овощами', 'Паста с овощами из категории \"Паста\" ресторана Fattoria Marian.', 760.00, '411 г', '/uploads/menu/salmon-bowl.svg', 1, 0, 0, '2026-04-22 14:25:48', '2026-04-22 14:25:48'),
(1363, 14, 211, 'Маргарита', 'Маргарита из категории \"Пицца\" ресторана Fattoria Marian.', 680.00, '648 г', '/uploads/menu/pizza-4cheese.svg', 1, 0, 0, '2026-04-22 14:25:48', '2026-04-22 14:25:48'),
(1364, 14, 211, 'Пепперони', 'Пепперони из категории \"Пицца\" ресторана Fattoria Marian.', 580.00, '568 г', '/uploads/menu/pizza-margherita.svg', 1, 0, 1, '2026-04-22 14:25:48', '2026-04-22 14:25:48'),
(1365, 14, 211, 'Пицца с грушей', 'Пицца с грушей из категории \"Пицца\" ресторана Fattoria Marian.', 1050.00, '476 г', '/uploads/menu/pizza-margherita.svg', 1, 0, 0, '2026-04-22 14:25:48', '2026-04-22 14:25:48'),
(1366, 14, 211, 'Пицца с грибами', 'Пицца с грибами из категории \"Пицца\" ресторана Fattoria Marian.', 990.00, '635 г', '/uploads/menu/pizza-margherita.svg', 1, 1, 0, '2026-04-22 14:25:48', '2026-04-22 14:25:48'),
(1367, 14, 211, 'Пицца с тунцом', 'Пицца с тунцом из категории \"Пицца\" ресторана Fattoria Marian.', 1010.00, '527 г', '/uploads/menu/pizza-margherita.svg', 1, 0, 1, '2026-04-22 14:25:48', '2026-04-22 14:25:48'),
(1368, 14, 211, 'Фирменная пицца', 'Фирменная пицца из категории \"Пицца\" ресторана Fattoria Marian.', 650.00, '593 г', '/uploads/menu/pizza-4cheese.svg', 1, 1, 0, '2026-04-22 14:25:48', '2026-04-22 14:25:48'),
(1369, 14, 212, 'Шницель', 'Шницель из категории \"Горячее\" ресторана Fattoria Marian.', 860.00, '224 г', '/uploads/menu/salmon-bowl.svg', 1, 0, 0, '2026-04-22 14:25:48', '2026-04-22 14:25:48'),
(1370, 14, 212, 'Говядина', 'Говядина из категории \"Горячее\" ресторана Fattoria Marian.', 650.00, '463 г', '/uploads/menu/salmon-bowl.svg', 1, 0, 0, '2026-04-22 14:25:48', '2026-04-22 14:25:48'),
(1371, 14, 212, 'Курица', 'Курица из категории \"Горячее\" ресторана Fattoria Marian.', 810.00, '464 г', '/uploads/menu/chicken-bowl.svg', 1, 1, 0, '2026-04-22 14:25:48', '2026-04-22 14:25:48'),
(1372, 14, 212, 'Блюда на гриле', 'Блюда на гриле из категории \"Горячее\" ресторана Fattoria Marian.', 640.00, '324 г', '/uploads/menu/chicken-bowl.svg', 1, 0, 0, '2026-04-22 14:25:48', '2026-04-22 14:25:48'),
(1373, 14, 212, 'Овощные блюда', 'Овощные блюда из категории \"Горячее\" ресторана Fattoria Marian.', 830.00, '293 г', '/uploads/menu/chicken-bowl.svg', 1, 0, 0, '2026-04-22 14:25:48', '2026-04-22 14:25:48'),
(1374, 14, 212, 'Фермерские блюда', 'Фермерские блюда из категории \"Горячее\" ресторана Fattoria Marian.', 660.00, '508 г', '/uploads/menu/salmon-bowl.svg', 1, 0, 0, '2026-04-22 14:25:48', '2026-04-22 14:25:48'),
(1375, 14, 213, 'Тирамису', 'Тирамису из категории \"Десерты\" ресторана Fattoria Marian.', 340.00, '126 г', '/uploads/menu/chia-mango.svg', 1, 0, 0, '2026-04-22 14:25:48', '2026-04-22 14:25:48'),
(1376, 14, 213, 'Панна котта', 'Панна котта из категории \"Десерты\" ресторана Fattoria Marian.', 470.00, '138 г', '/uploads/menu/chia-mango.svg', 1, 1, 0, '2026-04-22 14:25:48', '2026-04-22 14:25:48'),
(1377, 14, 213, 'Крем-брюле', 'Крем-брюле из категории \"Десерты\" ресторана Fattoria Marian.', 340.00, '119 г', '/uploads/menu/chia-mango.svg', 1, 0, 0, '2026-04-22 14:25:48', '2026-04-22 14:25:48'),
(1378, 14, 213, 'Чизкейк', 'Чизкейк из категории \"Десерты\" ресторана Fattoria Marian.', 350.00, '191 г', '/uploads/menu/chia-mango.svg', 1, 1, 0, '2026-04-22 14:25:48', '2026-04-22 14:25:48'),
(1379, 14, 213, 'Домашние десерты', 'Домашние десерты из категории \"Десерты\" ресторана Fattoria Marian.', 290.00, '186 г', '/uploads/menu/chia-mango.svg', 1, 0, 0, '2026-04-22 14:25:48', '2026-04-22 14:25:48'),
(1380, 14, 213, 'Сезонные десерты', 'Сезонные десерты из категории \"Десерты\" ресторана Fattoria Marian.', 430.00, '205 г', '/uploads/menu/chia-mango.svg', 1, 0, 0, '2026-04-22 14:25:48', '2026-04-22 14:25:48'),
(1381, 15, 214, 'Карпаччо', 'Карпаччо из категории \"Закуски\" ресторана Dolce Far Niente.', 280.00, '337 г', '/uploads/menu/fries.svg', 1, 0, 0, '2026-04-22 14:25:48', '2026-04-22 14:25:48'),
(1382, 15, 214, 'Брускетта', 'Брускетта из категории \"Закуски\" ресторана Dolce Far Niente.', 340.00, '136 г', '/uploads/menu/fries.svg', 1, 0, 0, '2026-04-22 14:25:48', '2026-04-22 14:25:48'),
(1383, 15, 214, 'Мортаделла', 'Мортаделла из категории \"Закуски\" ресторана Dolce Far Niente.', 300.00, '326 г', '/uploads/menu/fries.svg', 1, 0, 0, '2026-04-22 14:25:48', '2026-04-22 14:25:48'),
(1384, 15, 214, 'Сырная тарелка', 'Сырная тарелка из категории \"Закуски\" ресторана Dolce Far Niente.', 270.00, '310 г', '/uploads/menu/bruschetta.svg', 1, 0, 0, '2026-04-22 14:25:48', '2026-04-22 14:25:48'),
(1385, 15, 214, 'Мясное ассорти', 'Мясное ассорти из категории \"Закуски\" ресторана Dolce Far Niente.', 260.00, '203 г', '/uploads/menu/bruschetta.svg', 1, 1, 0, '2026-04-22 14:25:48', '2026-04-22 14:25:48'),
(1386, 15, 214, 'Оливки', 'Оливки из категории \"Закуски\" ресторана Dolce Far Niente.', 350.00, '273 г', '/uploads/menu/bruschetta.svg', 1, 0, 0, '2026-04-22 14:25:48', '2026-04-22 14:25:48'),
(1387, 15, 215, 'Цезарь', 'Цезарь из категории \"Салаты\" ресторана Dolce Far Niente.', 370.00, '184 г', '/uploads/menu/salmon-bowl.svg', 1, 0, 0, '2026-04-22 14:25:48', '2026-04-22 14:25:48'),
(1388, 15, 215, 'Зеленый салат', 'Зеленый салат из категории \"Салаты\" ресторана Dolce Far Niente.', 730.00, '156 г', '/uploads/menu/salmon-bowl.svg', 1, 0, 0, '2026-04-22 14:25:48', '2026-04-22 14:25:48'),
(1389, 15, 215, 'С креветками', 'С креветками из категории \"Салаты\" ресторана Dolce Far Niente.', 610.00, '160 г', '/uploads/menu/salmon-bowl.svg', 1, 0, 0, '2026-04-22 14:25:48', '2026-04-22 14:25:48'),
(1390, 15, 215, 'С морепродуктами', 'С морепродуктами из категории \"Салаты\" ресторана Dolce Far Niente.', 410.00, '256 г', '/uploads/menu/salmon-bowl.svg', 1, 1, 0, '2026-04-22 14:25:48', '2026-04-22 14:25:48'),
(1391, 15, 215, 'С томатами', 'С томатами из категории \"Салаты\" ресторана Dolce Far Niente.', 660.00, '212 г', '/uploads/menu/salmon-bowl.svg', 1, 1, 0, '2026-04-22 14:25:48', '2026-04-22 14:25:48'),
(1392, 15, 215, 'Овощной', 'Овощной из категории \"Салаты\" ресторана Dolce Far Niente.', 760.00, '244 г', '/uploads/menu/salmon-bowl.svg', 1, 0, 0, '2026-04-22 14:25:48', '2026-04-22 14:25:48'),
(1393, 15, 216, 'Крем-суп грибной', 'Крем-суп грибной из категории \"Супы\" ресторана Dolce Far Niente.', 360.00, '399 г', '/uploads/menu/salmon-bowl.svg', 1, 0, 0, '2026-04-22 14:25:48', '2026-04-22 14:25:48'),
(1394, 15, 216, 'Похлебка с морепродуктами', 'Похлебка с морепродуктами из категории \"Супы\" ресторана Dolce Far Niente.', 480.00, '283 г', '/uploads/menu/salmon-bowl.svg', 1, 0, 0, '2026-04-22 14:25:48', '2026-04-22 14:25:48'),
(1395, 15, 216, 'Гаспачо', 'Гаспачо из категории \"Супы\" ресторана Dolce Far Niente.', 300.00, '425 г', '/uploads/menu/salmon-bowl.svg', 1, 1, 0, '2026-04-22 14:25:48', '2026-04-22 14:25:48'),
(1396, 15, 216, 'Овощной суп', 'Овощной суп из категории \"Супы\" ресторана Dolce Far Niente.', 440.00, '307 г', '/uploads/menu/salmon-bowl.svg', 1, 0, 0, '2026-04-22 14:25:48', '2026-04-22 14:25:48'),
(1397, 15, 216, 'Суп дня', 'Суп дня из категории \"Супы\" ресторана Dolce Far Niente.', 430.00, '408 г', '/uploads/menu/salmon-bowl.svg', 1, 0, 0, '2026-04-22 14:25:48', '2026-04-22 14:25:48'),
(1398, 15, 216, 'Итальянский суп', 'Итальянский суп из категории \"Супы\" ресторана Dolce Far Niente.', 470.00, '314 г', '/uploads/menu/salmon-bowl.svg', 1, 0, 0, '2026-04-22 14:25:48', '2026-04-22 14:25:48'),
(1399, 15, 217, 'Карбонара', 'Карбонара из категории \"Паста\" ресторана Dolce Far Niente.', 680.00, '228 г', '/uploads/menu/chicken-bowl.svg', 1, 0, 0, '2026-04-22 14:25:48', '2026-04-22 14:25:48'),
(1400, 15, 217, 'Болоньезе', 'Болоньезе из категории \"Паста\" ресторана Dolce Far Niente.', 500.00, '381 г', '/uploads/menu/salmon-bowl.svg', 1, 0, 1, '2026-04-22 14:25:48', '2026-04-22 14:25:48'),
(1401, 15, 217, 'Равиоли с уткой', 'Равиоли с уткой из категории \"Паста\" ресторана Dolce Far Niente.', 670.00, '351 г', '/uploads/menu/chicken-bowl.svg', 1, 0, 0, '2026-04-22 14:25:48', '2026-04-22 14:25:48'),
(1402, 15, 217, 'Ризотто', 'Ризотто из категории \"Паста\" ресторана Dolce Far Niente.', 560.00, '476 г', '/uploads/menu/salmon-bowl.svg', 1, 0, 0, '2026-04-22 14:25:48', '2026-04-22 14:25:48'),
(1403, 15, 217, 'Каннеллони', 'Каннеллони из категории \"Паста\" ресторана Dolce Far Niente.', 390.00, '379 г', '/uploads/menu/chicken-bowl.svg', 1, 0, 0, '2026-04-22 14:25:48', '2026-04-22 14:25:48'),
(1404, 15, 217, 'Паста с морепродуктами', 'Паста с морепродуктами из категории \"Паста\" ресторана Dolce Far Niente.', 780.00, '516 г', '/uploads/menu/chicken-bowl.svg', 1, 0, 0, '2026-04-22 14:25:48', '2026-04-22 14:25:48'),
(1405, 15, 218, 'Маргарита', 'Маргарита из категории \"Пицца\" ресторана Dolce Far Niente.', 810.00, '531 г', '/uploads/menu/pizza-4cheese.svg', 1, 0, 1, '2026-04-22 14:25:48', '2026-04-22 14:25:48'),
(1406, 15, 218, 'Четыре сыра', 'Четыре сыра из категории \"Пицца\" ресторана Dolce Far Niente.', 630.00, '599 г', '/uploads/menu/pizza-margherita.svg', 1, 0, 0, '2026-04-22 14:25:48', '2026-04-22 14:25:48'),
(1407, 15, 218, 'Ветчина и грибы', 'Ветчина и грибы из категории \"Пицца\" ресторана Dolce Far Niente.', 730.00, '452 г', '/uploads/menu/pizza-4cheese.svg', 1, 0, 0, '2026-04-22 14:25:48', '2026-04-22 14:25:48'),
(1408, 15, 218, 'Мясная', 'Мясная из категории \"Пицца\" ресторана Dolce Far Niente.', 820.00, '665 г', '/uploads/menu/pizza-margherita.svg', 1, 1, 0, '2026-04-22 14:25:48', '2026-04-22 14:25:48'),
(1409, 15, 218, 'С анчоусами', 'С анчоусами из категории \"Пицца\" ресторана Dolce Far Niente.', 570.00, '504 г', '/uploads/menu/pizza-4cheese.svg', 1, 0, 0, '2026-04-22 14:25:48', '2026-04-22 14:25:48'),
(1410, 15, 218, 'С грушей', 'С грушей из категории \"Пицца\" ресторана Dolce Far Niente.', 760.00, '453 г', '/uploads/menu/pizza-margherita.svg', 1, 0, 0, '2026-04-22 14:25:48', '2026-04-22 14:25:48'),
(1411, 15, 219, 'Ягненок', 'Ягненок из категории \"Горячее\" ресторана Dolce Far Niente.', 830.00, '260 г', '/uploads/menu/salmon-bowl.svg', 1, 0, 0, '2026-04-22 14:25:48', '2026-04-22 14:25:48'),
(1412, 15, 219, 'Сибас', 'Сибас из категории \"Горячее\" ресторана Dolce Far Niente.', 660.00, '470 г', '/uploads/menu/chicken-bowl.svg', 1, 0, 0, '2026-04-22 14:25:48', '2026-04-22 14:25:48'),
(1413, 15, 219, 'Стейки', 'Стейки из категории \"Горячее\" ресторана Dolce Far Niente.', 560.00, '479 г', '/uploads/menu/chicken-bowl.svg', 1, 1, 0, '2026-04-22 14:25:48', '2026-04-22 14:25:48'),
(1414, 15, 219, 'Рыба на гриле', 'Рыба на гриле из категории \"Горячее\" ресторана Dolce Far Niente.', 760.00, '461 г', '/uploads/menu/salmon-bowl.svg', 1, 0, 0, '2026-04-22 14:25:48', '2026-04-22 14:25:48'),
(1415, 15, 219, 'Морепродукты', 'Морепродукты из категории \"Горячее\" ресторана Dolce Far Niente.', 780.00, '437 г', '/uploads/menu/chicken-bowl.svg', 1, 0, 0, '2026-04-22 14:25:48', '2026-04-22 14:25:48'),
(1416, 15, 219, 'Мясные блюда', 'Мясные блюда из категории \"Горячее\" ресторана Dolce Far Niente.', 930.00, '228 г', '/uploads/menu/chicken-bowl.svg', 1, 0, 0, '2026-04-22 14:25:48', '2026-04-22 14:25:48'),
(1417, 15, 220, 'Панна котта', 'Панна котта из категории \"Десерты\" ресторана Dolce Far Niente.', 240.00, '215 г', '/uploads/menu/chia-mango.svg', 1, 0, 0, '2026-04-22 14:25:48', '2026-04-22 14:25:48'),
(1418, 15, 220, 'Павлова', 'Павлова из категории \"Десерты\" ресторана Dolce Far Niente.', 180.00, '98 г', '/uploads/menu/chia-mango.svg', 1, 0, 1, '2026-04-22 14:25:48', '2026-04-22 14:25:48'),
(1419, 15, 220, 'Чизкейк', 'Чизкейк из категории \"Десерты\" ресторана Dolce Far Niente.', 210.00, '152 г', '/uploads/menu/chia-mango.svg', 1, 1, 1, '2026-04-22 14:25:48', '2026-04-22 14:25:48'),
(1420, 15, 220, 'Тирамису', 'Тирамису из категории \"Десерты\" ресторана Dolce Far Niente.', 530.00, '208 г', '/uploads/menu/chia-mango.svg', 1, 0, 0, '2026-04-22 14:25:48', '2026-04-22 14:25:48'),
(1421, 15, 220, 'Шоколадный десерт', 'Шоколадный десерт из категории \"Десерты\" ресторана Dolce Far Niente.', 330.00, '148 г', '/uploads/menu/chia-mango.svg', 1, 0, 1, '2026-04-22 14:25:48', '2026-04-22 14:25:48'),
(1422, 15, 220, 'Итальянские десерты', 'Итальянские десерты из категории \"Десерты\" ресторана Dolce Far Niente.', 230.00, '142 г', '/uploads/menu/chia-mango.svg', 1, 0, 0, '2026-04-22 14:25:48', '2026-04-22 14:25:48'),
(1423, 10, 176, 'Прага', 'Шоколадный торт, состоит из трёх бисквитных коржей с двумя слоями крема «Пражский».', 539.00, '310', '/uploads/menu/placeholder.svg', 1, 0, 1, '2026-04-28 08:38:47', '2026-04-28 08:39:39');

-- --------------------------------------------------------

--
-- Структура таблицы `newsletter_subscribers`
--

CREATE TABLE `newsletter_subscribers` (
  `id` bigint(20) UNSIGNED NOT NULL,
  `email` varchar(190) NOT NULL,
  `status` enum('active','unsubscribed') NOT NULL DEFAULT 'active',
  `source` varchar(80) NOT NULL DEFAULT 'footer',
  `ip_address` varchar(64) DEFAULT NULL,
  `user_agent` varchar(255) DEFAULT NULL,
  `subscribed_at` datetime NOT NULL,
  `updated_at` datetime NOT NULL
) ENGINE=InnoDB DEFAULT CHARSET=utf8mb4 COLLATE=utf8mb4_unicode_ci;

--
-- Дамп данных таблицы `newsletter_subscribers`
--

INSERT INTO `newsletter_subscribers` (`id`, `email`, `status`, `source`, `ip_address`, `user_agent`, `subscribed_at`, `updated_at`) VALUES
(1, 'egorandr79@gmail.com', 'active', 'footer', '127.0.0.1', 'Mozilla/5.0 (Windows NT 10.0; Win64; x64) AppleWebKit/537.36 (KHTML, like Gecko) Chrome/147.0.0.0 Safari/537.36', '2026-04-25 10:16:51', '2026-04-25 11:57:12'),
(2, 'max@example.com', 'active', 'footer', '127.0.0.1', 'Mozilla/5.0 (Windows NT 10.0; Win64; x64) AppleWebKit/537.36 (KHTML, like Gecko) Chrome/147.0.0.0 Safari/537.36', '2026-04-25 10:24:27', '2026-04-25 10:24:27'),
(3, 'jsfuypig@firstmailler.net', 'active', 'footer', '::1', 'Mozilla/5.0 (Windows NT 10.0; Win64; x64) AppleWebKit/537.36 (KHTML, like Gecko) Chrome/147.0.0.0 Safari/537.36', '2026-04-25 11:56:18', '2026-04-25 12:23:23');

-- --------------------------------------------------------

--
-- Структура таблицы `orders`
--

CREATE TABLE `orders` (
  `id` bigint(20) UNSIGNED NOT NULL,
  `user_id` bigint(20) UNSIGNED NOT NULL,
  `restaurant_id` bigint(20) UNSIGNED NOT NULL,
  `status` enum('new','confirmed','preparing','on_the_way','delivered','cancelled') NOT NULL DEFAULT 'new',
  `customer_name` varchar(120) NOT NULL,
  `customer_email` varchar(190) NOT NULL,
  `customer_phone` varchar(30) NOT NULL,
  `delivery_address` varchar(255) NOT NULL,
  `comment` varchar(400) DEFAULT NULL,
  `payment_method` enum('cash','card_on_delivery') NOT NULL,
  `subtotal_amount` decimal(10,2) NOT NULL,
  `delivery_fee` decimal(10,2) NOT NULL,
  `total_amount` decimal(10,2) NOT NULL,
  `created_at` datetime NOT NULL,
  `updated_at` datetime NOT NULL
) ENGINE=InnoDB DEFAULT CHARSET=utf8mb4 COLLATE=utf8mb4_unicode_ci;

--
-- Дамп данных таблицы `orders`
--

INSERT INTO `orders` (`id`, `user_id`, `restaurant_id`, `status`, `customer_name`, `customer_email`, `customer_phone`, `delivery_address`, `comment`, `payment_method`, `subtotal_amount`, `delivery_fee`, `total_amount`, `created_at`, `updated_at`) VALUES
(4, 3, 17, 'delivered', 'Максим Кузнецов', 'max@example.com', '+7 (905) 333-12-90', 'Москва, проспект Мира, 54', '', 'card_on_delivery', 880.00, 149.00, 1029.00, '2026-04-24 08:29:22', '2026-04-24 08:50:50'),
(5, 3, 11, 'delivered', 'Максим Кузнецов', 'max@example.com', '+7 (905) 333-12-90', 'Почтовая улица', '', 'cash', 1230.00, 89.00, 1319.00, '2026-04-24 08:52:51', '2026-04-24 08:56:51'),
(6, 3, 1, 'delivered', 'Максим Кузнецов', 'max@example.com', '+7 (905) 333-12-90', 'Почтовая улица', '', 'cash', 340.00, 129.00, 469.00, '2026-04-24 08:59:04', '2026-04-24 09:03:04'),
(7, 3, 16, 'delivered', 'Максим Кузнецов', 'max@example.com', '+7 (905) 333-12-90', 'Почтовая улица', '', 'cash', 3570.00, 129.00, 3699.00, '2026-04-24 09:14:21', '2026-04-24 10:09:21'),
(8, 3, 11, 'delivered', 'Максим Кузнецов', 'max@example.com', '+7 (905) 333-12-90', 'Почтовая улица', '', 'cash', 480.00, 89.00, 569.00, '2026-04-24 10:08:01', '2026-04-24 10:12:25'),
(9, 3, 11, 'confirmed', 'Максим Кузнецов', 'max@example.com', '+7 (905) 333-12-90', 'Почтовая улица', '', 'cash', 710.00, 89.00, 799.00, '2026-04-24 11:24:07', '2026-04-24 11:25:09');

-- --------------------------------------------------------

--
-- Структура таблицы `order_items`
--

CREATE TABLE `order_items` (
  `id` bigint(20) UNSIGNED NOT NULL,
  `order_id` bigint(20) UNSIGNED NOT NULL,
  `menu_item_id` bigint(20) UNSIGNED DEFAULT NULL,
  `item_name` varchar(170) NOT NULL,
  `item_price` decimal(10,2) NOT NULL,
  `quantity` int(10) UNSIGNED NOT NULL,
  `line_total` decimal(10,2) NOT NULL
) ENGINE=InnoDB DEFAULT CHARSET=utf8mb4 COLLATE=utf8mb4_unicode_ci;

--
-- Дамп данных таблицы `order_items`
--

INSERT INTO `order_items` (`id`, `order_id`, `menu_item_id`, `item_name`, `item_price`, `quantity`, `line_total`) VALUES
(7, 4, 1231, 'Яйца Бенедикт', 300.00, 1, 300.00),
(8, 4, 1234, 'Сырники', 350.00, 1, 350.00),
(9, 4, 1264, 'Чай', 230.00, 1, 230.00),
(10, 5, 1163, 'Чизкейк', 540.00, 1, 540.00),
(11, 5, 1164, 'Сочник', 480.00, 1, 480.00),
(12, 5, 1162, 'Эклер', 210.00, 1, 210.00),
(13, 6, 817, 'Биг Спешиал', 340.00, 1, 340.00),
(14, 7, 1210, 'Салат с сыром', 320.00, 1, 320.00),
(15, 7, 1207, 'Гравлакс', 310.00, 1, 310.00),
(16, 7, 1212, 'Рыбные закуски', 380.00, 1, 380.00),
(17, 7, 1208, 'Тартар', 240.00, 1, 240.00),
(18, 7, 1209, 'Овощной салат', 240.00, 1, 240.00),
(19, 7, 1211, 'Салат с зеленью', 450.00, 1, 450.00),
(20, 7, 1218, 'Суп дня', 440.00, 1, 440.00),
(21, 7, 1217, 'Овощной суп', 260.00, 1, 260.00),
(22, 7, 1216, 'Грибной суп', 450.00, 1, 450.00),
(23, 7, 1214, 'Рыбный суп', 480.00, 1, 480.00),
(24, 8, 1164, 'Сочник', 480.00, 1, 480.00),
(25, 9, 1179, 'С говядиной', 710.00, 1, 710.00);

-- --------------------------------------------------------

--
-- Структура таблицы `password_reset_tokens`
--

CREATE TABLE `password_reset_tokens` (
  `id` bigint(20) UNSIGNED NOT NULL,
  `user_id` bigint(20) UNSIGNED NOT NULL,
  `token` varchar(128) NOT NULL,
  `expires_at` datetime NOT NULL,
  `used_at` datetime DEFAULT NULL,
  `created_at` datetime NOT NULL
) ENGINE=InnoDB DEFAULT CHARSET=utf8mb4 COLLATE=utf8mb4_unicode_ci;

--
-- Дамп данных таблицы `password_reset_tokens`
--

INSERT INTO `password_reset_tokens` (`id`, `user_id`, `token`, `expires_at`, `used_at`, `created_at`) VALUES
(1, 3, '433e96fb0b0c2f26484d267058f67e99db79a0ff33d18c5840040406ee9e01a0', '2026-04-25 14:13:29', NULL, '2026-04-25 13:13:29'),
(2, 4, '5048a161fcafc9168c6a07ddf70f479dcddf1868dbc56eda826f1f0d34a03eb5', '2026-04-25 14:24:07', NULL, '2026-04-25 13:24:07'),
(3, 4, 'fbebf370bd0f42f1c10d440ffc0544e09e589b510a0e6976e2161331f18aa318', '2026-04-25 14:29:58', '2026-04-25 13:30:20', '2026-04-25 13:29:58'),
(4, 4, '0161d9daf556c1a6acbc030d78e89c73995db6f54f03babe26a0fb250b0eefca', '2026-04-26 09:37:21', '2026-04-26 08:37:54', '2026-04-26 08:37:21');

-- --------------------------------------------------------

--
-- Структура таблицы `rate_limits`
--

CREATE TABLE `rate_limits` (
  `id` bigint(20) UNSIGNED NOT NULL,
  `limiter_key` char(64) NOT NULL,
  `action_name` varchar(80) NOT NULL,
  `attempts` int(10) UNSIGNED NOT NULL DEFAULT 1,
  `expires_at` datetime NOT NULL,
  `created_at` datetime NOT NULL,
  `updated_at` datetime NOT NULL
) ENGINE=InnoDB DEFAULT CHARSET=utf8mb4 COLLATE=utf8mb4_unicode_ci;

--
-- Дамп данных таблицы `rate_limits`
--

INSERT INTO `rate_limits` (`id`, `limiter_key`, `action_name`, `attempts`, `expires_at`, `created_at`, `updated_at`) VALUES
(3, 'bed3dccf1a963c226c9d06d2a136f90f870ac044971e31efc4a9f356ea7892d9', 'login', 4, '2026-04-28 08:50:59', '2026-04-22 14:32:42', '2026-04-28 08:44:13'),
(4, 'c765158b157702214b776c9f9d158040dbd12a7fd6148bed753b966e5632673a', 'login', 5, '2026-04-28 08:51:23', '2026-04-23 08:53:47', '2026-04-28 08:43:26'),
(5, '6ea0ee854ee9e8c52828961eb64c1d22e36f901781c8ab9d375a487dff6a04ef', 'newsletter_subscribe', 1, '2026-04-25 12:46:01', '2026-04-25 10:16:51', '2026-04-25 12:36:01'),
(6, '972be7e00dfff9d4ecc50b32825c2b18c9794fddce72af6ba97bca10a1a32d05', 'login', 1, '2026-04-29 15:24:17', '2026-04-25 10:24:21', '2026-04-29 15:14:17'),
(7, '0dd99ed521c377af82f934a56f877bbf9d5373cbf840c5045d6a8fd8d179e32c', 'newsletter_subscribe', 1, '2026-04-25 10:34:27', '2026-04-25 10:24:27', '2026-04-25 10:24:27'),
(8, 'a34a78ae54adab9d5642de36fb05f661d5c91e153aace89411c92ee8209c7d30', 'newsletter_subscribe', 1, '2026-04-25 12:33:23', '2026-04-25 11:56:18', '2026-04-25 12:23:23'),
(9, '39faefb595d9317a029f3f0414cc6ee9bdc8effc85d8fe7233fe5b696a4f1b69', 'forgot_password', 1, '2026-04-25 13:43:29', '2026-04-25 13:13:29', '2026-04-25 13:13:29'),
(10, 'bc72b9d40d196ab801988b0ff199144920156c714a4a6ccc5cacad4e056d3ada', 'register', 4, '2026-04-25 14:22:36', '2026-04-25 13:22:36', '2026-04-25 13:23:01'),
(11, '152fc3b55331bfefd0902f9bc32f1fccc40297115e51f81bea8c9ab894fadede', 'verify_resend', 1, '2026-04-25 13:33:17', '2026-04-25 13:23:17', '2026-04-25 13:23:17'),
(12, 'acd52286831efaefe588242a6c85cbccd350ea85fd4765a5bb1992646b6df656', 'forgot_password', 1, '2026-04-26 09:07:21', '2026-04-25 13:24:07', '2026-04-26 08:37:21'),
(13, '566131b1f786f291a0254bb085f122ea3bc40d3114be791c5c6abddf8c55c0e5', 'forgot_password', 1, '2026-04-25 13:59:58', '2026-04-25 13:29:58', '2026-04-25 13:29:58'),
(14, 'fcab99a0998b4aa470d9d9e9d847579cef8a03c7cb6140f0e7a291a50b6e827d', 'login', 1, '2026-04-25 13:40:27', '2026-04-25 13:30:27', '2026-04-25 13:30:27'),
(15, '38c45fcc5b7f39373b3753c774fc3e6cb00e6d7abb6f39997a9ef162c20d6ab8', 'login', 4, '2026-04-28 08:50:21', '2026-04-26 08:31:53', '2026-04-28 08:40:48'),
(16, 'a5930874b249a9ecab966b559fcf972411b0011decfb32ded311577c588ec6e9', 'login', 1, '2026-04-29 16:33:07', '2026-04-26 10:49:16', '2026-04-29 16:23:07');

-- --------------------------------------------------------

--
-- Структура таблицы `restaurants`
--

CREATE TABLE `restaurants` (
  `id` bigint(20) UNSIGNED NOT NULL,
  `name` varchar(180) NOT NULL,
  `short_description` varchar(400) DEFAULT NULL,
  `logo_image` varchar(255) DEFAULT NULL,
  `banner_image` varchar(255) DEFAULT NULL,
  `address` varchar(255) DEFAULT NULL,
  `phone` varchar(30) DEFAULT NULL,
  `working_hours` varchar(120) DEFAULT NULL,
  `rating` decimal(3,2) NOT NULL DEFAULT 0.00,
  `delivery_fee` decimal(10,2) NOT NULL DEFAULT 0.00,
  `min_order_amount` decimal(10,2) NOT NULL DEFAULT 0.00,
  `delivery_time_min` smallint(5) UNSIGNED NOT NULL DEFAULT 30,
  `delivery_time_max` smallint(5) UNSIGNED NOT NULL DEFAULT 60,
  `is_active` tinyint(1) NOT NULL DEFAULT 1,
  `created_at` datetime NOT NULL,
  `updated_at` datetime NOT NULL
) ENGINE=InnoDB DEFAULT CHARSET=utf8mb4 COLLATE=utf8mb4_unicode_ci;

--
-- Дамп данных таблицы `restaurants`
--

INSERT INTO `restaurants` (`id`, `name`, `short_description`, `logo_image`, `banner_image`, `address`, `phone`, `working_hours`, `rating`, `delivery_fee`, `min_order_amount`, `delivery_time_min`, `delivery_time_max`, `is_active`, `created_at`, `updated_at`) VALUES
(1, 'Вкусно и Точка', 'Популярные бургеры, роллы и комбо-наборы.', '/assets/img/brands/burgers/vkusno_i_tochka.svg', '/assets/img/brands/burgers/vkusno_i_tochka.svg', 'Москва, Тверская улица, 7', '+7 (495) 101-00-01', '09:00 - 23:00', 4.70, 129.00, 600.00, 25, 40, 1, '2026-04-21 20:06:30', '2026-04-21 20:06:30'),
(2, 'Burger King', 'Фирменные бургеры на огне и большие наборы.', '/assets/img/brands/burgers/burger_king.svg', '/assets/img/brands/burgers/burger_king.svg', 'Москва, Новый Арбат, 19', '+7 (495) 101-00-02', '10:00 - 23:30', 4.60, 149.00, 700.00, 30, 45, 1, '2026-04-21 20:06:30', '2026-04-21 20:06:30'),
(3, 'Rostic\'s', 'Хрустящая курица, бургеры и классические снеки.', '/assets/img/brands/burgers/rostics.png', '/assets/img/brands/burgers/rostics.png', 'Москва, Проспект Мира, 41', '+7 (495) 101-00-03', '09:00 - 00:00', 4.50, 119.00, 550.00, 25, 40, 1, '2026-04-21 20:06:30', '2026-04-21 20:06:30'),
(4, 'Tanuki', 'Роллы, сеты и блюда японской кухни.', '/assets/img/brands/sushi/tanuki.png', '/assets/img/brands/sushi/tanuki.png', 'Москва, Большая Никитская, 21', '+7 (495) 101-00-04', '11:00 - 23:30', 4.80, 199.00, 1000.00, 40, 60, 1, '2026-04-21 20:06:30', '2026-04-21 20:06:30'),
(5, 'Pinskiy GO', 'Современная паназиатская кухня и роллы.', '/assets/img/brands/sushi/pinskiy_go.png', '/assets/img/brands/sushi/pinskiy_go.png', 'Москва, Кутузовский проспект, 12', '+7 (495) 101-00-05', '11:00 - 23:00', 4.70, 229.00, 1200.00, 40, 65, 1, '2026-04-21 20:06:30', '2026-04-21 20:06:30'),
(6, 'Якитория', 'Роллы, гунканы и теплые японские блюда.', '/assets/img/brands/sushi/yakitoriya.png', '/assets/img/brands/sushi/yakitoriya.png', 'Москва, Ленинский проспект, 32', '+7 (495) 101-00-06', '10:30 - 23:30', 4.60, 189.00, 950.00, 35, 55, 1, '2026-04-21 20:06:30', '2026-04-21 20:06:30'),
(7, 'Dodo Pizza', 'Большой выбор пиццы, закусок и комбо.', '/assets/img/brands/pizza/dodo_pizza.png', '/assets/img/brands/pizza/dodo_pizza.png', 'Москва, Профсоюзная улица, 15', '+7 (495) 101-00-07', '09:00 - 23:30', 4.80, 99.00, 650.00, 25, 40, 1, '2026-04-21 20:06:30', '2026-04-21 20:06:30'),
(8, 'Pizza City', 'Классическая и авторская пицца на тонком тесте.', '/assets/img/brands/pizza/pizza_city.png', '/assets/img/brands/pizza/pizza_city.png', 'Москва, Варшавское шоссе, 74', '+7 (495) 101-00-08', '10:00 - 23:00', 4.40, 139.00, 700.00, 30, 50, 1, '2026-04-21 20:06:30', '2026-04-21 20:06:30'),
(9, 'Domino Pizza', 'Много сыра, фирменное тесто и быстрые комбо.', '/assets/img/brands/pizza/domino_pizza.svg', '/assets/img/brands/pizza/domino_pizza.svg', 'Москва, Шаболовка, 23', '+7 (495) 101-00-09', '10:00 - 23:30', 4.50, 149.00, 750.00, 30, 50, 1, '2026-04-21 20:06:30', '2026-04-21 20:06:30'),
(10, 'One Love', 'Десерты, торты и сладкие наборы на каждый день.', '/assets/img/brands/dessert/one_love.png', '/assets/img/brands/dessert/one_love.png', 'Москва, Цветной бульвар, 18', '+7 (495) 101-00-10', '09:00 - 22:00', 4.90, 99.00, 500.00, 20, 35, 1, '2026-04-21 20:06:30', '2026-04-21 20:06:30'),
(11, '11/47 Bakery', 'Ремесленная выпечка и сезонные десерты.', '/assets/img/brands/dessert/bakery_1147.webp', '/assets/img/brands/dessert/bakery_1147.webp', 'Москва, Покровка, 11', '+7 (495) 101-00-11', '08:00 - 21:00', 4.80, 89.00, 450.00, 20, 35, 1, '2026-04-21 20:06:30', '2026-04-21 20:06:30'),
(12, 'Special Napoleon', 'Фирменные торты и десерты ручной работы.', '/assets/img/brands/dessert/special_napoleon.png', '/assets/img/brands/dessert/special_napoleon.png', 'Москва, Мясницкая улица, 37', '+7 (495) 101-00-12', '09:00 - 22:00', 4.70, 99.00, 500.00, 25, 40, 1, '2026-04-21 20:06:30', '2026-04-21 20:06:30'),
(13, 'Osteria Amici', 'Итальянская кухня: паста, пицца, антипасти.', '/assets/img/brands/italian/osteria_amici.webp', '/assets/img/brands/italian/osteria_amici.webp', 'Москва, Пятницкая улица, 26', '+7 (495) 101-00-13', '11:00 - 23:00', 4.80, 179.00, 1000.00, 35, 55, 1, '2026-04-21 20:06:30', '2026-04-21 20:06:30'),
(14, 'Fattoria Marian', 'Домашняя итальянская кухня и сытные блюда.', '/assets/img/brands/italian/fattoria_marian.png', '/assets/img/brands/italian/fattoria_marian.png', 'Москва, Маросейка, 6', '+7 (495) 101-00-14', '11:00 - 23:00', 4.70, 189.00, 1100.00, 35, 60, 1, '2026-04-21 20:06:30', '2026-04-21 20:06:30'),
(15, 'Dolce Far Niente', 'Паста, ризотто и авторские итальянские рецепты.', '/assets/img/brands/italian/dolce_far_niente.png', '/assets/img/brands/italian/dolce_far_niente.png', 'Москва, Пречистенка, 40', '+7 (495) 101-00-15', '11:30 - 23:30', 4.70, 199.00, 1200.00, 40, 60, 1, '2026-04-21 20:06:30', '2026-04-21 20:06:30'),
(16, 'Культура Встречи', 'Современная русская кухня и comfort food.', '/assets/img/brands/russian/kultura_vstrechi.svg', '/assets/img/brands/russian/kultura_vstrechi.svg', 'Москва, Большая Дмитровка, 9', '+7 (495) 101-00-16', '09:00 - 23:00', 4.60, 129.00, 700.00, 30, 50, 1, '2026-04-21 20:06:30', '2026-04-21 20:06:30'),
(17, 'Кофемания', 'Завтраки весь день, горячие блюда и кофе.', '/assets/img/brands/russian/kofemania.svg', '/assets/img/brands/russian/kofemania.svg', 'Москва, Садовая-Самотечная, 20', '+7 (495) 101-00-17', '08:00 - 23:00', 4.90, 149.00, 800.00, 25, 45, 1, '2026-04-21 20:06:30', '2026-04-21 20:06:30'),
(18, 'Теремок', 'Блины, супы и блюда русской домашней кухни.', '/assets/img/brands/russian/teremok.png', '/assets/img/brands/russian/teremok.png', 'Москва, Комсомольский проспект, 28', '+7 (495) 101-00-18', '09:00 - 22:30', 4.50, 99.00, 500.00, 20, 40, 1, '2026-04-21 20:06:30', '2026-04-21 20:06:30'),
(19, 'Белуга', 'роскошный ресторан современной российской кухни в отеле «Националь» (Москва), обладатель звезды Michelin. Известен икорным баром (более 16 сортов), деликатесами, видом на Кремль и премиальным дизайном.', '/uploads/restaurants/placeholder.svg', '/uploads/restaurants/placeholder.svg', 'ул. Моховая, 15/1, стр. 1', '+7 (495) 901-03-36', '12:00 - 1:00', 4.90, 500.00, 3000.00, 30, 60, 0, '2026-04-28 08:32:55', '2026-04-28 08:33:23');

-- --------------------------------------------------------

--
-- Структура таблицы `restaurant_categories`
--

CREATE TABLE `restaurant_categories` (
  `id` bigint(20) UNSIGNED NOT NULL,
  `name` varchar(120) NOT NULL,
  `slug` varchar(140) NOT NULL,
  `is_active` tinyint(1) NOT NULL DEFAULT 1
) ENGINE=InnoDB DEFAULT CHARSET=utf8mb4 COLLATE=utf8mb4_unicode_ci;

--
-- Дамп данных таблицы `restaurant_categories`
--

INSERT INTO `restaurant_categories` (`id`, `name`, `slug`, `is_active`) VALUES
(1, 'Бургеры', 'burgers', 1),
(2, 'Суши', 'sushi', 1),
(3, 'Пицца', 'pizza', 1),
(4, 'Десерты', 'desserts', 1),
(5, 'Итальянская кухня', 'italian', 1),
(6, 'Русская кухня', 'russian', 1),
(7, 'Кавказская кухня', 'georgia', 0);

-- --------------------------------------------------------

--
-- Структура таблицы `restaurant_category_links`
--

CREATE TABLE `restaurant_category_links` (
  `id` bigint(20) UNSIGNED NOT NULL,
  `restaurant_id` bigint(20) UNSIGNED NOT NULL,
  `category_id` bigint(20) UNSIGNED NOT NULL
) ENGINE=InnoDB DEFAULT CHARSET=utf8mb4 COLLATE=utf8mb4_unicode_ci;

--
-- Дамп данных таблицы `restaurant_category_links`
--

INSERT INTO `restaurant_category_links` (`id`, `restaurant_id`, `category_id`) VALUES
(25, 1, 1),
(26, 2, 1),
(27, 3, 1),
(28, 4, 2),
(29, 5, 2),
(30, 6, 2),
(31, 7, 3),
(32, 8, 3),
(33, 9, 3),
(34, 10, 4),
(35, 11, 4),
(36, 12, 4),
(37, 13, 5),
(38, 14, 5),
(39, 15, 5),
(40, 16, 6),
(41, 17, 6),
(42, 18, 6),
(44, 19, 6);

-- --------------------------------------------------------

--
-- Структура таблицы `reviews`
--

CREATE TABLE `reviews` (
  `id` bigint(20) UNSIGNED NOT NULL,
  `user_id` bigint(20) UNSIGNED NOT NULL,
  `restaurant_id` bigint(20) UNSIGNED NOT NULL,
  `rating` tinyint(3) UNSIGNED NOT NULL,
  `comment` text NOT NULL,
  `is_approved` tinyint(1) NOT NULL DEFAULT 0,
  `created_at` datetime NOT NULL,
  `updated_at` datetime NOT NULL
) ;

--
-- Дамп данных таблицы `reviews`
--

INSERT INTO `reviews` (`id`, `user_id`, `restaurant_id`, `rating`, `comment`, `is_approved`, `created_at`, `updated_at`) VALUES
(11, 2, 7, 5, 'Очень быстрая доставка и горячая пицца.', 1, '2026-04-21 20:06:31', '2026-04-21 20:06:31'),
(12, 3, 4, 5, 'Роллы свежие, привезли аккуратно.', 1, '2026-04-21 20:06:31', '2026-04-21 20:06:31'),
(13, 2, 1, 4, 'Хорошее комбо, удобный заказ через сайт.', 1, '2026-04-21 20:06:31', '2026-04-21 20:06:31'),
(14, 3, 13, 5, 'Отличная паста и приятная упаковка.', 1, '2026-04-21 20:06:31', '2026-04-21 20:06:31'),
(15, 2, 10, 5, 'Десерты отличные, особенно чизкейк.', 1, '2026-04-21 20:06:31', '2026-04-21 20:06:31'),
(16, 3, 18, 4, 'Блины вкусные, доставка вовремя.', 1, '2026-04-21 20:06:31', '2026-04-21 20:06:31');

-- --------------------------------------------------------

--
-- Структура таблицы `security_events`
--

CREATE TABLE `security_events` (
  `id` bigint(20) UNSIGNED NOT NULL,
  `action_name` varchar(80) NOT NULL,
  `event_type` varchar(80) NOT NULL,
  `ip_address` varchar(64) DEFAULT NULL,
  `user_agent` varchar(255) DEFAULT NULL,
  `metadata_json` longtext CHARACTER SET utf8mb4 COLLATE utf8mb4_bin DEFAULT NULL CHECK (json_valid(`metadata_json`)),
  `created_at` datetime NOT NULL
) ENGINE=InnoDB DEFAULT CHARSET=utf8mb4 COLLATE=utf8mb4_unicode_ci;

--
-- Дамп данных таблицы `security_events`
--

INSERT INTO `security_events` (`id`, `action_name`, `event_type`, `ip_address`, `user_agent`, `metadata_json`, `created_at`) VALUES
(1, 'login', 'failed', '::1', 'Mozilla/5.0 (Windows NT 10.0; Win64; x64) AppleWebKit/537.36 (KHTML, like Gecko) Chrome/147.0.0.0 Safari/537.36', '{\"email\":\"max@example.com\"}', '2026-04-24 08:26:18'),
(2, 'login', 'failed', '::1', 'Mozilla/5.0 (Windows NT 10.0; Win64; x64) AppleWebKit/537.36 (KHTML, like Gecko) Chrome/147.0.0.0 Safari/537.36', '{\"email\":\"max@example.com\"}', '2026-04-24 08:26:30'),
(3, 'login', 'failed', '::1', 'Mozilla/5.0 (Windows NT 10.0; Win64; x64) AppleWebKit/537.36 (KHTML, like Gecko) Chrome/147.0.0.0 Safari/537.36', '{\"email\":\"it@gmail.com\"}', '2026-04-26 08:31:53'),
(4, 'login', 'failed', '::1', 'Mozilla/5.0 (Windows NT 10.0; Win64; x64) AppleWebKit/537.36 (KHTML, like Gecko) Chrome/147.0.0.0 Safari/537.36', '{\"email\":\"admin@foodhub.local\"}', '2026-04-28 08:29:58'),
(5, 'login', 'failed', '::1', 'Mozilla/5.0 (Windows NT 10.0; Win64; x64) AppleWebKit/537.36 (KHTML, like Gecko) Chrome/147.0.0.0 Safari/537.36', '{\"email\":\"admin@foodhub.local\"}', '2026-04-28 08:30:06'),
(6, 'login', 'failed', '::1', 'Mozilla/5.0 (Windows NT 10.0; Win64; x64) AppleWebKit/537.36 (KHTML, like Gecko) Chrome/147.0.0.0 Safari/537.36', '{\"email\":\"it@gmail.com\"}', '2026-04-28 08:40:21'),
(7, 'login', 'failed', '::1', 'Mozilla/5.0 (Windows NT 10.0; Win64; x64) AppleWebKit/537.36 (KHTML, like Gecko) Chrome/147.0.0.0 Safari/537.36', '{\"email\":\"it@gmail.com\"}', '2026-04-28 08:40:34'),
(8, 'login', 'failed', '::1', 'Mozilla/5.0 (Windows NT 10.0; Win64; x64) AppleWebKit/537.36 (KHTML, like Gecko) Chrome/147.0.0.0 Safari/537.36', '{\"email\":\"it@gmail.com\"}', '2026-04-28 08:40:45'),
(9, 'login', 'failed', '::1', 'Mozilla/5.0 (Windows NT 10.0; Win64; x64) AppleWebKit/537.36 (KHTML, like Gecko) Chrome/147.0.0.0 Safari/537.36', '{\"email\":\"it@gmail.com\"}', '2026-04-28 08:40:48'),
(10, 'login', 'failed', '::1', 'Mozilla/5.0 (Windows NT 10.0; Win64; x64) AppleWebKit/537.36 (KHTML, like Gecko) Chrome/147.0.0.0 Safari/537.36', '{\"email\":\"max@example.com\"}', '2026-04-28 08:42:59'),
(11, 'login', 'failed', '::1', 'Mozilla/5.0 (Windows NT 10.0; Win64; x64) AppleWebKit/537.36 (KHTML, like Gecko) Chrome/147.0.0.0 Safari/537.36', '{\"email\":\"max@example.com\"}', '2026-04-28 08:43:04'),
(12, 'login', 'failed', '::1', 'Mozilla/5.0 (Windows NT 10.0; Win64; x64) AppleWebKit/537.36 (KHTML, like Gecko) Chrome/147.0.0.0 Safari/537.36', '{\"email\":\"max@example.com\"}', '2026-04-28 08:43:21'),
(13, 'login', 'failed', '::1', 'Mozilla/5.0 (Windows NT 10.0; Win64; x64) AppleWebKit/537.36 (KHTML, like Gecko) Chrome/147.0.0.0 Safari/537.36', '{\"email\":\"max@example.com\"}', '2026-04-28 08:43:26'),
(14, 'login', 'rate_limit_blocked', '::1', 'Mozilla/5.0 (Windows NT 10.0; Win64; x64) AppleWebKit/537.36 (KHTML, like Gecko) Chrome/147.0.0.0 Safari/537.36', '{\"identifier\":\"max@example.com|::1\",\"ip\":\"::1\"}', '2026-04-28 08:43:48'),
(15, 'login', 'rate_limit_blocked', '::1', 'Mozilla/5.0 (Windows NT 10.0; Win64; x64) AppleWebKit/537.36 (KHTML, like Gecko) Chrome/147.0.0.0 Safari/537.36', '{\"identifier\":\"max@example.com|::1\",\"ip\":\"::1\"}', '2026-04-28 08:44:04');

-- --------------------------------------------------------

--
-- Структура таблицы `users`
--

CREATE TABLE `users` (
  `id` bigint(20) UNSIGNED NOT NULL,
  `name` varchar(120) NOT NULL,
  `email` varchar(190) NOT NULL,
  `phone` varchar(30) DEFAULT NULL,
  `password_hash` varchar(255) NOT NULL,
  `role` enum('guest','user','admin') NOT NULL DEFAULT 'user',
  `email_verified_at` datetime DEFAULT NULL,
  `is_active` tinyint(1) NOT NULL DEFAULT 1,
  `created_at` datetime NOT NULL,
  `updated_at` datetime NOT NULL
) ENGINE=InnoDB DEFAULT CHARSET=utf8mb4 COLLATE=utf8mb4_unicode_ci;

--
-- Дамп данных таблицы `users`
--

INSERT INTO `users` (`id`, `name`, `email`, `phone`, `password_hash`, `role`, `email_verified_at`, `is_active`, `created_at`, `updated_at`) VALUES
(1, 'Admin Mealgo', 'admin@foodhub.local', '+7 (999) 111-22-33', '$2y$10$xfPs7X5Mk/C9pHh3n1XOGemEIaoEyaAwUTLO6ha8bmZns0KAtb0cS', 'admin', '2026-04-21 20:06:30', 1, '2026-04-21 20:06:30', '2026-04-28 08:42:45'),
(2, 'Ирина Смирнова', 'irina@example.com', '+7 (901) 222-45-67', '$2y$10$v9JNFUPargIeoksDqJb8oOBJFfsYotYxPIxdiKutssBDAPDTHNT8m', 'user', '2026-04-21 20:06:30', 1, '2026-04-21 20:06:30', '2026-04-21 20:06:30'),
(3, 'Максим Кузнецов', 'max@example.com', '+7 (905) 333-12-90', '$2y$10$v9JNFUPargIeoksDqJb8oOBJFfsYotYxPIxdiKutssBDAPDTHNT8m', 'user', '2026-04-21 20:06:30', 1, '2026-04-21 20:06:30', '2026-04-28 08:43:38'),
(4, 'Test', 'it@gmail.com', '+7 (555) 555-55-55', '$2y$10$/zZr0Xu8pzOLXvo3BOR/j.EOn6E69Qn2jjz3tvA0f2gBOgWvGZJCS', 'user', '2026-04-25 13:23:29', 1, '2026-04-25 13:23:01', '2026-04-28 08:42:13');

-- --------------------------------------------------------

--
-- Структура таблицы `user_addresses`
--

CREATE TABLE `user_addresses` (
  `id` bigint(20) UNSIGNED NOT NULL,
  `user_id` bigint(20) UNSIGNED NOT NULL,
  `title` varchar(70) NOT NULL,
  `address_line` varchar(255) NOT NULL,
  `entrance` varchar(20) DEFAULT NULL,
  `floor` varchar(20) DEFAULT NULL,
  `apartment` varchar(20) DEFAULT NULL,
  `intercom_code` varchar(30) DEFAULT NULL,
  `comment` varchar(255) DEFAULT NULL,
  `created_at` datetime NOT NULL,
  `updated_at` datetime NOT NULL
) ENGINE=InnoDB DEFAULT CHARSET=utf8mb4 COLLATE=utf8mb4_unicode_ci;

--
-- Дамп данных таблицы `user_addresses`
--

INSERT INTO `user_addresses` (`id`, `user_id`, `title`, `address_line`, `entrance`, `floor`, `apartment`, `intercom_code`, `comment`, `created_at`, `updated_at`) VALUES
(5, 2, 'Дом', 'Москва, улица Пушкинская, дом 10, кв 15', '2', '5', '15', '45K', 'Позвонить за 5 минут', '2026-04-21 20:06:31', '2026-04-21 20:06:31'),
(6, 3, 'Офис', 'Москва, проспект Мира, 54', '1', '3', '12', '', 'Охрана пропускает по звонку', '2026-04-21 20:06:31', '2026-04-24 13:53:18');

--
-- Индексы сохранённых таблиц
--

--
-- Индексы таблицы `admin_logs`
--
ALTER TABLE `admin_logs`
  ADD PRIMARY KEY (`id`),
  ADD KEY `idx_admin_logs_admin` (`admin_id`),
  ADD KEY `idx_admin_logs_entity` (`entity_type`,`entity_id`);

--
-- Индексы таблицы `carts`
--
ALTER TABLE `carts`
  ADD PRIMARY KEY (`id`),
  ADD UNIQUE KEY `uq_user_restaurant_active` (`user_id`,`restaurant_id`,`active_marker`),
  ADD KEY `idx_carts_user` (`user_id`),
  ADD KEY `idx_carts_status` (`status`),
  ADD KEY `fk_carts_restaurant` (`restaurant_id`);

--
-- Индексы таблицы `cart_items`
--
ALTER TABLE `cart_items`
  ADD PRIMARY KEY (`id`),
  ADD UNIQUE KEY `uq_cart_menu_item` (`cart_id`,`menu_item_id`),
  ADD KEY `idx_cart_items_cart` (`cart_id`),
  ADD KEY `fk_cart_items_menu_item` (`menu_item_id`);

--
-- Индексы таблицы `email_verification_codes`
--
ALTER TABLE `email_verification_codes`
  ADD PRIMARY KEY (`id`),
  ADD KEY `idx_email_codes_user` (`user_id`),
  ADD KEY `idx_email_codes_email` (`email`),
  ADD KEY `idx_email_codes_expires` (`expires_at`);

--
-- Индексы таблицы `favorites`
--
ALTER TABLE `favorites`
  ADD PRIMARY KEY (`id`),
  ADD UNIQUE KEY `uq_favorites` (`user_id`,`restaurant_id`),
  ADD KEY `fk_favorites_restaurant` (`restaurant_id`);

--
-- Индексы таблицы `menu_categories`
--
ALTER TABLE `menu_categories`
  ADD PRIMARY KEY (`id`),
  ADD KEY `idx_menu_categories_restaurant` (`restaurant_id`),
  ADD KEY `idx_menu_categories_active` (`is_active`);

--
-- Индексы таблицы `menu_items`
--
ALTER TABLE `menu_items`
  ADD PRIMARY KEY (`id`),
  ADD KEY `idx_menu_items_restaurant` (`restaurant_id`),
  ADD KEY `idx_menu_items_category` (`category_id`),
  ADD KEY `idx_menu_items_available` (`is_available`);

--
-- Индексы таблицы `newsletter_subscribers`
--
ALTER TABLE `newsletter_subscribers`
  ADD PRIMARY KEY (`id`),
  ADD UNIQUE KEY `uq_newsletter_email` (`email`),
  ADD KEY `idx_newsletter_status` (`status`),
  ADD KEY `idx_newsletter_created` (`subscribed_at`);

--
-- Индексы таблицы `orders`
--
ALTER TABLE `orders`
  ADD PRIMARY KEY (`id`),
  ADD KEY `idx_orders_user` (`user_id`),
  ADD KEY `idx_orders_restaurant` (`restaurant_id`),
  ADD KEY `idx_orders_status` (`status`);

--
-- Индексы таблицы `order_items`
--
ALTER TABLE `order_items`
  ADD PRIMARY KEY (`id`),
  ADD KEY `idx_order_items_order` (`order_id`),
  ADD KEY `fk_order_items_menu_item` (`menu_item_id`);

--
-- Индексы таблицы `password_reset_tokens`
--
ALTER TABLE `password_reset_tokens`
  ADD PRIMARY KEY (`id`),
  ADD UNIQUE KEY `token` (`token`),
  ADD KEY `idx_password_tokens_user` (`user_id`),
  ADD KEY `idx_password_tokens_expires` (`expires_at`);

--
-- Индексы таблицы `rate_limits`
--
ALTER TABLE `rate_limits`
  ADD PRIMARY KEY (`id`),
  ADD UNIQUE KEY `limiter_key` (`limiter_key`),
  ADD KEY `idx_rate_limits_action` (`action_name`),
  ADD KEY `idx_rate_limits_expires` (`expires_at`);

--
-- Индексы таблицы `restaurants`
--
ALTER TABLE `restaurants`
  ADD PRIMARY KEY (`id`),
  ADD KEY `idx_restaurants_active` (`is_active`),
  ADD KEY `idx_restaurants_rating` (`rating`);

--
-- Индексы таблицы `restaurant_categories`
--
ALTER TABLE `restaurant_categories`
  ADD PRIMARY KEY (`id`),
  ADD UNIQUE KEY `slug` (`slug`),
  ADD KEY `idx_restaurant_categories_active` (`is_active`);

--
-- Индексы таблицы `restaurant_category_links`
--
ALTER TABLE `restaurant_category_links`
  ADD PRIMARY KEY (`id`),
  ADD UNIQUE KEY `uq_restaurant_category` (`restaurant_id`,`category_id`),
  ADD KEY `fk_rcl_category` (`category_id`);

--
-- Индексы таблицы `reviews`
--
ALTER TABLE `reviews`
  ADD PRIMARY KEY (`id`),
  ADD KEY `idx_reviews_restaurant` (`restaurant_id`),
  ADD KEY `idx_reviews_approved` (`is_approved`),
  ADD KEY `fk_reviews_user` (`user_id`);

--
-- Индексы таблицы `security_events`
--
ALTER TABLE `security_events`
  ADD PRIMARY KEY (`id`),
  ADD KEY `idx_security_events_action` (`action_name`),
  ADD KEY `idx_security_events_created` (`created_at`);

--
-- Индексы таблицы `users`
--
ALTER TABLE `users`
  ADD PRIMARY KEY (`id`),
  ADD UNIQUE KEY `email` (`email`),
  ADD KEY `idx_users_role` (`role`),
  ADD KEY `idx_users_active` (`is_active`);

--
-- Индексы таблицы `user_addresses`
--
ALTER TABLE `user_addresses`
  ADD PRIMARY KEY (`id`),
  ADD KEY `idx_user_addresses_user` (`user_id`);

--
-- AUTO_INCREMENT для сохранённых таблиц
--

--
-- AUTO_INCREMENT для таблицы `admin_logs`
--
ALTER TABLE `admin_logs`
  MODIFY `id` bigint(20) UNSIGNED NOT NULL AUTO_INCREMENT, AUTO_INCREMENT=16;

--
-- AUTO_INCREMENT для таблицы `carts`
--
ALTER TABLE `carts`
  MODIFY `id` bigint(20) UNSIGNED NOT NULL AUTO_INCREMENT, AUTO_INCREMENT=33;

--
-- AUTO_INCREMENT для таблицы `cart_items`
--
ALTER TABLE `cart_items`
  MODIFY `id` bigint(20) UNSIGNED NOT NULL AUTO_INCREMENT, AUTO_INCREMENT=74;

--
-- AUTO_INCREMENT для таблицы `email_verification_codes`
--
ALTER TABLE `email_verification_codes`
  MODIFY `id` bigint(20) UNSIGNED NOT NULL AUTO_INCREMENT, AUTO_INCREMENT=3;

--
-- AUTO_INCREMENT для таблицы `favorites`
--
ALTER TABLE `favorites`
  MODIFY `id` bigint(20) UNSIGNED NOT NULL AUTO_INCREMENT, AUTO_INCREMENT=11;

--
-- AUTO_INCREMENT для таблицы `menu_categories`
--
ALTER TABLE `menu_categories`
  MODIFY `id` bigint(20) UNSIGNED NOT NULL AUTO_INCREMENT, AUTO_INCREMENT=221;

--
-- AUTO_INCREMENT для таблицы `menu_items`
--
ALTER TABLE `menu_items`
  MODIFY `id` bigint(20) UNSIGNED NOT NULL AUTO_INCREMENT, AUTO_INCREMENT=1424;

--
-- AUTO_INCREMENT для таблицы `newsletter_subscribers`
--
ALTER TABLE `newsletter_subscribers`
  MODIFY `id` bigint(20) UNSIGNED NOT NULL AUTO_INCREMENT, AUTO_INCREMENT=6;

--
-- AUTO_INCREMENT для таблицы `orders`
--
ALTER TABLE `orders`
  MODIFY `id` bigint(20) UNSIGNED NOT NULL AUTO_INCREMENT, AUTO_INCREMENT=10;

--
-- AUTO_INCREMENT для таблицы `order_items`
--
ALTER TABLE `order_items`
  MODIFY `id` bigint(20) UNSIGNED NOT NULL AUTO_INCREMENT, AUTO_INCREMENT=26;

--
-- AUTO_INCREMENT для таблицы `password_reset_tokens`
--
ALTER TABLE `password_reset_tokens`
  MODIFY `id` bigint(20) UNSIGNED NOT NULL AUTO_INCREMENT, AUTO_INCREMENT=5;

--
-- AUTO_INCREMENT для таблицы `rate_limits`
--
ALTER TABLE `rate_limits`
  MODIFY `id` bigint(20) UNSIGNED NOT NULL AUTO_INCREMENT, AUTO_INCREMENT=17;

--
-- AUTO_INCREMENT для таблицы `restaurants`
--
ALTER TABLE `restaurants`
  MODIFY `id` bigint(20) UNSIGNED NOT NULL AUTO_INCREMENT, AUTO_INCREMENT=20;

--
-- AUTO_INCREMENT для таблицы `restaurant_categories`
--
ALTER TABLE `restaurant_categories`
  MODIFY `id` bigint(20) UNSIGNED NOT NULL AUTO_INCREMENT, AUTO_INCREMENT=8;

--
-- AUTO_INCREMENT для таблицы `restaurant_category_links`
--
ALTER TABLE `restaurant_category_links`
  MODIFY `id` bigint(20) UNSIGNED NOT NULL AUTO_INCREMENT, AUTO_INCREMENT=45;

--
-- AUTO_INCREMENT для таблицы `reviews`
--
ALTER TABLE `reviews`
  MODIFY `id` bigint(20) UNSIGNED NOT NULL AUTO_INCREMENT;

--
-- AUTO_INCREMENT для таблицы `security_events`
--
ALTER TABLE `security_events`
  MODIFY `id` bigint(20) UNSIGNED NOT NULL AUTO_INCREMENT, AUTO_INCREMENT=16;

--
-- AUTO_INCREMENT для таблицы `users`
--
ALTER TABLE `users`
  MODIFY `id` bigint(20) UNSIGNED NOT NULL AUTO_INCREMENT, AUTO_INCREMENT=5;

--
-- AUTO_INCREMENT для таблицы `user_addresses`
--
ALTER TABLE `user_addresses`
  MODIFY `id` bigint(20) UNSIGNED NOT NULL AUTO_INCREMENT, AUTO_INCREMENT=8;

--
-- Ограничения внешнего ключа сохраненных таблиц
--

--
-- Ограничения внешнего ключа таблицы `admin_logs`
--
ALTER TABLE `admin_logs`
  ADD CONSTRAINT `fk_admin_logs_admin` FOREIGN KEY (`admin_id`) REFERENCES `users` (`id`) ON DELETE CASCADE;

--
-- Ограничения внешнего ключа таблицы `carts`
--
ALTER TABLE `carts`
  ADD CONSTRAINT `fk_carts_restaurant` FOREIGN KEY (`restaurant_id`) REFERENCES `restaurants` (`id`) ON DELETE CASCADE,
  ADD CONSTRAINT `fk_carts_user` FOREIGN KEY (`user_id`) REFERENCES `users` (`id`) ON DELETE CASCADE;

--
-- Ограничения внешнего ключа таблицы `cart_items`
--
ALTER TABLE `cart_items`
  ADD CONSTRAINT `fk_cart_items_cart` FOREIGN KEY (`cart_id`) REFERENCES `carts` (`id`) ON DELETE CASCADE,
  ADD CONSTRAINT `fk_cart_items_menu_item` FOREIGN KEY (`menu_item_id`) REFERENCES `menu_items` (`id`) ON DELETE CASCADE;

--
-- Ограничения внешнего ключа таблицы `email_verification_codes`
--
ALTER TABLE `email_verification_codes`
  ADD CONSTRAINT `fk_email_codes_user` FOREIGN KEY (`user_id`) REFERENCES `users` (`id`) ON DELETE CASCADE;

--
-- Ограничения внешнего ключа таблицы `favorites`
--
ALTER TABLE `favorites`
  ADD CONSTRAINT `fk_favorites_restaurant` FOREIGN KEY (`restaurant_id`) REFERENCES `restaurants` (`id`) ON DELETE CASCADE,
  ADD CONSTRAINT `fk_favorites_user` FOREIGN KEY (`user_id`) REFERENCES `users` (`id`) ON DELETE CASCADE;

--
-- Ограничения внешнего ключа таблицы `menu_categories`
--
ALTER TABLE `menu_categories`
  ADD CONSTRAINT `fk_menu_categories_restaurant` FOREIGN KEY (`restaurant_id`) REFERENCES `restaurants` (`id`) ON DELETE CASCADE;

--
-- Ограничения внешнего ключа таблицы `menu_items`
--
ALTER TABLE `menu_items`
  ADD CONSTRAINT `fk_menu_items_category` FOREIGN KEY (`category_id`) REFERENCES `menu_categories` (`id`) ON DELETE CASCADE,
  ADD CONSTRAINT `fk_menu_items_restaurant` FOREIGN KEY (`restaurant_id`) REFERENCES `restaurants` (`id`) ON DELETE CASCADE;

--
-- Ограничения внешнего ключа таблицы `orders`
--
ALTER TABLE `orders`
  ADD CONSTRAINT `fk_orders_restaurant` FOREIGN KEY (`restaurant_id`) REFERENCES `restaurants` (`id`) ON DELETE CASCADE,
  ADD CONSTRAINT `fk_orders_user` FOREIGN KEY (`user_id`) REFERENCES `users` (`id`) ON DELETE CASCADE;

--
-- Ограничения внешнего ключа таблицы `order_items`
--
ALTER TABLE `order_items`
  ADD CONSTRAINT `fk_order_items_menu_item` FOREIGN KEY (`menu_item_id`) REFERENCES `menu_items` (`id`) ON DELETE SET NULL,
  ADD CONSTRAINT `fk_order_items_order` FOREIGN KEY (`order_id`) REFERENCES `orders` (`id`) ON DELETE CASCADE;

--
-- Ограничения внешнего ключа таблицы `password_reset_tokens`
--
ALTER TABLE `password_reset_tokens`
  ADD CONSTRAINT `fk_password_tokens_user` FOREIGN KEY (`user_id`) REFERENCES `users` (`id`) ON DELETE CASCADE;

--
-- Ограничения внешнего ключа таблицы `restaurant_category_links`
--
ALTER TABLE `restaurant_category_links`
  ADD CONSTRAINT `fk_rcl_category` FOREIGN KEY (`category_id`) REFERENCES `restaurant_categories` (`id`) ON DELETE CASCADE,
  ADD CONSTRAINT `fk_rcl_restaurant` FOREIGN KEY (`restaurant_id`) REFERENCES `restaurants` (`id`) ON DELETE CASCADE;

--
-- Ограничения внешнего ключа таблицы `reviews`
--
ALTER TABLE `reviews`
  ADD CONSTRAINT `fk_reviews_restaurant` FOREIGN KEY (`restaurant_id`) REFERENCES `restaurants` (`id`) ON DELETE CASCADE,
  ADD CONSTRAINT `fk_reviews_user` FOREIGN KEY (`user_id`) REFERENCES `users` (`id`) ON DELETE CASCADE;

--
-- Ограничения внешнего ключа таблицы `user_addresses`
--
ALTER TABLE `user_addresses`
  ADD CONSTRAINT `fk_user_addresses_user` FOREIGN KEY (`user_id`) REFERENCES `users` (`id`) ON DELETE CASCADE;
COMMIT;

/*!40101 SET CHARACTER_SET_CLIENT=@OLD_CHARACTER_SET_CLIENT */;
/*!40101 SET CHARACTER_SET_RESULTS=@OLD_CHARACTER_SET_RESULTS */;
/*!40101 SET COLLATION_CONNECTION=@OLD_COLLATION_CONNECTION */;
